-- phpMyAdmin SQL Dump
-- version 4.2.12deb2+deb8u2
-- http://www.phpmyadmin.net
--
-- Host: localhost
-- Generation Time: Aug 27, 2018 at 01:51 AM
-- Server version: 5.5.60-0+deb8u1
-- PHP Version: 5.6.33-0+deb8u1

SET SQL_MODE = "NO_AUTO_VALUE_ON_ZERO";
SET time_zone = "+00:00";


/*!40101 SET @OLD_CHARACTER_SET_CLIENT=@@CHARACTER_SET_CLIENT */;
/*!40101 SET @OLD_CHARACTER_SET_RESULTS=@@CHARACTER_SET_RESULTS */;
/*!40101 SET @OLD_COLLATION_CONNECTION=@@COLLATION_CONNECTION */;
/*!40101 SET NAMES utf8 */;

--
-- Database: `bd_promotores`
--

-- --------------------------------------------------------

--
-- Table structure for table `areas_objetivas`
--

CREATE TABLE IF NOT EXISTS `areas_objetivas` (
`id` int(11) NOT NULL,
  `id_periodo` int(11) NOT NULL,
  `id_colegio` int(11) NOT NULL,
  `id_materia` int(11) NOT NULL,
  `id_grado` int(11) NOT NULL,
  `id_libro_eureka` int(11) NOT NULL
) ENGINE=InnoDB AUTO_INCREMENT=68 DEFAULT CHARSET=utf8 COLLATE=utf8_spanish_ci;

--
-- Dumping data for table `areas_objetivas`
--

INSERT INTO `areas_objetivas` (`id`, `id_periodo`, `id_colegio`, `id_materia`, `id_grado`, `id_libro_eureka`) VALUES
(1, 1, 1, 1, 1, 0),
(2, 1, 2, 3, 1, 0),
(3, 1, 16, 8, 12, 2121),
(4, 1, 23, 7, 12, 0),
(5, 1, 28, 2, 15, 0),
(6, 1, 36, 3, 15, 0),
(7, 1, 35, 2, 16, 0),
(8, 1, 38, 3, 9, 0),
(9, 1, 38, 3, 10, 0),
(10, 1, 38, 3, 11, 0),
(11, 1, 38, 3, 12, 0),
(12, 1, 39, 7, 15, 0),
(13, 1, 41, 4, 15, 0),
(14, 1, 40, 3, 3, 0),
(15, 1, 40, 3, 4, 0),
(16, 1, 40, 3, 5, 0),
(17, 1, 40, 3, 6, 0),
(18, 1, 40, 3, 7, 0),
(19, 1, 40, 3, 8, 0),
(20, 1, 40, 3, 13, 0),
(21, 1, 40, 3, 14, 0),
(22, 1, 40, 2, 3, 0),
(23, 1, 42, 4, 16, 0),
(24, 1, 45, 2, 4, 0),
(25, 1, 45, 4, 4, 0),
(26, 1, 45, 4, 5, 0),
(27, 1, 45, 4, 6, 0),
(28, 1, 46, 4, 9, 0),
(29, 1, 46, 4, 10, 0),
(30, 1, 46, 4, 11, 0),
(31, 1, 113, 4, 7, 0),
(32, 1, 114, 3, 2, 0),
(33, 1, 121, 4, 12, 0),
(34, 1, 128, 4, 13, 0),
(35, 1, 128, 4, 14, 0),
(36, 1, 128, 10, 15, 0),
(37, 1, 139, 9, 15, 0),
(38, 1, 139, 9, 15, 0),
(39, 1, 140, 4, 8, 0),
(40, 1, 201, 3, 5, 0),
(41, 1, 24, 1, 5, 0),
(42, 1, 24, 2, 5, 0),
(43, 1, 24, 2, 3, 0),
(44, 1, 24, 2, 7, 0),
(45, 1, 24, 2, 4, 1111),
(46, 2, 24, 2, 6, 0),
(47, 2, 108, 2, 4, 0),
(48, 2, 108, 7, 15, 0),
(49, 2, 39, 4, 5, 0),
(50, 2, 24, 2, 8, 46),
(51, 2, 121, 6, 7, 93),
(52, 2, 36, 2, 4, 47),
(53, 2, 163, 2, 5, 43),
(54, 1, 163, 3, 5, 4),
(55, 2, 39, 2, 4, 42),
(56, 2, 39, 3, 15, 151),
(57, 2, 24, 2, 16, 160),
(58, 2, 24, 3, 15, 243),
(59, 2, 24, 4, 5, 27),
(60, 2, 24, 5, 5, 86),
(61, 2, 104, 2, 4, 42),
(62, 2, 104, 3, 16, 154),
(63, 2, 292, 2, 15, 159),
(64, 2, 292, 2, 16, 162),
(65, 2, 292, 3, 4, 3),
(66, 2, 293, 2, 9, 52),
(67, 2, 293, 2, 15, 158);

-- --------------------------------------------------------

--
-- Table structure for table `cargos`
--

CREATE TABLE IF NOT EXISTS `cargos` (
`id` int(11) NOT NULL,
  `cargo` varchar(100) COLLATE utf8_spanish_ci NOT NULL
) ENGINE=InnoDB AUTO_INCREMENT=11 DEFAULT CHARSET=utf8 COLLATE=utf8_spanish_ci;

--
-- Dumping data for table `cargos`
--

INSERT INTO `cargos` (`id`, `cargo`) VALUES
(1, 'Propietario'),
(2, 'Rector'),
(3, 'Coordinador académico'),
(4, 'Coordinador de convivencia'),
(5, 'Jefe de área'),
(6, 'Profesor'),
(7, 'Bibliotecologo'),
(8, 'Secretaria'),
(9, 'Asistente'),
(10, 'Otro');

-- --------------------------------------------------------

--
-- Table structure for table `colegios`
--

CREATE TABLE IF NOT EXISTS `colegios` (
`id` int(11) NOT NULL,
  `codigo` varchar(11) COLLATE utf8_spanish_ci NOT NULL,
  `colegio` varchar(100) COLLATE utf8_spanish_ci NOT NULL,
  `direccion` varchar(100) COLLATE utf8_spanish_ci NOT NULL,
  `barrio` varchar(100) COLLATE utf8_spanish_ci NOT NULL,
  `telefono` varchar(20) COLLATE utf8_spanish_ci NOT NULL,
  `web` varchar(100) COLLATE utf8_spanish_ci NOT NULL,
  `cumpleaños` date NOT NULL,
  `cod_zona` varchar(8) COLLATE utf8_spanish_ci NOT NULL,
  `id_usuario` int(11) NOT NULL,
  `fecha_creacion` timestamp NOT NULL DEFAULT CURRENT_TIMESTAMP ON UPDATE CURRENT_TIMESTAMP
) ENGINE=InnoDB AUTO_INCREMENT=294 DEFAULT CHARSET=utf8 COLLATE=utf8_spanish_ci;

--
-- Dumping data for table `colegios`
--

INSERT INTO `colegios` (`id`, `codigo`, `colegio`, `direccion`, `barrio`, `telefono`, `web`, `cumpleaños`, `cod_zona`, `id_usuario`, `fecha_creacion`) VALUES
(24, '1-81433449', 'COLEGIO DE PRUEBA 1', 'CRA 16 No 16-16', 'KENEDY', '2251714', '', '2018-02-07', '12345678', 2, '2018-07-05 03:45:18'),
(27, '1-90809640', 'Colegio ABC', 'hudfsbdjsbdfbo', 'ygyfyfyfy', '57646', '', '0000-00-00', '12345678', 2, '2018-05-18 21:57:21'),
(28, '1-60416153', 'Colegio Anglo Americano', 'Calle 170 N° 8-80', 'La Uribe', '6694189', '', '0000-00-00', '3463252', 4, '2018-05-21 22:57:34'),
(29, '1-41872796', 'Colegio Corazonistas Norte', 'Calle 200 N° 60-00', 'Arrayanes', '6683360', '', '0000-00-00', '3463252', 4, '2018-05-21 23:20:44'),
(30, '1-67146992', 'Gimnasio San Angelo', 'Calle 226 N° 53-46', 'Arrayanes', '6686555', '', '0000-00-00', '3463252', 4, '2018-05-21 23:35:59'),
(31, '1-72246896', 'Colegio Nueva York', 'Calle 227 N° 49-64', 'Arrayanes', '6684890', '', '0000-00-00', '3463252', 4, '2018-05-22 00:07:10'),
(32, '1-32582043', 'Colegio Nueva Inglaterra', 'Calle 218 N° 50-60', 'Arrayanes', '6760788', '', '0000-00-00', '3463252', 4, '2018-05-22 00:17:55'),
(33, '1-68558155', 'Colegio Calazans Norte', 'Carreta 20 N° 173A- 10', 'La Uribe', '6730992', '', '0000-00-00', '3463252', 4, '2018-05-22 00:39:50'),
(34, '1-82997229', 'COLEGIO INMACULADO CORAZON DE MARIA', 'K 80 I N 65-55 SUR', 'Bosa Jimenez', '5756619', '', '0000-00-00', '02038200', 6, '2018-05-23 15:11:19'),
(35, '1-06203680', 'Instituto Susana Wesley', 'Calle 91 a Sur #14 a -50', 'Tenerife', '7612725', 'No tiene', '1993-03-03', '87654321', 3, '2018-05-25 16:17:18'),
(36, '1-034683', 'Centro Educativo Asosiervas', 'Calle  135 No.  91 A 30', 'Villa Elisa Suba', '6813172', '', '0000-00-00', '83028202', 5, '2018-05-29 20:17:20'),
(37, '1-6787062', 'PARROQUIAL NUESTRA SEÑORA DEL ROSARIO', 'CALEE 23 G #111-96', 'VERSALLES', '2983585', '', '0000-00-00', '03736282', 7, '2018-05-29 20:36:09'),
(38, '1-27782926', 'Gimnasio Academico Regional', 'Carrera 108A  No.139-26', 'Las Flores Suba', '6883083', 'www.gimnasioacademicoregional.edu.co', '0000-00-00', '83028202', 5, '2018-05-29 20:38:04'),
(39, '1-0096517', 'liceo Psicopedagogico Paraíso Infantil', 'Calle 102 sur # 5 - 14 este', 'Lorenzo Alcantuz', '7613797', 'No tiene', '2018-02-02', '87654321', 3, '2018-05-29 20:43:15'),
(40, '1-7307241', 'Liceo Pedagógico Catherblanc', 'CL 155 D 98 45', 'Tuna baja suba', '6833561 -- 6811296', '', '0000-00-00', '83028202', 5, '2018-05-29 21:05:25'),
(41, '1-1140442', 'Colegio Solis', 'Calle 19 sur # 5-29', 'Primera De Mayo', '8043073', 'No tiene', '2018-11-10', '87654321', 3, '2018-05-29 21:06:53'),
(42, '1-3272079', 'Santa Teresa De Jesus', 'Carrera 99 # 19 -72 ', 'Fontibon', '2671834', 'www.colsonter.edu.co', '2018-09-07', '87654321', 3, '2018-05-29 21:40:38'),
(43, '1-7035932', 'Colegio Agustiniano Tagaste', 'Carrera 88 # 11 a -21', 'Tintal', '4193180', 'agustinianotagaste.edu.co', '2018-11-14', '87654321', 3, '2018-05-29 21:55:44'),
(44, '1-922013', 'Liceo Juvenil Moravia', 'Carrera 137A # 17D-31', 'Puente Grande', '5486964', '', '2018-05-29', '03736282', 7, '2018-05-29 22:03:19'),
(45, '1-0592575', 'Colegio Agustiniano Tagaste', 'Carrera 88 # 11 a -21', 'Tintal', '4193180', 'agustinianotagaste.edu.co', '2018-11-15', '87654321', 3, '2018-05-29 22:03:33'),
(46, '1-60103180', 'Santa Teresa De Jesus', 'Carrera 99 # 19 -72 ', 'Fontibon', '2671834', 'www.colsonter.edu.co', '2018-10-27', '87654321', 3, '2018-05-29 22:13:46'),
(47, '1-6729302', 'Instituto Psicopedagogico El Calpulli', 'Calle 18A # 121-06', 'San Pedro', '2676206', '', '0000-00-00', '03736282', 7, '2018-05-29 22:20:20'),
(48, '1-35143029', 'Colegio Hogar de Nazareth', 'Calle 142 No. 114 C - 11', 'Puerta del sol suba', '6877813', 'www.colegiohogardenazareth.com.co', '0000-00-00', '83028202', 5, '2018-05-29 22:20:43'),
(49, '1-6661973', 'Gimnasio Mixto Manuel del Socorro Rodriguez', 'CALLE. 157BIS NO. 94-05', 'salitre suba', '6839499 / 6856054/74', 'www,gimnasiomanueldelsocorrorodriguez.edu.co', '0000-00-00', '83028202', 5, '2018-05-29 22:43:24'),
(50, '1-915946', 'Colegio Cafam', 'Avenida Karrera 68 No. 68 64 45', 'Bosque Popular', '4378999', 'www.portalcolegio.com', '0000-00-00', '83028202', 5, '2018-05-29 23:05:05'),
(51, '1-721639', 'Colegio San jorge de Fontibon (Santa Juana de Chantal)', 'Carrera 98 # 16D-57', 'Fontibon', '5438463', '', '0000-00-00', '03736282', 0, '2018-05-29 23:20:17'),
(52, '1-782872', 'Colegio San jorge de Fontibon (Santa Juana de Chantal)', 'Carrera 98 # 16D-57', 'Fontibon', '5438463', '', '0000-00-00', '03736282', 7, '2018-05-29 23:23:02'),
(53, '1-843272', 'Psicopedagogico Infantil La Aldea', 'carrera 117A # 31C-21', 'La Aldea', '2676877', '', '0000-00-00', '03736282', 7, '2018-05-29 23:35:04'),
(54, '1-1501821', 'Colegio Acoinprev', 'CL 125 95 A 63', 'rincon suba', '6829367 / 6921318 / ', 'www.colegioacoinprev.com.', '0000-00-00', '83028202', 5, '2018-05-29 23:42:31'),
(55, '1-90748686', 'Liceo de Ciencia y Cultura Harvard', '	Carrera 106  No. 151 65 suba - corpas', 'corpas', '6815129', 'www.liceodecienciayculturaharvard.com', '0000-00-00', '83028202', 5, '2018-05-29 23:54:33'),
(56, '1-1618562', 'Colegio Bilingue Nueva Alejandria', 'Calle 25D # 80C-05', 'Modelia', '2632036', '', '0000-00-00', '03736282', 7, '2018-05-30 00:03:24'),
(57, '1-3697012', 'Colegio Bilingue San Juan de Avila', 'Kilometro 5 via suba cota vereda chorrillos', 'Vereda Chorrilos', '6808620', 'www..colsanjuandeavila.edu.co', '0000-00-00', '83028202', 5, '2018-05-30 00:14:00'),
(58, '1-8360263', 'Liceo de Ciencia y Cultura Harvard', 'KR 106 151 65', 'Via suba cota', '	6815129', 'www.liceodecienciayculturaharvard.com', '0000-00-00', '83028202', 5, '2018-05-30 00:17:24'),
(59, '1-0420', 'Colegio Bilingue San Juan de Avila', ' KM 5 VIA SUBA - COTA ', 'Vereda Chorrilos', '6806280', 'www.colsanjuandeavila.edu.co', '0000-00-00', '83028202', 5, '2018-05-30 00:30:56'),
(60, '1-8923936', 'Gimnasio Moderno Generación del Futuro', ' Carrera  114  No.152 D 63 ', 'Almendros de suba', '6240917/ 6240918 /53', 'generacionelfuturo@hotmail.com', '0000-00-00', '83028202', 5, '2018-05-30 00:44:47'),
(61, '1-3823181', 'Colegio Nueva Verona Ltda', 'Cra 147 No.132B-06', 'LISBOA SUBA', '	5364679', '', '0000-00-00', '83028202', 5, '2018-05-30 00:59:36'),
(62, '1-450317', 'Liceo Pedagogico Carlos Andres', 'Carrera 71 # 64H-05', 'La Europa', '4381965', '', '0000-00-00', '03736282', 0, '2018-05-30 01:15:22'),
(63, '1-80062882', 'Liceo Pedagogico Carlos Andres', 'Carrera 71 # 64H-05', 'La Europa', '4381965', '', '0000-00-00', '03736282', 7, '2018-05-30 01:16:57'),
(64, '1-53383366', 'Liceo Moderno Mis Compañeritos', 'Calle 20C # 96I-40', 'Fontibon', '2670095', '', '0000-00-00', '03736282', 7, '2018-05-30 01:25:44'),
(65, '1-5479487', 'Gimnasio Tundama', 'Carrera 69I # 68-29', 'La Estrada', '2400001', '', '0000-00-00', '03736282', 7, '2018-05-30 01:33:52'),
(66, '1-87724167', 'Liceo Bonanza Siglo XXI', 'Calle 75 # 70-18', 'Bonanza', '2502734', '', '0000-00-00', '03736282', 7, '2018-05-30 01:50:44'),
(67, '1-3480066', 'Jardin Infantil Osito de Milel', 'Carrera 77B # 34-44', 'Modelia', '2951409', '', '0000-00-00', '03736282', 7, '2018-05-30 18:37:20'),
(68, '1-149638', 'Colegio  El Minuto de Dios', 'Transversal 74 No. 81C -  05', 'Minuto de Dios', '5082230 -- 5082231', 'www.colegiosminutodedios.edu.co', '0000-00-00', '83028202', 5, '2018-05-30 18:43:17'),
(69, '1-8762272', 'Colegio Jesus Maestro', 'Calle 18 # 114A-07', 'Fontibon', '2981479', '', '0000-00-00', '03736282', 7, '2018-05-30 18:45:03'),
(70, '1-1246069', 'Colegio Alvernia', 'Transversal 77 No.162-55', 'Casa Blanca Suba', '6921335', 'www.colegioalvernia.edu.co', '0000-00-00', '83028202', 5, '2018-05-30 18:53:42'),
(71, '1-9374042', 'Colegio Universidad LIbre', 'Carrera 66A # 53-40', 'Normandia', '4232700', '', '0000-00-00', '03736282', 7, '2018-05-30 18:56:02'),
(72, '1-650459', 'Colegio Divino Salvador', 'Carrera 75 N. 162-05', 'Suba casa blanca', '6815360 /5635', '', '0000-00-00', '83028202', 5, '2018-05-30 18:58:25'),
(73, '1-45671327', 'Gimnasio Artistico de Suba', 'Carrera 104 No.140-05', 'suba las flores', '5359845', 'www.gimnasioartisticodesuba.edu.co', '0000-00-00', '83028202', 5, '2018-05-30 19:05:05'),
(74, '1-86110165', 'Institucion Educativa Compartir Suba', 'Carrera 128 No.146-52', 'Suba compartir', '6971161/6970024', '', '0000-00-00', '83028202', 5, '2018-05-30 19:16:36'),
(75, '1-5786232', 'Gimnasio Antonio Arboleda', 'Transversal 96 No. 88a-09', 'Quirigua', '2281530', '', '0000-00-00', '83028202', 5, '2018-05-30 19:25:39'),
(76, '1-48257828', 'Colegio Acoinprev', 'Calle  125  No.95 A 63', 'Suba rincon', '	6829367 / 6921318 /', 'www.colegioacoinprev.com.', '0000-00-00', '83028202', 5, '2018-05-30 19:31:36'),
(77, '1-14826220', 'Colegio Acoinprev', 'Calle 125 No.95 A 63', 'Suba rincon', '6829367 / 6921318 / ', 'www.colegioacoinprev.com', '0000-00-00', '83028202', 5, '2018-05-30 21:45:06'),
(78, '1-0156781', 'colegio reuven feurstein', 'Carrera  100 B No.153 85', 'Suba salitre', '5370405 -- 5364766', '', '0000-00-00', '83028202', 5, '2018-05-30 22:03:03'),
(79, '1-9297115', 'Gimnasio Montreal', 'Carrera  92 No.156 -  89', 'Suba salitre', '6815934 / 6805479', '', '0000-00-00', '83028202', 5, '2018-05-30 22:12:18'),
(80, '1-97188186', 'Liceo Hypatia', 'Calle 153  No. 92  - 60', 'Suba salitre', '6813699 / 6842636 / ', 'www.liceohypatia.edu.co', '0000-00-00', '83028202', 5, '2018-05-30 22:23:02'),
(81, '1-129126', 'Gimnasio Cristiano Adonai', 'Carrera 72  No.181 -  85', 'San Jose de Bavaria', '6721499 -- 6788797', 'www.gcadonai.com', '0000-00-00', '83028202', 5, '2018-05-30 22:37:13'),
(82, '1-47001213', 'INSTTITUTO EDUCACION Y VIDA', 'Calle  153 No. 92 -  80', 'Suba pinar', '6815248', 'www.eduvida.com.co', '0000-00-00', '83028202', 5, '2018-05-30 23:45:01'),
(83, '1-481973', 'Centro Educativo Los Andes - Almendros', 'Carrera114B No.152F - 03', 'Suba almendros', '6925170', 'www.centroandesalmendros.edu.co', '0000-00-00', '83028202', 5, '2018-05-30 23:53:18'),
(84, '1-2498187', 'Liceo San Martin', 'Carrera 128 No.145-05', 'Suba compartir', '6870187', '', '0000-00-00', '83028202', 5, '2018-05-30 23:58:54'),
(85, '1-337589', 'LICEO GLOBERTH MIXTO', 'CL 128 88 D 02', 'Suba rincon', '	5351908 -- 6813234', 'liceogloberth@hotmail.com', '0000-00-00', '83028202', 5, '2018-05-31 00:02:37'),
(86, '1-32285805', 'Colegio Madre Pilar Izquierdo', 'Carrera 92 No.150A - 96', 'Suba pinar', '6922623', 'www..colegiomadrepilar.edu.co', '0000-00-00', '83028202', 5, '2018-05-31 00:08:59'),
(87, '1-28978260', 'Colegio Montessori de Normandia', 'Carrera 75 # 52A-80', 'Normandia', '2632519', '', '0000-00-00', '03736282', 7, '2018-05-31 02:17:03'),
(88, '1-6463832', 'Colegio Sicopedagogico Fontibon', 'Calle 17B # 107-52', 'Fontibon', '4154597  /  4154468', 'www.colegiosicopedagogico,edu.co', '0000-00-00', '03736282', 7, '2018-05-31 02:25:38'),
(89, '1-73414389', 'Jardin Psiocopedagogico Carrusel Del Saber Jugando (col. Centenario)', 'Carrera 105C # 16F-44', 'Fontibon', '4131053', '', '0000-00-00', '03736282', 7, '2018-05-31 02:43:30'),
(90, '1-66659034', 'Colegio Agustiniano Ciudad Salitre', 'Calle 28C # 69B-01', 'Ciudad Salitre', '4272365', '', '0000-00-00', '03736282', 7, '2018-05-31 03:03:58'),
(91, '1-0729939', 'Colegio San Pedro Claver', 'Calle22H # 100-82', 'Fontibon', '4151343', 'www.colsanpedro.com', '0000-00-00', '03736282', 7, '2018-05-31 11:51:54'),
(92, '1-8458765', 'Liceo Infantil El Mundo del niño feliz', 'Calle 22G # 118-26', 'La Aldea', '2989793', '', '0000-00-00', '03736282', 7, '2018-05-31 12:03:10'),
(93, '1-31471745', 'Colegio Santa Ana de Fontibon', 'Carrera 103B # 18-41', 'Fontibon', '2670543', 'www.colegiosantaana.edu.co', '0000-00-00', '03736282', 7, '2018-05-31 12:10:16'),
(94, '1-42030426', 'Liceo Nuestra Señora De Aranzazu', 'Carrera 107 # 20B-21', 'Fontibon', '4674455', '', '0000-00-00', '03736282', 7, '2018-05-31 12:29:10'),
(95, '1-98600392', 'Liceo Maria Leonza', 'Carrera 108 # 17B-80', 'Fontibon', '2673832 / 5489742', '', '0000-00-00', '03736282', 7, '2018-05-31 12:41:00'),
(96, '1-82358735', 'Liceo Moderno Mundo Net', 'Carrera 106 # 19-32', 'Fontibon', '2676842 / 5454932', 'www.liceomodernomundonet.com', '0000-00-00', '03736282', 7, '2018-05-31 12:54:34'),
(97, '1-78670297', 'Colegio Parroquial Rincon De Suba', 'Calle  124 No.  94 -02', 'Suba rincon', '6804620', 'colparrincon.wixsite.com/colegioparroquialrs', '0000-00-00', '83028202', 5, '2018-05-31 13:59:47'),
(98, '1-4137300', 'COLEGIO  NUEVO SAN LUIS GONZAGA', '	Carrera  92  No. 150 -  61', 'Suba Pinar', '6833554 / 6815208 / ', 'www.colegioNuevosanluisgonzaga.com', '0000-00-00', '83028202', 5, '2018-05-31 14:15:01'),
(99, '1-63258451', 'Liceo La Nueva Estancia de Suba', 'Carrera  132  NO. 132  - 63', 'Suba La Toscana', '	6909107 -- 6905456', 'www.nuevaestanciasuba.edu.co', '0000-00-00', '83028202', 5, '2018-05-31 14:22:19'),
(100, '1-863173', 'COLEGIO INTEGRADO EDUARDO CABALLERO CALDERON', 'CL 132 D BIS 132 08', 'Suba La Toscana', '6890458 -- 6900264', '', '0000-00-00', '83028202', 5, '2018-05-31 14:27:49'),
(101, '1-348119', 'Liceo Los Angeles suba', 'CALL. 136  NO.93A-33', 'Suba villa elisa', '	6843345 /5382521', '', '0000-00-00', '83028202', 5, '2018-05-31 14:35:45'),
(102, '1-9533213', 'Instituto Richard Antonio', '	CL 89 95 F 78 IN 107', 'Quirigua', '5364751 -- 321305861', '', '0000-00-00', '83028202', 5, '2018-05-31 15:18:50'),
(103, '1-42440052', 'Instituto Richard Antonio', '	CL 89 95 F 78 IN 107', 'Quirigua', '5364751 -- 321305861', '', '0000-00-00', '83028202', 5, '2018-05-31 15:18:50'),
(104, '1-005720', 'Colegio Agustiniano Suba', 'S', 'S', 'u', '', '0000-00-00', '83028202', 5, '2018-05-31 15:23:47'),
(105, '1-71827607', 'Colegio Agustiniano Suba', 'Carrera 90  No.146 C 40', 'Suba centro', '6825940 / 6815627', 'agustinianosuba.edu.co', '0000-00-00', '83028202', 5, '2018-05-31 15:26:31'),
(106, '1-829778', 'Colegio Eucartistico Mercedario', 'Carrera  91  No. 136 - 53', 'Suba centro', '6815123 / 6818505', 'www.colegioeucaristico.edu.co', '0000-00-00', '83028202', 5, '2018-05-31 15:33:26'),
(107, '1-759474', 'COLEGIO PEDAGOGICO NASEM', 'cARRERA 94 B  No.78 A -  09', 'Quirigua', '2276769', '', '0000-00-00', '83028202', 5, '2018-05-31 15:38:45'),
(108, '1-01409621', 'Colegio Jose Joaquin Castro Martinez', 'AV. CORPAS KM. 3 TUNA BAJA SUBA', 'Corpas', '6825423 -- 6825218', 'www.jjcastromartinez.edu.co', '0000-00-00', '83028202', 5, '2018-05-31 15:43:05'),
(109, '1-6842193', 'Colegio Margarita Bosco (CENT CIAL DE EDUC MEDIA MARGARITA BOSCO)', 'AC 63 73 A 44', 'Villa luz', '7431279', 'www.colegiomargaritab.com', '0000-00-00', '83028202', 5, '2018-05-31 15:50:25'),
(110, '1-6811063', 'COLEGIO  JONATHAN SWIFT', 'KR 90 163 30', 'Suna tuna alta', '	6818191', 'www.colegiojonathanswift.edu.co', '0000-00-00', '83028202', 5, '2018-05-31 15:57:13'),
(111, '1-20836448', 'Centro Educativo Los Andes - Aures', '	CALLE 127 A  No.104 B - 96', 'Suba Aures', '6882842 / 6883021/ 6', 'www.centroandesaures.edu.co', '0000-00-00', '83028202', 5, '2018-05-31 16:06:53'),
(112, '1-13067917', 'Colegio San Patricio', 'KR 80 137 02', 'suba casa blanca', '6838640 -- 6815357', 'www.colegiodesanpatricio.edu.co', '0000-00-00', '83028202', 5, '2018-05-31 16:15:06'),
(113, '1-03821888', 'GIMNASIO BILINGÜE OBREGON', 'Calle 62 Sur Nº 67-19', 'Madelena', '2385969', '', '2018-02-05', '02038200', 6, '2018-05-31 18:00:10'),
(114, '1-393493', 'INSTITUTO TECNOLOGICO LOS ANDES', 'CLL 11 # 1 - 35 Este', 'Soacha El Libertador', '7227485', '', '2018-09-15', '02038200', 6, '2018-05-31 18:22:40'),
(115, '1-7551921', 'LICEO EL GRAN VIRREY', 'CALLE 70 D BIS A No.  105 A - 63', 'Alamos', '7568460', 'www.liceogranvirrey.com', '0000-00-00', '83028202', 5, '2018-05-31 18:29:10'),
(116, '1-1222092', 'COLEGIO SAN JUAN DE AVIILA', 'KR 100 B 75 B 05', 'Alamos', '2281625 / 4424205/22', 'colsanjuandeavila.edu.co/', '0000-00-00', '83028202', 5, '2018-05-31 18:36:44'),
(117, '1-9561536', 'COLEGIO SAN NICOLAS DE TOLENTINO', 'Carrera  94  No. 127 A  - 7 9', 'Suba rincon', '6855430', 'Colegio San Nicolas de Tolentino - Bogotá www.colegiosannico.edu.co', '0000-00-00', '83028202', 5, '2018-05-31 18:41:20'),
(118, '1-98205527', 'Colegio Santiago Mayor', 'CALLE  175 No. 72 35', 'San Jose de Bavaria', '4672565 -- 4372566', 'https://colegiosantiagomayor.edu.co', '0000-00-00', '83028202', 5, '2018-05-31 19:14:30'),
(119, '1-36995043', 'COLEGIO  LAUSANA', 'CALLE  182  No.69 -  30', 'San Jose de Bavaria', '6784641/ 6699416', 'www.colegiolausana.edu.co', '0000-00-00', '83028202', 5, '2018-05-31 19:21:32'),
(120, '1-59382858', 'LICEO CULTURAL ENRIQUE OSORIO', 'Cll 71 Sur # 87n-15', 'Bosa San Bernardino', '7843625 3142', 'liceoleo.com/biblioteca.htm', '2018-04-30', '02038200', 6, '2018-05-31 20:03:06'),
(121, '1-020110', 'COLEGIO CLARETIANO', 'Cll 59B  # 88 I-02 Sur', 'Bosa Centro', 'Bosa Centro', 'secretaria@claretiano.edu.co', '2018-04-07', '02038200', 6, '2018-05-31 20:11:12'),
(122, '1-6380098', 'COLEGIO NUEVA CANDELARIA', 'CLL  59b # 45-08 sur', 'Arbolizadora Baja', '7161609', 'colnvacandelaria2007@yahoo.es,', '2018-10-24', '02038200', 6, '2018-05-31 20:22:31'),
(123, '1-91027703', 'GIMNASIO GARABATOS DE COLORES', 'Cll 65G Sur # 79B-20', 'Bosa Jimenez', '777 5 4 5 2', ' garabatosoffcolors@hotmail.com, ,', '2018-08-27', '02038200', 6, '2018-05-31 20:37:47'),
(124, '1-42659228', 'COLEGIO  MIGUEL DE CERVANTES SAAVEDRA', 'Cll 7 Nº 11-61', 'Leon XIII', '7750898', '', '2018-06-07', '02038200', 6, '2018-05-31 20:40:26'),
(125, '1-4470224', 'CENTRO EDUCATIVO EL CASTILLO SAN MATEO', 'CLL31A # 5-04 Este', 'San Mateo', '7266932', 'castillodesanmateo@hotmail.com', '2018-11-20', '02038200', 6, '2018-05-31 20:53:53'),
(126, '1-9068046', 'COLEGIO COLOMBO AMERICANO', 'Diag. 27A # 3A-71 Este', 'San Mateo', '7128547', '', '2018-05-31', '02038200', 6, '2018-05-31 21:06:57'),
(127, '1-7486925', 'GIMNASIO INFANTIL YAYITA', 'Cll 56A  # 70-07', 'Villa Del  Rio ', '204 73 69', '', '0000-00-00', '02038200', 6, '2018-05-31 21:14:21'),
(128, '1-81134', 'Instituto Psicopedagogico Integral IPSI', 'Calle 48 J sur # 5h -08', 'Antonio Morales', '5689878', 'www.colegioipsi.com', '2018-02-22', '87654321', 3, '2018-05-31 21:33:45'),
(129, '1-1108959', 'INSTITUTO CAMPESTRE SENDEROS', 'Cra1 Este # 26-40', 'San Mateo', '7223874', '', '0000-00-00', '02038200', 6, '2018-05-31 22:02:00'),
(130, '1-15373420', 'FORJADORES DEL FUTURO', 'CR 6A Este  # 32A - 09 ', 'Bosa el recreo', '7225414', '', '2018-10-01', '02038200', 6, '2018-05-31 22:03:36'),
(131, '1-67120094', 'INSTITUTO PEDAGOGICO DE SOACHA', 'CR 10 # 11-10', 'soacha', '7254348', '', '0000-00-00', '02038200', 6, '2018-05-31 22:09:24'),
(132, '1-72768209', 'INSTITUTO PEDAGOGICO DE SOACHA', 'CR 10 # 11-10', 'soacha', '7254348', '', '0000-00-00', '02038200', 6, '2018-05-31 22:09:24'),
(133, '1-4360750', 'Gimnasio Nuevo Suba', ' CALLE 143 No.92 35', 'Suba centro', '	5328281', 'https://gns.edu.co', '0000-00-00', '83028202', 5, '2018-05-31 22:10:41'),
(134, '1-68826329', 'COLEGIO MIXTO CIUDADANOS DEL FUTURO', 'Cra 88I # 58A-30', 'Bosa Brasil', '7837342', 'www.colegiomixtociudadanosdelfuturoltda.edu.co', '2018-03-12', '02038200', 6, '2018-05-31 22:15:00'),
(135, '1-34072276', 'GIMNASIO LOS SAUCES', 'Cra. 88 F Bis # 51C- 01 Sur', 'Bosa Brasil', '7838388', 'gimsau@gimsau.edu.co', '0000-00-00', '02038200', 6, '2018-05-31 22:20:23'),
(136, '1-52134417', 'LICEO LEONARDO DAVINCI', 'K 1 A ESTE N 28A-66', 'San Mateo', '7252343', '', '0000-00-00', '02038200', 6, '2018-05-31 22:22:58'),
(137, '1-67592884', 'COLEGIO MAYOR DE GALES', 'CALLE  78 A  No. 101 -  73', 'Villas de Granada', '4318478 / 4332930', 'colegiomayordegales.edu.co', '0000-00-00', '83028202', 5, '2018-05-31 22:32:35'),
(138, '1-13315511', 'LICEO NUEVOS HORIZONTES', 'CLL 56 Sur # 88F - 35', 'Bosa Libertad', '7785046', '', '2018-02-05', '02038200', 6, '2018-05-31 22:33:21'),
(139, '1-8516013', 'Liceo Avenidas De Las Americas', 'Carrera 53# 5-49', 'San Rafael', '2607308', 'Liceoavenidalasamericas.edu.co', '2018-09-07', '87654321', 3, '2018-05-31 22:34:43'),
(140, '1-816013', 'Colegio Alvaro Camargo ETB', 'Carrera 12 Bis #31-45 sur', 'Country Sur', '2396240', 'www.colegiosteb.edu.co', '2018-01-20', '87654321', 3, '2018-05-31 22:47:44'),
(141, '1-8907591', 'CALLE 143A No.120-04', 'CALLE 143A No.120-04', 'Suba sabana de tibabuyes', '6908392', '', '0000-00-00', '83028202', 5, '2018-05-31 22:50:40'),
(142, '1-57828678', 'GIMNASIO LA CIMA', 'CARRERA  112 B No. 142 -  64', 'Suba puerta del sol', '8054527 -- 8054394', 'www.gimnasiolacima.edu.co', '0000-00-00', '83028202', 5, '2018-05-31 22:58:22'),
(143, '1-24035319', 'Colegio Nueva Alianza Integral', 'Carrera 7a # 7 -60 sur', 'Nariño Sur', '3373127', 'www.colegionai.edu.co', '2018-09-29', '87654321', 3, '2018-05-31 23:05:01'),
(144, '1-2830265', 'GIMNASIO BURBUJAS DE SABIDURIA', 'CALLE 143  No.111- 82', 'Suba lombardia', '6886568', '', '0000-00-00', '83028202', 5, '2018-05-31 23:27:48'),
(145, '1-24200282', 'COLEGIOTECNOLOGICO DE SUBA', 'CALLE . 126A NO.89-68', 'Suba rincon', '6816271 / 5357696', '', '0000-00-00', '83028202', 5, '2018-05-31 23:40:31'),
(146, '1-37900261', 'GIMNASIO PSICOPEDAG SUBA', 'CARRERA 105 C 133 A - 22', 'Suba alcaparros', '6883628 / 6883582', '', '0000-00-00', '83028202', 5, '2018-05-31 23:48:59'),
(147, '1-2752760', 'COLEGIO NUEVA CIENCIA', 'CALLE 137 A No.112 A 03', 'Suba villa maria', '5374585', 'nuevaciencia.edu.co', '0000-00-00', '83028202', 5, '2018-05-31 23:55:02'),
(148, '1-07322930', 'GIMNASIO INFANTIL DAVINCI', 'Calle 143A No. 127D – 42/46/48', 'Suba sabana de tibabuyes', '690 76 00 / 300 72 8', 'Email: info@gimnasiodavinci.edu.co', '0000-00-00', '83028202', 5, '2018-06-01 00:19:39'),
(149, '1-95538671', 'INST TEC CIAL CERROS DE SUBA', 'KR 100 A 139 53', 'Suba bochalema', '6810171 /6811260', 'www.colegiocerrosdesuba.com.co', '0000-00-00', '83028202', 5, '2018-06-01 00:24:33'),
(150, '1-5555384', 'Liceo Maria Goretti', 'Carrera 104A # 22H-79', 'Fontibon', '2982774', '', '0000-00-00', '03736282', 7, '2018-06-01 02:16:44'),
(151, '1-939020', 'Colegio San Damian (Parroquial San Mateo)', 'Calle 78 # 62-41', 'San Fernando', '2503997', '', '0000-00-00', '03736282', 7, '2018-06-01 02:36:51'),
(152, '1-68055534', 'Colegio Maria Tereza', 'Carrera 27 # 68D-08', '7 de Agosto', '2485066', '', '0000-00-00', '03736282', 7, '2018-06-01 02:40:54'),
(153, '1-16598640', 'Gimnasio Campestre Marie Curie', 'Zona franca vereda San Francisco', 'Fontibon ', '4188019', '', '0000-00-00', '03736282', 7, '2018-06-01 02:44:56'),
(154, '1-76646418', 'Colegio San Felipe Neri', 'Carrera 27C # 71-80', 'San Felipe', '2251144', '', '0000-00-00', '03736282', 7, '2018-06-01 02:51:32'),
(155, '1-89199615', 'Liceo Santa Helena', 'Calle 90 # 41-18', 'Rio negro', '9069681', '', '0000-00-00', '03736282', 7, '2018-06-01 03:24:25'),
(156, '1-463735', 'Colegio San Jose de Fontibon', 'Carrera 100 # 24-60', 'Fontibon', '4133127', '', '0000-00-00', '03736282', 7, '2018-06-01 03:30:05'),
(157, '1-3372957', 'Colegio psicopedagojico villa mayor', 'carrera 35#32 -08 sur', 'villa mayor', '2031610', 'colegiopsicopedagojico.edu.co', '0000-00-00', '12345678', 2, '2018-06-01 14:20:29'),
(158, '1-04610962', 'Instituto Pedagógico Federico Balart', 'Cra 96 Bis #18-03', 'Patio Bonito', '2994954', '', '0000-00-00', '12345678', 2, '2018-06-01 14:41:22'),
(159, '1-2732755', 'Pilar del Sur', 'Cll 11 Sur # 9- 11', 'Ciudad Jardin', '2330117', '', '0000-00-00', '12345678', 2, '2018-06-01 15:00:50'),
(160, '1-6476405', 'Parroquial San Andres', 'Trav. 68 G #31- 44 Sur ', 'San andres', '2382113', '', '0000-00-00', '12345678', 2, '2018-06-01 15:07:59'),
(161, '1-0371611', 'Colegio Santo Domingo', 'Cll 38B Sur # 72P 10', 'La Oneida', '4502504', '', '0000-00-00', '12345678', 2, '2018-06-01 15:18:40'),
(162, '1-35815', 'Instituto Comercial Restrepo', 'Crr 22A 7-43 Sur', 'Restrepo', '2330014', '', '0000-00-00', '12345678', 2, '2018-06-01 15:34:39'),
(163, '1-01768281', 'Colegio Hermanas Misioneras de la Consolata', 'Crr 24B # 1D -12', 'La Fragua', '2667862', '', '0000-00-00', '12345678', 2, '2018-06-01 15:49:02'),
(164, '1-04052256', 'Liceo Nuestra Señora de Torcoroma', 'Trav. 68G 35A 15 Sur ', 'Nueva Marcella', '2040940', '', '0000-00-00', '12345678', 2, '2018-06-01 16:08:40'),
(165, '1-6419265', 'Colegio Mixto de Integracion Moderna', 'Cll. 4 #71A 41', 'MarcellaNueva', '2901653', '', '0000-00-00', '12345678', 2, '2018-06-01 16:18:15'),
(166, '1-52155975', 'Colegio Santa Luisa', 'Cra. 73 # 42G -25 Sur', 'Timiza', '4502882', '', '0000-00-00', '12345678', 2, '2018-06-01 16:25:33'),
(167, '1-26388626', 'Colegio Santa Luisa', 'Crr. 73# 42G -25 Sur', 'Timiza', '4502882', '', '0000-00-00', '12345678', 2, '2018-06-01 16:58:32'),
(168, '1-45254867', 'Liceo Samario', 'Cr. 74# 42C- 40 Sur', 'Timiza', '4532436', '', '0000-00-00', '12345678', 2, '2018-06-01 17:11:23'),
(169, '1-38827277', 'GIMNASIO REAL AMERICANO', 'CLL 62A # 91A-54', 'Bosa  Recreo', '7231953', '', '0000-00-00', '02038200', 6, '2018-06-01 17:16:08'),
(170, '1-66807611', 'Colegio de Formación integral Mundo Nuevo', 'Trav. 74 #40F -51 Sur ', 'Timiza', '4521100', '', '0000-00-00', '12345678', 2, '2018-06-01 17:18:15'),
(171, '1-54048398', 'LICEO MODERNO GRIMBEHY', 'CLL 68 Sur # 78J - 10', 'Bosa Piamonte', '77505S14', '', '0000-00-00', '02038200', 6, '2018-06-01 17:18:29'),
(172, '1-6855977', 'Colegio Naval', 'Calle 66 # 55-15', 'J. Vargas', '2500435', '', '0000-00-00', '03736282', 7, '2018-06-01 17:19:16'),
(173, '1-45327303', 'LICEO Y JARDIN INFANTIL FANTASIAS DE PIOLIN', 'CLL 69D Sur # 79-11', 'Bosa Naranjos', '7758465', '', '0000-00-00', '02038200', 6, '2018-06-01 17:19:57'),
(174, '1-057126', 'LICEO ANTONIO TOLEDO', 'CLL 70 Sur # 77J - 55', 'Bosa Despensa', '778 62 48', '', '0000-00-00', '02038200', 6, '2018-06-01 17:22:02'),
(175, '1-2247514', 'INSTITUTO GUIMARC', 'CLL 71C Sur No 77M - 53 sur', 'Bosa Despensa', '7783919', '', '0000-00-00', '02038200', 6, '2018-06-01 17:23:22'),
(176, '1-0450547', 'MILITAR SOCIAL COMPARTIR', 'carrera 13 7-98', ' Soacha Compartir', '7211210', '', '0000-00-00', '02038200', 6, '2018-06-01 17:26:32'),
(177, '1-59884172', 'Colegio Madre Adela', 'Carrera 84 # 69A-98', 'La Clarita', '2233139', '', '0000-00-00', '03736282', 7, '2018-06-01 17:27:31'),
(178, '1-5311321', 'GIMNASIO SANTA ANA', 'carrera  6 # 1A-51', 'soacha', '7228933', ' ', '0000-00-00', '02038200', 6, '2018-06-01 17:28:26'),
(179, '1-85347884', 'COMPARTIR TINTAL', 'Carrera  91 # 43 - 98 Sur', 'Bosa Porvenir', '7851349', '', '0000-00-00', '02038200', 6, '2018-06-01 17:29:58'),
(180, '1-8176678', 'Colegio Moderno Americano', 'Calle 69 # 15-40', 'Cocepcion Norte', '2126495', '', '0000-00-00', '03736282', 7, '2018-06-01 17:31:54'),
(181, '1-84411043', 'Gimnasio PsicoPedagógico Maria Isabel', 'Diagonal 5# 70C -12', 'Las Americas', '2608602', '', '0000-00-00', '12345678', 2, '2018-06-01 17:34:30'),
(182, '1-43515361', 'Colegio Jean de la Fontaine', 'Carrera 75 # 25D-05', 'Modelia', '5470692', '', '0000-00-00', '03736282', 7, '2018-06-01 17:36:24'),
(183, '1-862603', 'Instituto Santa Ines', 'Carrera 46 # 71-85', 'San Fernado', '2319669', '', '0000-00-00', '03736282', 7, '2018-06-01 17:39:35'),
(184, '1-0893622', 'Liceo El Encuentro', 'Carrera 20 # 81-55', 'Los Heroes', '4555530 ext 1016', '', '0000-00-00', '03736282', 7, '2018-06-01 17:42:29'),
(185, '1-40240417', 'Gimnasio Infantil Creciendo y Aprendiendo', 'Crr 18 Sur # 16 -15', 'Palenque', '4484315', '', '0000-00-00', '12345678', 2, '2018-06-01 17:44:05'),
(186, '1-160381', 'Liceo Catolico', 'Carrera 22 # 77A-32', 'Colombia', '2352956 / 2170612', '', '0000-00-00', '03736282', 7, '2018-06-01 17:46:01'),
(187, '1-902725', 'Colegio nuevo gimnasio', 'Carrera 23 # 76-43', 'Colombia', '2578444', '', '0000-00-00', '03736282', 7, '2018-06-01 17:50:12'),
(188, '1-23621499', 'Unidad Educativa Jean Piaget', 'Cll 2B # 70A 57', 'Americas Occidental', '260 75 61', '', '0000-00-00', '12345678', 2, '2018-06-01 17:52:46'),
(189, '1-0174408', 'Colegio de los Andes', 'Carrera 102 # 21A-12', 'Fontibon', '2670551', 'www.colegiodelosandes.edu.co', '0000-00-00', '03736282', 7, '2018-06-01 17:56:45'),
(190, '1-0971663', 'LICEO MARIA INMACULADA', 'Carrera 6A Este # 32a-03', 'San Mateo', '7291025', '', '0000-00-00', '02038200', 6, '2018-06-01 18:00:27'),
(191, '1-63918128', 'Gimnasio Moderno San Francisco  ', 'Cll 6A # 90- 51', 'Tintal', '8052542', '', '0000-00-00', '12345678', 2, '2018-06-01 18:01:10'),
(192, '1-2714544', 'MARIA MAGDALENA ', 'Carrera 9 Este # 30A-23', 'San Mateo', '72214 21', '', '0000-00-00', '02038200', 6, '2018-06-01 18:01:47'),
(193, '1-54751493', 'CENTRO EDUCATIVO SAN LUIS', 'Carrera. 72k # 38 - 47 Sur', 'soacha', '7213360', '', '0000-00-00', '02038200', 6, '2018-06-01 18:05:19'),
(194, '1-703807', 'COLRGIO. MUNECOS Y FIGURAS', 'Carrera. 72k # 38 - 47 Sur', 'Carvajal', ' 2651836', '', '0000-00-00', '02038200', 6, '2018-06-01 18:07:29'),
(195, '1-42554991', 'Liceo Manantial de Vida Eterna', 'Cll 37 Sur # 52 -60', 'Alqueria', '7119325', '', '0000-00-00', '12345678', 2, '2018-06-01 18:13:30'),
(196, '1-2629560', 'Ginnasio Infantil Julio Simón Benavides', 'Cll 36 Sur 51D 47', 'Alcala', '2307548', '', '0000-00-00', '12345678', 2, '2018-06-01 18:28:52'),
(197, '1-9808479', 'Colegio El Duque de Rivas ', 'Crr 80 # 50A 09 Sur', 'Britalia', '4502425', '', '0000-00-00', '12345678', 2, '2018-06-01 18:40:56'),
(198, '1-49621975', 'Gimnasio Modelia Real', 'Carrera 82 # 24C 75', 'Modelia', '4106916', '', '0000-00-00', '03736282', 7, '2018-06-01 18:52:00'),
(199, '1-800866', 'Colegio Santiago Felipe', 'Crr 40A 28 - 21 Sur', 'Santa Rita', '2029469', '', '0000-00-00', '12345678', 2, '2018-06-01 18:57:13'),
(200, '1-94646456', 'LICEO OCTAVIO PAZ', 'Carrera.88I Bis Nº 58A-14', 'Bosa  Recreo', '7837665', '', '0000-00-00', '02038200', 6, '2018-06-01 21:28:39'),
(201, '1-3831471', 'pruebae', 'pruebae', 'pruebae', 'pruebae', '', '0000-00-00', '12345678', 1, '2018-06-01 21:30:11'),
(202, '1-63707067', '	COLEGIO LAUSANA', 'CALLE 182No.  69 - 30', 'San Jose de Bavaria', '6784641/ 6699416', 'www.colegiolausana.edu.co', '0000-00-00', '83028202', 5, '2018-06-02 16:33:49'),
(203, '1-96147242', 'COL SANTO TORIBIO DE MONGROVEJO', 'CARRERA 107 B NO.143 - 34', 'Suba las flores', '	6891618', 'www.colegiosantotoribio.edu.co', '0000-00-00', '83028202', 5, '2018-06-02 16:50:01'),
(204, '1-2882178', 'GIMNASIO FRAY MARTÍN DE PORRES', 'CL 86 BIS 89 B 28', 'Quirigua', '2524448 -- 5365235 -', 'informacion@fraymartindeporres.edu.co', '0000-00-00', '83028202', 5, '2018-06-02 17:19:01'),
(205, '1-40440667', 'COLEGIO PEDAG NASEM', 'KR 94 B 78 A 09', 'Quirigua', '2276769', '', '0000-00-00', '83028202', 5, '2018-06-02 18:45:21'),
(206, '1-72414230', 'LICEO CARRION', 'CALLE  89 No. 82 -  11', 'Quirigua', '2762693 / 5381740', '', '0000-00-00', '83028202', 5, '2018-06-02 18:48:59'),
(207, '1-85549498', 'COLegio  SANTA ANGELA MERICI', 'CL 89 A 112 G 26', 'Bolivia', '4316988 ', '', '0000-00-00', '83028202', 5, '2018-06-02 18:51:58'),
(208, '1-30011162', 'LICEO PSICOPEDAG BOLIVIA', 'CL 80 106 A 10', 'Bolivia', '	2274881', ' lpboliv@hotmail.com', '0000-00-00', '83028202', 5, '2018-06-02 19:57:41'),
(209, '1-67616627', 'LICEO FESAN', ' CALLE  153  No. 110 -  40 <', 'Suba almendros', '6829276', 'www.liceofesan.edu.co', '0000-00-00', '83028202', 5, '2018-06-02 20:20:49'),
(210, '1-36794269', 'COL SAN JUAN DE AVIILA', 'CARRERA  100 B  No.75 - B 05', 'GARCES NAVAS', '2281625 / 4424205/22', '', '0000-00-00', '83028202', 5, '2018-06-02 20:48:20'),
(211, '1-87023903', '	Liceo Cristiano Golden Rule', 'CALLE  142 A  No. 128 - 50', 'suba sabana de tibabuyes', '6871962', '', '0000-00-00', '83028202', 5, '2018-06-02 20:56:56'),
(212, '1-5368558', 'LICEO ARKADIA COLOMBIA', 'CALLE  142 C N. 138 A -  60', 'Suba san carlos', '5386773 -- 5370736', 'www.liceoarkadia.edu.co', '0000-00-00', '83028202', 5, '2018-06-02 21:04:17'),
(213, '1-96251800', 'COLEGIO LISA MEITNER', 'AV CORPAS 158 55', 'Suba corpas', '6835520 -- 6835704 -', 'www.colegiolisameitner.edu.co', '0000-00-00', '83028202', 5, '2018-06-02 21:16:23'),
(214, '1-796843', 'LICEO JUAN RAMON JIMENEZ', 'CARRETERA SUBA A COTA KM.4', 'Via suba cota', '6836755 -- 311276722', 'www.liceojuanramonjimenez.edu.co', '0000-00-00', '83028202', 5, '2018-06-02 21:29:37'),
(215, '1-8275797', 'COL CLAUDIA JESUS', 'CALLE  84 No.  90 - } 15', 'QUIRIGUA', '2244071', '', '0000-00-00', '83028202', 5, '2018-06-02 21:47:32'),
(216, '1-80001422', 'JARD INFNTIL TIA CECY', 'TRANSVERSAL 80 No. 85  - 77', 'QUIRIGUA', '2518598 / 5355909', '', '0000-00-00', '83028202', 5, '2018-06-02 21:56:54'),
(217, '1-72113745', 'LICEO INFANTIL  THOMAS DE IRIARTE', 'CR. 113 NO.83-46/52/58', 'GARCES NAVAS', '4318109 / 4318169', '', '0000-00-00', '83028202', 5, '2018-06-02 22:02:23'),
(218, '1-4091018', 'Colegio centro lestonnac compañía de ', '	CARRERA  87 A No. 84 A -  81', 'QUIRIGUA', '7429275 -- 2513498 -', 'lestonnacbog.cdm.edu.co', '0000-00-00', '83028202', 5, '2018-06-02 22:19:32'),
(219, '1-820489', 'INSTITUTO TÉCNICO ANGELI', '	CL 75 A 88 55', 'La serena', '2244496 -- 2244232 -', '', '0000-00-00', '83028202', 5, '2018-06-02 22:33:48'),
(220, '1-49678200', 'COLEGIO PSICOPEDAGOGICO LA SABIDURIA', 'CARRERA  110 B  No. 74 A - 12', 'GARCES NAVAS', '4316149 / 4316721 /4', 'www.colegiolasabiduria.edu.co', '0000-00-00', '83028202', 5, '2018-06-02 22:53:08'),
(221, '1-511568', 'GIMN MAKARENKO', 'CARRERA  109 A No. 80  - 89', 'Bolivia', '	2283636 2274600', 'www.colegiomakarenko.edu.mx', '0000-00-00', '83028202', 5, '2018-06-02 23:14:14'),
(222, '1-1973360', 'COLEGIO  MONTERREY', 'DIAGONAL. 87 Bis  No.79a - 23', 'Quirigua', '5389450 / 5355957 /4', 'colegiomonterrey.edu.co', '0000-00-00', '83028202', 5, '2018-06-02 23:22:33'),
(223, '1-0263484', 'LICEO MODERNO MI MUNDO IDEAL', 'CL 143 A 120 04', 'Suba sabana de tibabuyes', '6908392', '', '0000-00-00', '83028202', 5, '2018-06-02 23:54:51'),
(224, '1-69585718', 'PSICOPEDAGICO NUEVO HORIZONTE', 'CALLE. 117C  No. 88C-52', 'Suba rincon', '6881569', 'nuevohorizonte21.blogspot.com', '0000-00-00', '83028202', 5, '2018-06-02 23:59:08'),
(225, '1-957634', 'GIMNASIO  LA CAMPIÑA', '	CALLE 131  No.109 B - 54', 'Suba Aures', '	5360774 / 6970008', 'www.gimnasiolacampina.com', '0000-00-00', '83028202', 5, '2018-06-03 00:09:11'),
(226, '1-04693936', '	JARDIN INFANTIL LA CASITA DEL BOSQUE DE SUBA', 'CARRERA 95 A No. 138  -5 8 AG 2', 'Suba villa elisa', '6828945 -- 6628945', '', '0000-00-00', '83028202', 5, '2018-06-03 00:16:21'),
(227, '1-0854381', '	CENTRO EDUCATIVO LOMBARDIA', 'CARRERA 109 # 143 - 19/20', 'Suba lombardia', '6905449 -- 6892766', 'centroedulombardia.edu.co', '0000-00-00', '83028202', 5, '2018-06-03 00:45:26'),
(228, '1-0275458', 'gimnasio infantil Julio Simón Benavides', 'Cll 36 Sur 51D 47', 'Alcala', '2307548', '', '0000-00-00', '12345678', 2, '2018-06-05 02:56:01'),
(229, '1-70987857', 'Nuestra Señora de la Sabiduria', 'Crr 44 #29A 40 SUR', 'Santa Rita', '2382108', '', '0000-00-00', '12345678', 2, '2018-06-05 03:07:17'),
(230, '1-8102450', 'Instituto Comercial Loreto', 'Diagonal 8 # 79-80', 'Castilla', '4028674', '', '0000-00-00', '12345678', 2, '2018-06-05 03:11:02'),
(231, '1-6650856', 'Colegio Nuestra Señora de Loretto', 'Krr 78 #56B 26 SUR', 'Castilla', '7770765', '', '0000-00-00', '12345678', 2, '2018-06-05 03:16:38'),
(232, '1-25845784', 'Colegio San Rafael', 'Tv. 72C BIS 44- 03', 'San Andres', '7412933- 7417244', '', '0000-00-00', '12345678', 2, '2018-06-05 03:31:24'),
(233, '1-2715407', 'Piñeros Cortes', 'Cll 2 BIS 73C 55', 'Mandalay', '2735790', '', '0000-00-00', '12345678', 2, '2018-06-05 03:36:10'),
(234, '1-12419505', 'Jaime Quijano Caballero', 'Trav. 78B# 40C 41', 'Kennedy Central', '4516661', '', '0000-00-00', '12345678', 2, '2018-06-05 03:39:57'),
(235, '1-38800634', 'Liceo Pre escolar Abeja Maya', 'Cra. 68C # 54A 31 SUR', 'Villa Del Rio', '2043950', '', '0000-00-00', '12345678', 2, '2018-06-05 03:48:38'),
(236, '1-17707165', 'Liceo Maria Victoria ', 'Cll. 49C # 78- 51', 'Casa Blanca', '2934391', '', '0000-00-00', '12345678', 2, '2018-06-05 03:55:27'),
(237, '1-39818200', 'Nuevo Paraiso', 'Cra. 79A # 6A 41', 'Pio XII', '3106792507', '', '0000-00-00', '12345678', 2, '2018-06-05 03:59:14'),
(238, '1-14113436', 'Liceo Rozfort', 'Cll 33A SUR #73F-14', 'Kennedy 2', '2645224', '', '0000-00-00', '12345678', 2, '2018-06-05 04:07:26'),
(239, '1-05790617', 'Colegio Ernesto Guhl', 'Cll. 42G # 87G 16', 'Patio Bonito', '4521719', '', '0000-00-00', '12345678', 2, '2018-06-05 14:19:23'),
(240, '1-2903710', 'Colegio Santiago Apostol', 'Cra. 77 # 14-52', 'Roma', '4247054', '', '0000-00-00', '12345678', 2, '2018-06-05 14:27:52'),
(241, '1-2982495', 'Jardin Infantil Mimositos', 'Crr. 72A # 8 -05', 'Castilla', '2921593', '', '0000-00-00', '12345678', 2, '2018-06-05 14:31:24'),
(242, '1-44517367', 'Instituto Alvaro Mutis', 'Crr. 85A Bis 58D 27 Sur', 'Britalia', '7191827', '', '0000-00-00', '12345678', 2, '2018-06-05 14:36:41'),
(243, '1-5278454', 'Colegio Militar Justiniano Quiñones', 'Cll. 40F SUR 77A 11', 'Palenque', '4515782', '', '0000-00-00', '12345678', 2, '2018-06-05 14:41:55'),
(244, '1-14992302', 'Instituto San Ricardo  Pampuri', 'Crr. 81J 46- 44 Sur', 'Britalia', '4504980', '', '0000-00-00', '12345678', 2, '2018-06-05 15:14:13'),
(245, '1-80108147', 'colegio Pisicopedagogico Mentor', 'Cll 56B Sur #79B- 17', 'Roma', '7807593', '', '0000-00-00', '12345678', 2, '2018-06-05 15:26:43'),
(246, '1-4094476', 'Liceo Catalina Real (IMCREA)', 'Diagonal 3# 78K -41 Sur', 'Roma', '2641665', '', '0000-00-00', '12345678', 2, '2018-06-05 15:34:17'),
(247, '1-1377368', 'Jardin Infantil Mundo De mis Fantasias', 'Diagonal 3# 73 - 13', 'Mandalay', '2932287', '', '0000-00-00', '12345678', 2, '2018-06-05 15:42:31'),
(248, '1-64142429', 'Aprendizaje y Desarrollo', 'Cll 33A # 78L 68 Sur', 'Ayacucho 1 sector', '2642882', '', '0000-00-00', '12345678', 2, '2018-06-05 15:46:38'),
(249, '1-8383088', 'Gimnasio las Alegrías de Crecer', 'Diagonal 3# 73 - 13', 'Mandalay', '2991806', '', '0000-00-00', '12345678', 2, '2018-06-05 15:56:53'),
(250, '1-94821983', 'Colegio Antares', 'Crr. 68G#39D-77', 'Alqueria La Fragua', '2040748', '', '0000-00-00', '12345678', 2, '2018-06-05 16:35:58'),
(251, '1-08025744', 'Liceo Vida Infantil', 'Cll 57A Sur 81B 04', 'Roma', '7778865', '', '0000-00-00', '12345678', 2, '2018-06-05 16:47:34'),
(252, '1-63723452', 'Colegio Nueva Generación Dumbo', 'Cll 3A # 71A 03', 'Americas', '4142933', '', '0000-00-00', '12345678', 2, '2018-06-05 16:55:30'),
(253, '1-64286030', 'Instituto Renato Escoses', 'Cll 3 # 78G 50', 'techo', '2654971', '', '0000-00-00', '12345678', 2, '2018-06-05 17:04:19'),
(254, '1-9530771', 'Colegio Tayrona', 'Cll.3 #86D -30', 'Patio Bonito', '4523303', '', '0000-00-00', '12345678', 2, '2018-06-05 17:09:45'),
(255, '1-7075592', 'Colegio Sagrado Corazon', 'Cll 53B SUR #84 -16', 'Britalia', '7840498', '', '0000-00-00', '12345678', 2, '2018-06-05 17:24:19'),
(256, '1-889577', 'LIceo Pedagógico los Jilgeros', 'Diagonal 3# 78K -41 Sur', 'Castilla', '2929884', '', '0000-00-00', '12345678', 2, '2018-06-05 17:40:50'),
(257, '1-93077634', 'Liceo Castilla de Oro', 'Cra. 68C # 8-9', 'Americas', '2609183', '', '0000-00-00', '12345678', 2, '2018-06-05 17:43:53'),
(258, '1-10067953', 'Rincon De Los Angeles ', 'Diagonal 7A Bis #73B -41', 'Castilla', '2920553', '', '0000-00-00', '12345678', 2, '2018-06-05 17:49:12'),
(259, '1-48588662', 'Liceo Luna Lunera', 'Crr.92 #6C -39 SUR', 'Tintal', '4015842', '', '0000-00-00', '12345678', 2, '2018-06-05 17:52:42'),
(260, '1-21109642', 'Jardin Infantil El Tesoro Del Saber', 'Crr.84 #71 -08', 'Tintal', '2529872', '', '0000-00-00', '12345678', 2, '2018-06-05 17:57:02'),
(261, '1-93745660', 'Pequeños Infantes', 'Crr.84D #35B -04 Sur', 'Kennedy ', '2652030', '', '0000-00-00', '12345678', 2, '2018-06-05 18:07:11'),
(262, '1-8163203', 'Tesoro Del Saber ', 'Crr. 74A # 5B - 26', 'Castilla', '2736898', '', '0000-00-00', '12345678', 2, '2018-06-05 18:10:44'),
(263, '1-7493802', 'Liceo Mundo De Los Niños ', 'Crr. 80D # 48A -36 Sur', 'Kennedy ', '2931701', '', '0000-00-00', '12345678', 2, '2018-06-05 18:13:52'),
(264, '1-5352474', 'Colegio santa Rita', 'Cll.29A Sur # 39B 09', 'Santa Rita', '2226921', '', '0000-00-00', '12345678', 2, '2018-06-05 18:16:31'),
(265, '1-1434081', 'Indira Gandhi', 'Crr 87C # 35B -31 Sur', 'Patio Bonito', '4004274', '', '0000-00-00', '12345678', 2, '2018-06-05 18:33:03'),
(266, '1-467023', 'Mi Gran Casa Azul', 'Cll 24D # 79- 74', 'Modelia', '4127146', '', '0000-00-00', '12345678', 2, '2018-06-05 18:37:35'),
(267, '1-200196', 'COL. MUÑECOS Y FIGURAS', 'Carrera 72k # 38 - 47 Sur', 'Carvajal', '2651836', '', '2018-05-07', '02038200', 6, '2018-06-05 21:05:32'),
(268, '1-558881', 'Instituto La Anunciacion', 'arrera 100 # 16I 63', 'Fontibon', '4188491', '', '0000-00-00', '03736282', 7, '2018-06-06 20:37:37'),
(269, '1-2534862', 'Jardin Infantil Amanecer de luces', 'Carrera 106A # 69-45', 'Engativa', '4358582', '', '0000-00-00', '03736282', 7, '2018-06-06 20:43:00'),
(270, '1-4420136', 'Liceo Gabriela Mistral', 'Calle 22Dbis # 118A-77', 'La Aldea', '4154329', '', '0000-00-00', '03736282', 7, '2018-06-07 19:45:02'),
(271, '1-61721642', 'Colegio Antonio Nariño HH Corazonistas', 'Carrera 16 # 60-55', 'Chapinero', '2113524', '', '0000-00-00', '03736282', 7, '2018-06-07 19:58:10'),
(272, '1-1518680', 'Colegio Militar Simon Bolivar', 'Carrera 70 # 51-46', 'Normandia', '3168469267', '', '0000-00-00', '03736282', 7, '2018-06-07 20:04:29'),
(273, '1-6353395', 'Centro Educativo Scalas', 'Carrera 82 # 68B-09', 'Santa Helenita', '4372647', '', '0000-00-00', '03736282', 7, '2018-06-07 20:14:56'),
(274, '1-7919389', 'Liceo Colombianito', 'Calle 52A # 75-71', 'Normandia', '2955451', '', '0000-00-00', '03736282', 7, '2018-06-08 02:33:05'),
(275, '1-719158', 'Colegio Real Escandinavo', 'Carrera 71 # 51-37', 'Normandia', '2630110', '', '0000-00-00', '03736282', 7, '2018-06-08 02:42:30'),
(276, '1-37861394', 'Gimnasio Colombo Australiano', 'Calle 51 # 70C-36', 'Normandia', '2632303', '', '0000-00-00', '03736282', 7, '2018-06-08 02:48:25'),
(277, '1-95601600', 'Gimnasio Modero', 'Carrera 9 # 74-99', 'El Nogal', '3477954', '', '0000-00-00', '03736282', 7, '2018-06-08 21:35:20'),
(278, '2-27328203', 'prueba4', 'dasdas', 'dadas', '323232', '', '0000-00-00', '12345678', 1, '2018-06-16 22:05:14'),
(279, '2-26275949', 'prueba5', 'adada', 'dasdasda', '323232', '', '0000-00-00', '12345678', 1, '2018-06-16 22:12:59'),
(280, '2-42136180', 'prueba6', 'dasdsa', 'dasdsa', '21212121', '', '0000-00-00', '12345678', 1, '2018-06-16 22:20:12'),
(281, '2-78291198', 'prueba7', 'dasdas', 'dasdas', '3232', '', '0000-00-00', '12345678', 1, '2018-06-16 22:26:36'),
(282, '2-9599453', 'prueba8', 'dsadas', 'dasdas', '323232', '', '0000-00-00', '12345678', 1, '2018-06-16 22:34:08'),
(283, '2-896547', 'prueba9', 'dasdas', 'dadas', '212121', '', '0000-00-00', '12345678', 1, '2018-06-16 22:42:22'),
(284, '2-57536176', 'prueba10', 'dasdas', 'dadas', '323232', '', '0000-00-00', '12345678', 1, '2018-06-16 22:46:27'),
(285, '2-84271980', 'prueba11', 'fgfgf', 'dsadas', '3232', '', '0000-00-00', '12345678', 1, '2018-06-16 22:47:52'),
(286, '2-8757613', 'prueba20', 'pr', 'pr', '23232321', '', '0000-00-00', '', 9, '2018-07-06 05:14:29'),
(287, '2-3568310', 'prueba 30', 'dadas', 'dadas', '32323232', '', '0000-00-00', '12345678', 1, '2018-07-14 05:20:14'),
(288, '2-622301', 'prueba otro cargo', 'dasdadsa', 'ciudadela', '1234567', '', '0000-00-00', '12345678', 1, '2018-07-25 05:12:25'),
(289, '2-50516279', 'prueba otro cargo2', 'dadas', 'dasdas', '3232', '', '0000-00-00', '12345678', 1, '2018-07-25 05:16:30'),
(290, '2-77468042', 'prueba otro cargo3', 'dsadas', 'dsadas', '323232', '', '0000-00-00', '12345678', 1, '2018-07-25 05:25:32'),
(291, '2-67677514', 'prueba otro cargo4', 'dada', 'dsada', 'dada', '', '0000-00-00', '12345678', 1, '2018-07-25 05:31:56'),
(292, '2-979967', 'prueba presupuesto', 'dadsa', 'dadas', '2121', '', '0000-00-00', '12345678', 1, '2018-08-21 03:53:23'),
(293, '2-5560534', 'prueba presupuesto 2', 'pre2', 'pre2', 'ewewew', '', '0000-00-00', '12345678', 1, '2018-08-23 05:22:29');

-- --------------------------------------------------------

--
-- Table structure for table `events`
--

CREATE TABLE IF NOT EXISTS `events` (
`id` int(11) NOT NULL,
  `title` varchar(255) NOT NULL,
  `color` varchar(7) DEFAULT NULL,
  `start` datetime NOT NULL,
  `end` datetime DEFAULT NULL
) ENGINE=InnoDB AUTO_INCREMENT=14 DEFAULT CHARSET=utf8;

--
-- Dumping data for table `events`
--

INSERT INTO `events` (`id`, `title`, `color`, `start`, `end`) VALUES
(1, 'Evento Azul', '#0071c5', '2017-08-01 00:00:00', '2017-08-02 00:00:00'),
(2, 'Eventos 2', '#40E0D0', '2018-04-17 04:30:00', '2018-04-17 05:00:00'),
(3, 'Doble click para editar evento', '#008000', '2018-04-18 08:00:00', '2018-04-18 09:00:00'),
(4, 'pruebaR', '#0071c5', '2018-04-18 06:00:00', '2018-04-18 06:30:00'),
(6, 'prueba10', '', '2018-04-03 00:00:00', '2018-04-04 00:00:00'),
(8, '', '', '2018-03-28 18:00:00', '2018-03-29 20:00:00'),
(9, 'colegio san luis', '', '2018-04-15 01:15:00', '2018-04-15 01:15:00'),
(10, 'colegio madre emilia', '#40E0D0', '2018-03-31 16:20:00', '2018-04-01 00:00:00'),
(13, 'Hola', '', '2018-05-10 00:00:00', '2018-05-11 00:00:00');

-- --------------------------------------------------------

--
-- Table structure for table `grados`
--

CREATE TABLE IF NOT EXISTS `grados` (
`id` int(11) NOT NULL,
  `grado` varchar(20) COLLATE utf8_spanish_ci NOT NULL
) ENGINE=InnoDB AUTO_INCREMENT=18 DEFAULT CHARSET=utf8 COLLATE=utf8_spanish_ci;

--
-- Dumping data for table `grados`
--

INSERT INTO `grados` (`id`, `grado`) VALUES
(1, 'Pre jardín'),
(2, 'Jardín'),
(3, 'Transición'),
(4, 'Primero (1)'),
(5, 'Segundo (2)'),
(6, 'Tercero (3)'),
(7, 'Cuarto(4)'),
(8, 'Quinto (5)'),
(9, 'Sexto (6)'),
(10, 'Séptimo (7)'),
(11, 'Octavo (8)'),
(12, 'Noveno (9)'),
(13, 'Décimo (10)'),
(14, 'Once (11)'),
(15, 'Primaria'),
(16, 'Secundaria'),
(17, 'Otro');

-- --------------------------------------------------------

--
-- Table structure for table `grados_materias`
--

CREATE TABLE IF NOT EXISTS `grados_materias` (
`id` int(11) NOT NULL,
  `id_periodo` int(11) NOT NULL,
  `cod_profesor` varchar(15) COLLATE utf8_spanish_ci NOT NULL,
  `id_grado` int(11) NOT NULL,
  `id_materia` int(11) NOT NULL
) ENGINE=InnoDB AUTO_INCREMENT=113 DEFAULT CHARSET=utf8 COLLATE=utf8_spanish_ci;

--
-- Dumping data for table `grados_materias`
--

INSERT INTO `grados_materias` (`id`, `id_periodo`, `cod_profesor`, `id_grado`, `id_materia`) VALUES
(82, 1, '2803216', 1, 2),
(83, 1, '2803216', 1, 1),
(84, 1, '2803216', 1, 2),
(85, 1, '2803216', 1, 1),
(86, 1, '848133', 2, 1),
(87, 1, '848133', 2, 2),
(88, 1, '848133', 2, 1),
(89, 1, '848133', 2, 2),
(90, 1, '5009920', 4, 2),
(91, 1, '884576', 6, 3),
(92, 2, '0713470', 4, 3),
(93, 2, '23633765', 4, 2),
(94, 2, '72177038', 1, 3),
(95, 2, '6224010', 4, 2),
(96, 2, '6224010', 4, 2),
(97, 2, '6224010', 4, 2),
(98, 2, '6224010', 4, 2),
(99, 2, '983128948', 11, 5),
(100, 2, '8032426684', 4, 2),
(101, 2, '7721036187', 4, 2),
(102, 2, '6107552970', 4, 2),
(103, 2, '7333333', 4, 3),
(104, 2, '62013996', 4, 2),
(105, 2, '692843069', 6, 2),
(106, 2, '268984313', 7, 4),
(107, 2, '7920961455', 4, 2),
(108, 2, '9532622096', 8, 10),
(109, 2, '513630277', 7, 6),
(110, 0, '4671358478', 6, 6),
(111, 2, '566151930', 12, 8),
(112, 2, '150006193', 13, 6);

-- --------------------------------------------------------

--
-- Table structure for table `grados_paralelos`
--

CREATE TABLE IF NOT EXISTS `grados_paralelos` (
`id` int(11) NOT NULL,
  `id_periodo` int(11) NOT NULL,
  `id_colegio` int(11) NOT NULL,
  `id_grado` int(11) NOT NULL,
  `paralelos` int(11) NOT NULL,
  `alumnos` int(11) NOT NULL
) ENGINE=InnoDB AUTO_INCREMENT=2437 DEFAULT CHARSET=utf8 COLLATE=utf8_spanish_ci;

--
-- Dumping data for table `grados_paralelos`
--

INSERT INTO `grados_paralelos` (`id`, `id_periodo`, `id_colegio`, `id_grado`, `paralelos`, `alumnos`) VALUES
(15, 1, 2, 1, 1, 1),
(16, 1, 2, 2, 2, 2),
(17, 1, 2, 3, 3, 3),
(18, 1, 2, 4, 4, 4),
(19, 1, 2, 5, 5, 5),
(20, 1, 2, 6, 6, 6),
(21, 1, 2, 7, 7, 7),
(22, 1, 2, 8, 8, 8),
(23, 1, 2, 9, 9, 9),
(24, 1, 2, 10, 10, 10),
(25, 1, 2, 11, 11, 11),
(26, 1, 2, 12, 12, 12),
(27, 1, 2, 13, 13, 13),
(28, 1, 2, 14, 14, 14),
(29, 1, 21, 1, 1, 1),
(30, 1, 21, 2, 2, 2),
(31, 1, 21, 3, 3, 3),
(32, 1, 21, 4, 4, 4),
(33, 1, 21, 5, 5, 5),
(34, 1, 21, 6, 6, 6),
(35, 1, 21, 7, 7, 7),
(36, 1, 21, 8, 8, 8),
(37, 1, 21, 9, 9, 9),
(38, 1, 21, 10, 0, 0),
(39, 1, 21, 11, 1, 1),
(40, 1, 21, 12, 2, 2),
(41, 1, 21, 13, 3, 0),
(42, 1, 21, 14, 4, 4),
(43, 1, 16, 1, 1, 1),
(44, 1, 16, 2, 2, 23),
(45, 1, 16, 3, 3, 4),
(46, 1, 16, 4, 4, 43),
(47, 1, 16, 5, 5, 43),
(48, 1, 16, 6, 6, 43),
(49, 1, 16, 7, 7, 43),
(50, 1, 16, 8, 8, 43),
(51, 1, 16, 9, 9, 43),
(52, 1, 16, 10, 0, 43),
(53, 1, 16, 11, 1, 34),
(54, 1, 16, 12, 0, 0),
(55, 1, 16, 13, 3, 34),
(56, 1, 16, 14, 4, 34),
(57, 1, 23, 1, 2, 1),
(58, 1, 23, 2, 5, 1),
(59, 1, 23, 3, 7, 1),
(60, 1, 23, 4, 8, 1),
(61, 1, 23, 5, 9, 1),
(62, 1, 23, 6, 0, 1),
(63, 1, 23, 7, 0, 1),
(64, 1, 23, 8, 6, 1),
(65, 1, 23, 9, 8, 1),
(66, 1, 23, 10, 9, 1),
(67, 1, 23, 11, 9, 1),
(68, 1, 23, 12, 9, 1),
(69, 1, 23, 13, 9, 1),
(70, 1, 23, 14, 9, 1),
(71, 1, 24, 1, 1, 10),
(72, 1, 24, 2, 1, 12),
(73, 1, 24, 3, 1, 11),
(74, 1, 24, 4, 1, 10),
(75, 1, 24, 5, 1, 10),
(76, 1, 24, 6, 1, 10),
(77, 1, 24, 7, 1, 10),
(78, 1, 24, 8, 1, 10),
(79, 1, 24, 9, 1, 10),
(80, 1, 24, 10, 1, 10),
(81, 1, 24, 11, 1, 10),
(82, 1, 24, 12, 1, 10),
(83, 1, 24, 13, 1, 10),
(84, 1, 24, 14, 10, 10),
(85, 1, 27, 1, 2, 20),
(86, 1, 27, 2, 2, 0),
(87, 1, 27, 3, 2, 0),
(88, 1, 27, 4, 1, 20),
(89, 1, 27, 5, 2, 40),
(90, 1, 27, 6, 2, 40),
(91, 1, 27, 7, 1, 20),
(92, 1, 27, 8, 1, 20),
(93, 1, 27, 9, 1, 20),
(94, 1, 27, 10, 1, 20),
(95, 1, 27, 11, 1, 20),
(96, 1, 27, 12, 1, 20),
(97, 1, 27, 13, 1, 20),
(98, 1, 27, 14, 1, 30),
(99, 1, 28, 1, 0, 0),
(100, 1, 28, 2, 0, 0),
(101, 1, 28, 3, 0, 0),
(102, 1, 28, 4, 10, 300),
(103, 1, 28, 5, 9, 270),
(104, 1, 28, 6, 9, 270),
(105, 1, 28, 7, 8, 240),
(106, 1, 28, 8, 9, 270),
(107, 1, 28, 9, 0, 0),
(108, 1, 28, 10, 0, 0),
(109, 1, 28, 11, 0, 0),
(110, 1, 28, 12, 0, 0),
(111, 1, 28, 13, 0, 0),
(112, 1, 28, 14, 0, 0),
(113, 1, 29, 1, 0, 0),
(114, 1, 29, 2, 3, 105),
(115, 1, 29, 3, 4, 140),
(116, 1, 29, 4, 4, 140),
(117, 1, 29, 5, 5, 175),
(118, 1, 29, 6, 5, 165),
(119, 1, 29, 7, 5, 160),
(120, 1, 29, 8, 5, 175),
(121, 1, 29, 9, 5, 175),
(122, 1, 29, 10, 5, 165),
(123, 1, 29, 11, 4, 140),
(124, 1, 29, 12, 4, 120),
(125, 1, 29, 13, 4, 138),
(126, 1, 29, 14, 4, 140),
(127, 1, 30, 1, 0, 0),
(128, 1, 30, 2, 1, 32),
(129, 1, 30, 3, 2, 42),
(130, 1, 30, 4, 5, 125),
(131, 1, 30, 5, 5, 132),
(132, 1, 30, 6, 4, 100),
(133, 1, 30, 7, 4, 106),
(134, 1, 30, 8, 4, 110),
(135, 1, 30, 9, 4, 110),
(136, 1, 30, 10, 4, 106),
(137, 1, 30, 11, 5, 130),
(138, 1, 30, 12, 3, 75),
(139, 1, 30, 13, 4, 105),
(140, 1, 30, 14, 4, 110),
(141, 1, 32, 1, 0, 0),
(142, 1, 32, 2, 0, 0),
(143, 1, 32, 3, 0, 0),
(144, 1, 32, 4, 4, 120),
(145, 1, 32, 5, 4, 115),
(146, 1, 32, 6, 4, 128),
(147, 1, 32, 7, 4, 125),
(148, 1, 32, 8, 4, 132),
(149, 1, 32, 9, 4, 128),
(150, 1, 32, 10, 3, 96),
(151, 1, 32, 11, 3, 90),
(152, 1, 32, 12, 3, 94),
(153, 1, 32, 13, 3, 93),
(154, 1, 32, 14, 3, 98),
(155, 1, 33, 1, 0, 0),
(156, 1, 33, 2, 1, 20),
(157, 1, 33, 3, 1, 20),
(158, 1, 33, 4, 2, 44),
(159, 1, 33, 5, 2, 40),
(160, 1, 33, 6, 2, 43),
(161, 1, 33, 7, 2, 44),
(162, 1, 33, 8, 2, 45),
(163, 1, 33, 9, 2, 50),
(164, 1, 33, 10, 2, 46),
(165, 1, 33, 11, 2, 44),
(166, 1, 33, 12, 2, 48),
(167, 1, 33, 13, 2, 43),
(168, 1, 33, 14, 2, 46),
(169, 1, 35, 1, 1, 8),
(170, 1, 35, 2, 1, 24),
(171, 1, 35, 3, 2, 56),
(172, 1, 35, 4, 1, 36),
(173, 1, 35, 5, 2, 45),
(174, 1, 35, 6, 2, 43),
(175, 1, 35, 7, 2, 55),
(176, 1, 35, 8, 2, 60),
(177, 1, 35, 9, 2, 70),
(178, 1, 35, 10, 1, 25),
(179, 1, 35, 11, 1, 23),
(180, 1, 35, 12, 1, 25),
(181, 1, 35, 13, 1, 20),
(182, 1, 35, 14, 1, 22),
(183, 1, 36, 1, 1, 7),
(184, 1, 36, 2, 1, 10),
(185, 1, 36, 3, 1, 22),
(186, 1, 36, 4, 1, 20),
(187, 1, 36, 5, 1, 26),
(188, 1, 36, 6, 1, 23),
(189, 1, 36, 7, 1, 24),
(190, 1, 36, 8, 1, 26),
(191, 1, 36, 9, 1, 35),
(192, 1, 36, 10, 2, 60),
(193, 1, 36, 11, 2, 40),
(194, 1, 36, 12, 2, 49),
(195, 1, 36, 13, 2, 39),
(196, 1, 36, 14, 2, 50),
(197, 1, 39, 1, 0, 0),
(198, 1, 39, 2, 1, 30),
(199, 1, 39, 3, 2, 60),
(200, 1, 39, 4, 2, 56),
(201, 1, 39, 5, 2, 50),
(202, 1, 39, 6, 1, 35),
(203, 1, 39, 7, 1, 32),
(204, 1, 39, 8, 1, 25),
(205, 1, 39, 9, 0, 0),
(206, 1, 39, 10, 0, 0),
(207, 1, 39, 11, 0, 0),
(208, 1, 39, 12, 0, 0),
(209, 1, 39, 13, 0, 0),
(210, 1, 39, 14, 0, 0),
(211, 1, 38, 1, 2, 39),
(212, 1, 38, 2, 3, 93),
(213, 1, 38, 3, 4, 92),
(214, 1, 38, 4, 4, 130),
(215, 1, 38, 5, 4, 140),
(216, 1, 38, 6, 5, 201),
(217, 1, 38, 7, 5, 205),
(218, 1, 38, 8, 5, 177),
(219, 1, 38, 9, 6, 248),
(220, 1, 38, 10, 6, 198),
(221, 1, 38, 11, 5, 182),
(222, 1, 38, 12, 5, 223),
(223, 1, 38, 13, 5, 198),
(224, 1, 38, 14, 5, 184),
(225, 1, 41, 1, 0, 0),
(226, 1, 41, 2, 0, 0),
(227, 1, 41, 3, 0, 0),
(228, 1, 41, 4, 2, 50),
(229, 1, 41, 5, 1, 20),
(230, 1, 41, 6, 1, 22),
(231, 1, 41, 7, 1, 18),
(232, 1, 41, 8, 1, 19),
(233, 1, 41, 9, 0, 0),
(234, 1, 41, 10, 0, 0),
(235, 1, 41, 11, 0, 0),
(236, 1, 41, 12, 0, 0),
(237, 1, 41, 13, 0, 0),
(238, 1, 41, 14, 0, 0),
(239, 1, 40, 1, 1, 6),
(240, 1, 40, 2, 1, 35),
(241, 1, 40, 3, 2, 40),
(242, 1, 40, 4, 2, 38),
(243, 1, 40, 5, 2, 39),
(244, 1, 40, 6, 2, 37),
(245, 1, 40, 7, 2, 40),
(246, 1, 40, 8, 2, 38),
(247, 1, 40, 9, 2, 42),
(248, 1, 40, 10, 2, 35),
(249, 1, 40, 11, 2, 32),
(250, 1, 40, 12, 1, 20),
(251, 1, 40, 13, 1, 26),
(252, 1, 40, 14, 1, 17),
(253, 1, 42, 1, 0, 0),
(254, 1, 42, 2, 2, 41),
(255, 1, 42, 3, 3, 65),
(256, 1, 42, 4, 4, 110),
(257, 1, 42, 5, 4, 124),
(258, 1, 42, 6, 4, 128),
(259, 1, 42, 7, 4, 110),
(260, 1, 42, 8, 4, 120),
(261, 1, 42, 9, 4, 132),
(262, 1, 42, 10, 4, 132),
(263, 1, 42, 11, 3, 80),
(264, 1, 42, 12, 4, 106),
(265, 1, 42, 13, 3, 100),
(266, 1, 42, 14, 3, 100),
(267, 1, 37, 1, 0, 0),
(268, 1, 37, 2, 0, 0),
(269, 1, 37, 3, 1, 20),
(270, 1, 37, 4, 1, 30),
(271, 1, 37, 5, 2, 54),
(272, 1, 37, 6, 1, 37),
(273, 1, 37, 7, 1, 30),
(274, 1, 37, 8, 1, 35),
(275, 1, 37, 9, 2, 60),
(276, 1, 37, 10, 2, 60),
(277, 1, 37, 11, 1, 45),
(278, 1, 37, 12, 2, 56),
(279, 1, 37, 13, 1, 30),
(280, 1, 37, 14, 1, 40),
(281, 1, 43, 1, 0, 0),
(282, 1, 43, 2, 1, 15),
(283, 1, 43, 3, 1, 20),
(284, 1, 43, 4, 2, 65),
(285, 1, 43, 5, 2, 70),
(286, 1, 43, 6, 2, 67),
(287, 1, 43, 7, 2, 70),
(288, 1, 43, 8, 2, 70),
(289, 1, 43, 9, 3, 90),
(290, 1, 43, 10, 3, 101),
(291, 1, 43, 11, 3, 103),
(292, 1, 43, 12, 3, 95),
(293, 1, 43, 13, 3, 85),
(294, 1, 43, 14, 3, 97),
(295, 1, 45, 1, 0, 0),
(296, 1, 45, 2, 1, 15),
(297, 1, 45, 3, 1, 20),
(298, 1, 45, 4, 2, 65),
(299, 1, 45, 5, 2, 70),
(300, 1, 45, 6, 2, 67),
(301, 1, 45, 7, 2, 70),
(302, 1, 45, 8, 2, 70),
(303, 1, 45, 9, 3, 90),
(304, 1, 45, 10, 3, 1),
(305, 1, 45, 11, 3, 103),
(306, 1, 45, 12, 3, 95),
(307, 1, 45, 13, 3, 85),
(308, 1, 45, 14, 3, 97),
(309, 1, 44, 1, 1, 20),
(310, 1, 44, 2, 2, 33),
(311, 1, 44, 3, 2, 57),
(312, 1, 44, 4, 2, 38),
(313, 1, 44, 5, 2, 43),
(314, 1, 44, 6, 2, 49),
(315, 1, 44, 7, 2, 47),
(316, 1, 44, 8, 2, 45),
(317, 1, 44, 9, 0, 0),
(318, 1, 44, 10, 0, 0),
(319, 1, 44, 11, 0, 0),
(320, 1, 44, 12, 0, 0),
(321, 1, 44, 13, 0, 0),
(322, 1, 44, 14, 0, 0),
(323, 1, 46, 1, 0, 0),
(324, 1, 46, 2, 2, 41),
(325, 1, 46, 3, 3, 66),
(326, 1, 46, 4, 4, 110),
(327, 1, 46, 5, 4, 129),
(328, 1, 46, 6, 4, 128),
(329, 1, 46, 7, 4, 110),
(330, 1, 46, 8, 4, 124),
(331, 1, 46, 9, 4, 132),
(332, 1, 46, 10, 4, 132),
(333, 1, 46, 11, 3, 74),
(334, 1, 46, 12, 4, 106),
(335, 1, 46, 13, 3, 102),
(336, 1, 46, 14, 3, 90),
(337, 1, 47, 1, 1, 8),
(338, 1, 47, 2, 1, 20),
(339, 1, 47, 3, 2, 55),
(340, 1, 47, 4, 2, 60),
(341, 1, 47, 5, 2, 52),
(342, 1, 47, 6, 2, 40),
(343, 1, 47, 7, 1, 30),
(344, 1, 47, 8, 1, 20),
(345, 1, 47, 9, 0, 0),
(346, 1, 47, 10, 0, 0),
(347, 1, 47, 11, 0, 0),
(348, 1, 47, 12, 0, 0),
(349, 1, 47, 13, 0, 0),
(350, 1, 47, 14, 0, 0),
(351, 1, 48, 1, 1, 3),
(352, 1, 48, 2, 1, 13),
(353, 1, 48, 3, 2, 55),
(354, 1, 48, 4, 3, 85),
(355, 1, 48, 5, 3, 101),
(356, 1, 48, 6, 3, 99),
(357, 1, 48, 7, 3, 108),
(358, 1, 48, 8, 3, 102),
(359, 1, 48, 9, 2, 96),
(360, 1, 48, 10, 3, 100),
(361, 1, 48, 11, 2, 95),
(362, 1, 48, 12, 2, 87),
(363, 1, 48, 13, 2, 86),
(364, 1, 48, 14, 3, 108),
(365, 1, 49, 1, 1, 20),
(366, 1, 49, 2, 2, 45),
(367, 1, 49, 3, 2, 45),
(368, 1, 49, 4, 2, 37),
(369, 1, 49, 5, 2, 53),
(370, 1, 49, 6, 2, 50),
(371, 1, 49, 7, 2, 46),
(372, 1, 49, 8, 2, 49),
(373, 1, 49, 9, 2, 56),
(374, 1, 49, 10, 2, 48),
(375, 1, 49, 11, 2, 40),
(376, 1, 49, 12, 2, 45),
(377, 1, 49, 13, 2, 44),
(378, 1, 49, 14, 1, 40),
(379, 1, 52, 1, 1, 5),
(380, 1, 52, 2, 1, 10),
(381, 1, 52, 3, 1, 29),
(382, 1, 52, 4, 1, 29),
(383, 1, 52, 5, 1, 17),
(384, 1, 52, 6, 1, 19),
(385, 1, 52, 7, 1, 18),
(386, 1, 52, 8, 1, 14),
(387, 1, 52, 9, 1, 32),
(388, 1, 52, 10, 1, 20),
(389, 1, 52, 11, 1, 29),
(390, 1, 52, 12, 1, 20),
(391, 1, 52, 13, 1, 15),
(392, 1, 52, 14, 1, 15),
(393, 1, 50, 1, 0, 0),
(394, 1, 50, 2, 0, 0),
(395, 1, 50, 3, 7, 190),
(396, 1, 50, 4, 9, 302),
(397, 1, 50, 5, 9, 280),
(398, 1, 50, 6, 9, 328),
(399, 1, 50, 7, 9, 331),
(400, 1, 50, 8, 9, 291),
(401, 1, 50, 9, 10, 378),
(402, 1, 50, 10, 9, 336),
(403, 1, 50, 11, 9, 336),
(404, 1, 50, 12, 9, 335),
(405, 1, 50, 13, 9, 343),
(406, 1, 50, 14, 9, 262),
(407, 1, 54, 1, 1, 16),
(408, 1, 54, 2, 1, 36),
(409, 1, 54, 3, 2, 61),
(410, 1, 54, 4, 2, 63),
(411, 1, 54, 5, 3, 86),
(412, 1, 54, 6, 2, 69),
(413, 1, 54, 7, 2, 71),
(414, 1, 54, 8, 2, 78),
(415, 1, 54, 9, 2, 76),
(416, 1, 54, 10, 2, 77),
(417, 1, 54, 11, 2, 60),
(418, 1, 54, 12, 2, 53),
(419, 1, 54, 13, 2, 48),
(420, 1, 54, 14, 1, 36),
(421, 1, 53, 1, 1, 30),
(422, 1, 53, 2, 1, 30),
(423, 1, 53, 3, 1, 22),
(424, 1, 53, 4, 1, 28),
(425, 1, 53, 5, 1, 36),
(426, 1, 53, 6, 1, 23),
(427, 1, 53, 7, 1, 26),
(428, 1, 53, 8, 1, 19),
(429, 1, 53, 9, 0, 0),
(430, 1, 53, 10, 0, 0),
(431, 1, 53, 11, 0, 0),
(432, 1, 53, 12, 0, 0),
(433, 1, 53, 13, 0, 0),
(434, 1, 53, 14, 0, 0),
(435, 1, 56, 1, 0, 0),
(436, 1, 56, 2, 1, 8),
(437, 1, 56, 3, 1, 12),
(438, 1, 56, 4, 1, 20),
(439, 1, 56, 5, 2, 32),
(440, 1, 56, 6, 2, 37),
(441, 1, 56, 7, 1, 27),
(442, 1, 56, 8, 1, 26),
(443, 1, 56, 9, 1, 28),
(444, 1, 56, 10, 2, 32),
(445, 1, 56, 11, 1, 18),
(446, 1, 56, 12, 1, 21),
(447, 1, 56, 13, 1, 19),
(448, 1, 56, 14, 1, 14),
(449, 1, 58, 1, 1, 17),
(450, 1, 58, 2, 1, 16),
(451, 1, 58, 3, 2, 30),
(452, 1, 58, 4, 3, 67),
(453, 1, 58, 5, 3, 54),
(454, 1, 58, 6, 3, 58),
(455, 1, 58, 7, 3, 68),
(456, 1, 58, 8, 3, 78),
(457, 1, 58, 9, 3, 61),
(458, 1, 58, 10, 3, 71),
(459, 1, 58, 11, 2, 54),
(460, 1, 58, 12, 2, 54),
(461, 1, 58, 13, 2, 44),
(462, 1, 58, 14, 1, 32),
(463, 1, 59, 1, 1, 2),
(464, 1, 59, 2, 2, 8),
(465, 1, 59, 3, 1, 15),
(466, 1, 59, 4, 1, 22),
(467, 1, 59, 5, 2, 31),
(468, 1, 59, 6, 2, 30),
(469, 1, 59, 7, 1, 22),
(470, 1, 59, 8, 2, 41),
(471, 1, 59, 9, 2, 32),
(472, 1, 59, 10, 2, 50),
(473, 1, 59, 11, 2, 61),
(474, 1, 59, 12, 2, 62),
(475, 1, 59, 13, 3, 60),
(476, 1, 59, 14, 2, 60),
(477, 1, 60, 1, 1, 9),
(478, 1, 60, 2, 2, 26),
(479, 1, 60, 3, 2, 49),
(480, 1, 60, 4, 2, 61),
(481, 1, 60, 5, 2, 79),
(482, 1, 60, 6, 2, 62),
(483, 1, 60, 7, 2, 77),
(484, 1, 60, 8, 2, 70),
(485, 1, 60, 9, 2, 47),
(486, 1, 60, 10, 2, 46),
(487, 1, 60, 11, 2, 58),
(488, 1, 60, 12, 2, 46),
(489, 1, 60, 13, 2, 55),
(490, 1, 60, 14, 1, 39),
(491, 1, 61, 1, 1, 8),
(492, 1, 61, 2, 1, 10),
(493, 1, 61, 3, 1, 30),
(494, 1, 61, 4, 1, 35),
(495, 1, 61, 5, 1, 32),
(496, 1, 61, 6, 1, 30),
(497, 1, 61, 7, 1, 30),
(498, 1, 61, 8, 1, 30),
(499, 1, 61, 9, 0, 0),
(500, 1, 61, 10, 0, 0),
(501, 1, 61, 11, 0, 0),
(502, 1, 61, 12, 0, 0),
(503, 1, 61, 13, 0, 0),
(504, 1, 61, 14, 0, 0),
(505, 1, 63, 1, 1, 12),
(506, 1, 63, 2, 1, 16),
(507, 1, 63, 3, 1, 18),
(508, 1, 63, 4, 1, 16),
(509, 1, 63, 5, 1, 18),
(510, 1, 63, 6, 1, 19),
(511, 1, 63, 7, 1, 21),
(512, 1, 63, 8, 1, 12),
(513, 1, 63, 9, 0, 0),
(514, 1, 63, 10, 0, 0),
(515, 1, 63, 11, 0, 0),
(516, 1, 63, 12, 0, 0),
(517, 1, 63, 13, 0, 0),
(518, 1, 63, 14, 0, 0),
(519, 1, 64, 1, 1, 5),
(520, 1, 64, 2, 1, 17),
(521, 1, 64, 3, 1, 17),
(522, 1, 64, 4, 1, 21),
(523, 1, 64, 5, 1, 26),
(524, 1, 64, 6, 1, 18),
(525, 1, 64, 7, 1, 17),
(526, 1, 64, 8, 1, 8),
(527, 1, 64, 9, 0, 0),
(528, 1, 64, 10, 0, 0),
(529, 1, 64, 11, 0, 0),
(530, 1, 64, 12, 0, 0),
(531, 1, 64, 13, 0, 0),
(532, 1, 64, 14, 0, 0),
(533, 1, 65, 1, 0, 0),
(534, 1, 65, 2, 0, 0),
(535, 1, 65, 3, 0, 0),
(536, 1, 65, 4, 1, 18),
(537, 1, 65, 5, 1, 22),
(538, 1, 65, 6, 1, 19),
(539, 1, 65, 7, 1, 21),
(540, 1, 65, 8, 1, 20),
(541, 1, 65, 9, 1, 30),
(542, 1, 65, 10, 1, 28),
(543, 1, 65, 11, 1, 31),
(544, 1, 65, 12, 1, 29),
(545, 1, 65, 13, 1, 28),
(546, 1, 65, 14, 1, 27),
(547, 1, 66, 1, 0, 0),
(548, 1, 66, 2, 0, 0),
(549, 1, 66, 3, 0, 0),
(550, 1, 66, 4, 1, 25),
(551, 1, 66, 5, 1, 30),
(552, 1, 66, 6, 1, 26),
(553, 1, 66, 7, 1, 30),
(554, 1, 66, 8, 1, 14),
(555, 1, 66, 9, 0, 0),
(556, 1, 66, 10, 0, 0),
(557, 1, 66, 11, 0, 0),
(558, 1, 66, 12, 0, 0),
(559, 1, 66, 13, 0, 0),
(560, 1, 66, 14, 0, 0),
(561, 1, 67, 1, 4, 64),
(562, 1, 67, 2, 4, 72),
(563, 1, 67, 3, 2, 40),
(564, 1, 67, 4, 0, 0),
(565, 1, 67, 5, 0, 0),
(566, 1, 67, 6, 0, 0),
(567, 1, 67, 7, 0, 0),
(568, 1, 67, 8, 0, 0),
(569, 1, 67, 9, 0, 0),
(570, 1, 67, 10, 0, 0),
(571, 1, 67, 11, 0, 0),
(572, 1, 67, 12, 0, 0),
(573, 1, 67, 13, 0, 0),
(574, 1, 67, 14, 0, 0),
(575, 1, 69, 1, 0, 0),
(576, 1, 69, 2, 1, 20),
(577, 1, 69, 3, 1, 20),
(578, 1, 69, 4, 1, 30),
(579, 1, 69, 5, 1, 32),
(580, 1, 69, 6, 1, 36),
(581, 1, 69, 7, 1, 35),
(582, 1, 69, 8, 1, 28),
(583, 1, 69, 9, 0, 0),
(584, 1, 69, 10, 0, 0),
(585, 1, 69, 11, 0, 0),
(586, 1, 69, 12, 0, 0),
(587, 1, 69, 13, 0, 0),
(588, 1, 69, 14, 0, 0),
(589, 1, 68, 1, 0, 0),
(590, 1, 68, 2, 2, 35),
(591, 1, 68, 3, 3, 74),
(592, 1, 68, 4, 3, 117),
(593, 1, 68, 5, 3, 111),
(594, 1, 68, 6, 4, 144),
(595, 1, 68, 7, 4, 148),
(596, 1, 68, 8, 4, 150),
(597, 1, 68, 9, 5, 196),
(598, 1, 68, 10, 5, 200),
(599, 1, 68, 11, 5, 198),
(600, 1, 68, 12, 5, 200),
(601, 1, 68, 13, 5, 187),
(602, 1, 68, 14, 6, 226),
(603, 1, 70, 1, 0, 0),
(604, 1, 70, 2, 1, 12),
(605, 1, 70, 3, 1, 21),
(606, 1, 70, 4, 2, 45),
(607, 1, 70, 5, 2, 36),
(608, 1, 70, 6, 2, 35),
(609, 1, 70, 7, 2, 34),
(610, 1, 70, 8, 2, 35),
(611, 1, 70, 9, 2, 40),
(612, 1, 70, 10, 2, 48),
(613, 1, 70, 11, 2, 53),
(614, 1, 70, 12, 2, 66),
(615, 1, 70, 13, 2, 48),
(616, 1, 70, 14, 3, 70),
(617, 1, 72, 1, 1, 5),
(618, 1, 72, 2, 1, 6),
(619, 1, 72, 3, 1, 10),
(620, 1, 72, 4, 1, 18),
(621, 1, 72, 5, 1, 29),
(622, 1, 72, 6, 1, 36),
(623, 1, 72, 7, 2, 40),
(624, 1, 72, 8, 2, 49),
(625, 1, 72, 9, 2, 52),
(626, 1, 72, 10, 2, 42),
(627, 1, 72, 11, 2, 65),
(628, 1, 72, 12, 2, 65),
(629, 1, 72, 13, 2, 54),
(630, 1, 72, 14, 2, 63),
(631, 1, 71, 1, 0, 0),
(632, 1, 71, 2, 0, 0),
(633, 1, 71, 3, 2, 60),
(634, 1, 71, 4, 4, 160),
(635, 1, 71, 5, 4, 160),
(636, 1, 71, 6, 4, 160),
(637, 1, 71, 7, 4, 160),
(638, 1, 71, 8, 2, 60),
(639, 1, 71, 9, 2, 60),
(640, 1, 71, 10, 2, 60),
(641, 1, 71, 11, 4, 120),
(642, 1, 71, 12, 3, 90),
(643, 1, 71, 13, 4, 120),
(644, 1, 71, 14, 4, 120),
(645, 1, 73, 1, 1, 4),
(646, 1, 73, 2, 1, 19),
(647, 1, 73, 3, 1, 21),
(648, 1, 73, 4, 2, 45),
(649, 1, 73, 5, 1, 44),
(650, 1, 73, 6, 1, 28),
(651, 1, 73, 7, 2, 51),
(652, 1, 73, 8, 1, 29),
(653, 1, 73, 9, 2, 43),
(654, 1, 73, 10, 2, 30),
(655, 1, 73, 11, 1, 28),
(656, 1, 73, 12, 1, 20),
(657, 1, 73, 13, 1, 27),
(658, 1, 73, 14, 1, 23),
(659, 1, 74, 1, 0, 0),
(660, 1, 74, 2, 0, 0),
(661, 1, 74, 3, 1, 20),
(662, 1, 74, 4, 2, 52),
(663, 1, 74, 5, 2, 50),
(664, 1, 74, 6, 1, 28),
(665, 1, 74, 7, 1, 36),
(666, 1, 74, 8, 1, 24),
(667, 1, 74, 9, 2, 35),
(668, 1, 74, 10, 2, 40),
(669, 1, 74, 11, 2, 38),
(670, 1, 74, 12, 2, 40),
(671, 1, 74, 13, 3, 70),
(672, 1, 74, 14, 3, 80),
(673, 1, 75, 1, 0, 0),
(674, 1, 75, 2, 2, 35),
(675, 1, 75, 3, 1, 30),
(676, 1, 75, 4, 2, 45),
(677, 1, 75, 5, 2, 55),
(678, 1, 75, 6, 2, 45),
(679, 1, 75, 7, 1, 32),
(680, 1, 75, 8, 1, 35),
(681, 1, 75, 9, 0, 0),
(682, 1, 75, 10, 0, 0),
(683, 1, 75, 11, 0, 0),
(684, 1, 75, 12, 0, 0),
(685, 1, 75, 13, 0, 0),
(686, 1, 75, 14, 0, 0),
(687, 1, 77, 1, 1, 17),
(688, 1, 77, 2, 2, 40),
(689, 1, 77, 3, 2, 60),
(690, 1, 77, 4, 2, 70),
(691, 1, 77, 5, 2, 69),
(692, 1, 77, 6, 2, 71),
(693, 1, 77, 7, 2, 78),
(694, 1, 77, 8, 2, 76),
(695, 1, 77, 9, 2, 77),
(696, 1, 77, 10, 2, 70),
(697, 1, 77, 11, 2, 60),
(698, 1, 77, 12, 2, 50),
(699, 1, 77, 13, 1, 40),
(700, 1, 77, 14, 1, 42),
(701, 1, 78, 1, 1, 15),
(702, 1, 78, 2, 1, 20),
(703, 1, 78, 3, 1, 30),
(704, 1, 78, 4, 1, 30),
(705, 1, 78, 5, 1, 32),
(706, 1, 78, 6, 1, 30),
(707, 1, 78, 7, 1, 33),
(708, 1, 78, 8, 1, 25),
(709, 1, 78, 9, 1, 28),
(710, 1, 78, 10, 1, 30),
(711, 1, 78, 11, 1, 29),
(712, 1, 78, 12, 1, 30),
(713, 1, 78, 13, 1, 30),
(714, 1, 78, 14, 1, 28),
(715, 1, 79, 1, 1, 8),
(716, 1, 79, 2, 1, 10),
(717, 1, 79, 3, 1, 20),
(718, 1, 79, 4, 1, 24),
(719, 1, 79, 5, 2, 26),
(720, 1, 79, 6, 2, 37),
(721, 1, 79, 7, 2, 50),
(722, 1, 79, 8, 1, 38),
(723, 1, 79, 9, 1, 26),
(724, 1, 79, 10, 2, 55),
(725, 1, 79, 11, 1, 30),
(726, 1, 79, 12, 2, 42),
(727, 1, 79, 13, 2, 56),
(728, 1, 79, 14, 2, 68),
(729, 1, 80, 1, 1, 4),
(730, 1, 80, 2, 1, 6),
(731, 1, 80, 3, 1, 14),
(732, 1, 80, 4, 1, 25),
(733, 1, 80, 5, 1, 27),
(734, 1, 80, 6, 1, 26),
(735, 1, 80, 7, 1, 32),
(736, 1, 80, 8, 1, 32),
(737, 1, 80, 9, 1, 31),
(738, 1, 80, 10, 1, 36),
(739, 1, 80, 11, 1, 34),
(740, 1, 80, 12, 1, 35),
(741, 1, 80, 13, 1, 34),
(742, 1, 80, 14, 38, 0),
(743, 1, 81, 1, 0, 0),
(744, 1, 81, 2, 1, 5),
(745, 1, 81, 3, 1, 12),
(746, 1, 81, 4, 1, 15),
(747, 1, 81, 5, 1, 16),
(748, 1, 81, 6, 1, 22),
(749, 1, 81, 7, 1, 20),
(750, 1, 81, 8, 1, 19),
(751, 1, 81, 9, 1, 22),
(752, 1, 81, 10, 1, 18),
(753, 1, 81, 11, 1, 14),
(754, 1, 81, 12, 1, 13),
(755, 1, 81, 13, 1, 18),
(756, 1, 81, 14, 1, 12),
(757, 1, 82, 1, 0, 0),
(758, 1, 82, 2, 1, 14),
(759, 1, 82, 3, 1, 20),
(760, 1, 82, 4, 1, 29),
(761, 1, 82, 5, 1, 28),
(762, 1, 82, 6, 1, 32),
(763, 1, 82, 7, 1, 30),
(764, 1, 82, 8, 1, 34),
(765, 1, 82, 9, 2, 40),
(766, 1, 82, 10, 2, 43),
(767, 1, 82, 11, 2, 53),
(768, 1, 82, 12, 2, 50),
(769, 1, 82, 13, 2, 50),
(770, 1, 82, 14, 1, 40),
(771, 1, 83, 1, 0, 0),
(772, 1, 83, 2, 1, 4),
(773, 1, 83, 3, 1, 22),
(774, 1, 83, 4, 1, 32),
(775, 1, 83, 5, 1, 37),
(776, 1, 83, 6, 1, 35),
(777, 1, 83, 7, 1, 32),
(778, 1, 83, 8, 2, 50),
(779, 1, 83, 9, 2, 49),
(780, 1, 83, 10, 2, 60),
(781, 1, 83, 11, 2, 70),
(782, 1, 83, 12, 2, 68),
(783, 1, 83, 13, 2, 60),
(784, 1, 83, 14, 2, 60),
(785, 1, 84, 1, 1, 23),
(786, 1, 84, 2, 2, 33),
(787, 1, 84, 3, 2, 40),
(788, 1, 84, 4, 0, 0),
(789, 1, 84, 5, 0, 0),
(790, 1, 84, 6, 0, 0),
(791, 1, 84, 7, 0, 0),
(792, 1, 84, 8, 0, 0),
(793, 1, 84, 9, 0, 0),
(794, 1, 84, 10, 0, 0),
(795, 1, 84, 11, 0, 0),
(796, 1, 84, 12, 0, 0),
(797, 1, 84, 13, 0, 0),
(798, 1, 84, 14, 0, 0),
(799, 1, 85, 1, 0, 0),
(800, 1, 85, 2, 0, 0),
(801, 1, 85, 3, 1, 25),
(802, 1, 85, 4, 2, 60),
(803, 1, 85, 5, 2, 58),
(804, 1, 85, 6, 2, 60),
(805, 1, 85, 7, 2, 65),
(806, 1, 85, 8, 2, 56),
(807, 1, 85, 9, 2, 60),
(808, 1, 85, 10, 2, 70),
(809, 1, 85, 11, 2, 70),
(810, 1, 85, 12, 2, 64),
(811, 1, 85, 13, 2, 60),
(812, 1, 85, 14, 2, 70),
(813, 1, 86, 1, 0, 0),
(814, 1, 86, 2, 0, 0),
(815, 1, 86, 3, 1, 20),
(816, 1, 86, 4, 1, 25),
(817, 1, 86, 5, 2, 42),
(818, 1, 86, 6, 1, 28),
(819, 1, 86, 7, 1, 35),
(820, 1, 86, 8, 1, 24),
(821, 1, 86, 9, 0, 0),
(822, 1, 86, 10, 0, 0),
(823, 1, 86, 11, 0, 0),
(824, 1, 86, 12, 0, 0),
(825, 1, 86, 13, 0, 0),
(826, 1, 86, 14, 0, 0),
(827, 1, 87, 1, 0, 0),
(828, 1, 87, 2, 0, 0),
(829, 1, 87, 3, 1, 25),
(830, 1, 87, 4, 1, 28),
(831, 1, 87, 5, 1, 27),
(832, 1, 87, 6, 1, 25),
(833, 1, 87, 7, 1, 25),
(834, 1, 87, 8, 1, 25),
(835, 1, 87, 9, 0, 0),
(836, 1, 87, 10, 0, 0),
(837, 1, 87, 11, 0, 0),
(838, 1, 87, 12, 0, 0),
(839, 1, 87, 13, 0, 0),
(840, 1, 87, 14, 0, 0),
(841, 1, 88, 1, 1, 15),
(842, 1, 88, 2, 2, 29),
(843, 1, 88, 3, 2, 31),
(844, 1, 88, 4, 2, 43),
(845, 1, 88, 5, 2, 38),
(846, 1, 88, 6, 2, 49),
(847, 1, 88, 7, 2, 45),
(848, 1, 88, 8, 2, 40),
(849, 1, 88, 9, 0, 0),
(850, 1, 88, 10, 0, 0),
(851, 1, 88, 11, 0, 0),
(852, 1, 88, 12, 0, 0),
(853, 1, 88, 13, 0, 0),
(854, 1, 88, 14, 0, 0),
(855, 1, 89, 1, 1, 10),
(856, 1, 89, 2, 1, 26),
(857, 1, 89, 3, 2, 49),
(858, 1, 89, 4, 1, 15),
(859, 1, 89, 5, 1, 20),
(860, 1, 89, 6, 1, 24),
(861, 1, 89, 7, 1, 22),
(862, 1, 89, 8, 1, 25),
(863, 1, 89, 9, 0, 0),
(864, 1, 89, 10, 0, 0),
(865, 1, 89, 11, 0, 0),
(866, 1, 89, 12, 0, 0),
(867, 1, 89, 13, 0, 0),
(868, 1, 89, 14, 0, 0),
(869, 1, 90, 1, 0, 0),
(870, 1, 90, 2, 2, 33),
(871, 1, 90, 3, 5, 145),
(872, 1, 90, 4, 9, 230),
(873, 1, 90, 5, 7, 196),
(874, 1, 90, 6, 7, 210),
(875, 1, 90, 7, 7, 219),
(876, 1, 90, 8, 7, 215),
(877, 1, 90, 9, 7, 246),
(878, 1, 90, 10, 7, 235),
(879, 1, 90, 11, 7, 242),
(880, 1, 90, 12, 6, 184),
(881, 1, 90, 13, 5, 179),
(882, 1, 90, 14, 5, 161),
(883, 1, 91, 1, 0, 0),
(884, 1, 91, 2, 2, 48),
(885, 1, 91, 3, 2, 50),
(886, 1, 91, 4, 3, 76),
(887, 1, 91, 5, 3, 75),
(888, 1, 91, 6, 3, 88),
(889, 1, 91, 7, 2, 74),
(890, 1, 91, 8, 2, 67),
(891, 1, 91, 9, 3, 91),
(892, 1, 91, 10, 3, 93),
(893, 1, 91, 11, 2, 64),
(894, 1, 91, 12, 3, 87),
(895, 1, 91, 13, 2, 65),
(896, 1, 91, 14, 2, 60),
(897, 1, 92, 1, 1, 15),
(898, 1, 92, 2, 1, 20),
(899, 1, 92, 3, 1, 22),
(900, 1, 92, 4, 1, 27),
(901, 1, 92, 5, 1, 26),
(902, 1, 92, 6, 1, 27),
(903, 1, 92, 7, 1, 24),
(904, 1, 92, 8, 1, 23),
(905, 1, 92, 9, 0, 0),
(906, 1, 92, 10, 0, 0),
(907, 1, 92, 11, 0, 0),
(908, 1, 92, 12, 0, 0),
(909, 1, 92, 13, 0, 0),
(910, 1, 92, 14, 0, 0),
(911, 1, 93, 1, 0, 0),
(912, 1, 93, 2, 3, 75),
(913, 1, 93, 3, 3, 75),
(914, 1, 93, 4, 4, 135),
(915, 1, 93, 5, 4, 132),
(916, 1, 93, 6, 4, 142),
(917, 1, 93, 7, 4, 138),
(918, 1, 93, 8, 4, 138),
(919, 1, 93, 9, 4, 146),
(920, 1, 93, 10, 4, 147),
(921, 1, 93, 11, 4, 148),
(922, 1, 93, 12, 4, 151),
(923, 1, 93, 13, 4, 148),
(924, 1, 93, 14, 4, 146),
(925, 1, 94, 1, 1, 20),
(926, 1, 94, 2, 1, 25),
(927, 1, 94, 3, 1, 22),
(928, 1, 94, 4, 1, 20),
(929, 1, 94, 5, 1, 22),
(930, 1, 94, 6, 1, 23),
(931, 1, 94, 7, 1, 24),
(932, 1, 94, 8, 1, 22),
(933, 1, 94, 9, 0, 0),
(934, 1, 94, 10, 0, 0),
(935, 1, 94, 11, 0, 0),
(936, 1, 94, 12, 0, 0),
(937, 1, 94, 13, 0, 0),
(938, 1, 94, 14, 0, 0),
(939, 1, 95, 1, 1, 25),
(940, 1, 95, 2, 1, 20),
(941, 1, 95, 3, 1, 28),
(942, 1, 95, 4, 1, 30),
(943, 1, 95, 5, 1, 32),
(944, 1, 95, 6, 2, 63),
(945, 1, 95, 7, 1, 27),
(946, 1, 95, 8, 1, 26),
(947, 1, 95, 9, 0, 0),
(948, 1, 95, 10, 0, 0),
(949, 1, 95, 11, 0, 0),
(950, 1, 95, 12, 0, 0),
(951, 1, 95, 13, 0, 0),
(952, 1, 95, 14, 0, 0),
(953, 1, 96, 1, 1, 12),
(954, 1, 96, 2, 1, 13),
(955, 1, 96, 3, 1, 15),
(956, 1, 96, 4, 1, 15),
(957, 1, 96, 5, 1, 18),
(958, 1, 96, 6, 1, 20),
(959, 1, 96, 7, 1, 17),
(960, 1, 96, 8, 1, 20),
(961, 1, 96, 9, 0, 0),
(962, 1, 96, 10, 0, 0),
(963, 1, 96, 11, 0, 0),
(964, 1, 96, 12, 0, 0),
(965, 1, 96, 13, 0, 0),
(966, 1, 96, 14, 0, 0),
(967, 1, 97, 1, 1, 15),
(968, 1, 97, 2, 2, 35),
(969, 1, 97, 3, 2, 40),
(970, 1, 97, 4, 2, 50),
(971, 1, 97, 5, 2, 66),
(972, 1, 97, 6, 2, 70),
(973, 1, 97, 7, 2, 68),
(974, 1, 97, 8, 2, 100),
(975, 1, 97, 9, 2, 60),
(976, 1, 97, 10, 2, 60),
(977, 1, 97, 11, 2, 75),
(978, 1, 97, 12, 2, 65),
(979, 1, 97, 13, 1, 40),
(980, 1, 97, 14, 1, 30),
(981, 1, 98, 1, 0, 0),
(982, 1, 98, 2, 1, 10),
(983, 1, 98, 3, 1, 20),
(984, 1, 98, 4, 1, 27),
(985, 1, 98, 5, 1, 20),
(986, 1, 98, 6, 2, 40),
(987, 1, 98, 7, 2, 48),
(988, 1, 98, 8, 1, 25),
(989, 1, 98, 9, 1, 26),
(990, 1, 98, 10, 2, 50),
(991, 1, 98, 11, 2, 56),
(992, 1, 98, 12, 2, 59),
(993, 1, 98, 13, 2, 60),
(994, 1, 98, 14, 2, 60),
(995, 1, 99, 1, 0, 0),
(996, 1, 99, 2, 1, 15),
(997, 1, 99, 3, 1, 20),
(998, 1, 99, 4, 1, 20),
(999, 1, 99, 5, 1, 29),
(1000, 1, 99, 6, 1, 28),
(1001, 1, 99, 7, 1, 32),
(1002, 1, 99, 8, 1, 30),
(1003, 1, 99, 9, 1, 30),
(1004, 1, 99, 10, 1, 35),
(1005, 1, 99, 11, 1, 38),
(1006, 1, 99, 12, 1, 40),
(1007, 1, 99, 13, 1, 39),
(1008, 1, 99, 14, 1, 35),
(1009, 1, 100, 1, 1, 15),
(1010, 1, 100, 2, 1, 25),
(1011, 1, 100, 3, 1, 33),
(1012, 1, 100, 4, 2, 65),
(1013, 1, 100, 5, 2, 63),
(1014, 1, 100, 6, 2, 60),
(1015, 1, 100, 7, 2, 64),
(1016, 1, 100, 8, 2, 53),
(1017, 1, 100, 9, 2, 60),
(1018, 1, 100, 10, 1, 36),
(1019, 1, 100, 11, 1, 28),
(1020, 1, 100, 12, 1, 27),
(1021, 1, 100, 13, 1, 18),
(1022, 1, 100, 14, 1, 8),
(1023, 1, 101, 1, 0, 0),
(1024, 1, 101, 2, 1, 15),
(1025, 1, 101, 3, 1, 20),
(1026, 1, 101, 4, 1, 22),
(1027, 1, 101, 5, 1, 28),
(1028, 1, 101, 6, 1, 33),
(1029, 1, 101, 7, 1, 29),
(1030, 1, 101, 8, 1, 30),
(1031, 1, 101, 9, 0, 0),
(1032, 1, 101, 10, 0, 0),
(1033, 1, 101, 11, 0, 0),
(1034, 1, 101, 12, 0, 0),
(1035, 1, 101, 13, 0, 0),
(1036, 1, 101, 14, 0, 0),
(1037, 1, 103, 1, 0, 0),
(1038, 1, 103, 2, 0, 0),
(1039, 1, 103, 3, 1, 15),
(1040, 1, 103, 4, 1, 22),
(1041, 1, 103, 5, 1, 25),
(1042, 1, 103, 6, 1, 20),
(1043, 1, 103, 7, 11, 21),
(1044, 1, 103, 8, 1, 27),
(1045, 1, 103, 9, 0, 0),
(1046, 1, 103, 10, 0, 0),
(1047, 1, 103, 11, 0, 0),
(1048, 1, 103, 12, 0, 0),
(1049, 1, 103, 13, 0, 0),
(1050, 1, 103, 14, 0, 0),
(1051, 1, 105, 1, 0, 0),
(1052, 1, 105, 2, 1, 10),
(1053, 1, 105, 3, 1, 19),
(1054, 1, 105, 4, 2, 40),
(1055, 1, 105, 5, 2, 44),
(1056, 1, 105, 6, 2, 50),
(1057, 1, 105, 7, 2, 46),
(1058, 1, 105, 8, 2, 49),
(1059, 1, 105, 9, 2, 52),
(1060, 1, 105, 10, 2, 74),
(1061, 1, 105, 11, 2, 90),
(1062, 1, 105, 12, 3, 114),
(1063, 1, 105, 13, 3, 107),
(1064, 1, 105, 14, 4, 151),
(1065, 1, 106, 1, 1, 13),
(1066, 1, 106, 2, 1, 28),
(1067, 1, 106, 3, 2, 48),
(1068, 1, 106, 4, 2, 68),
(1069, 1, 106, 5, 3, 88),
(1070, 1, 106, 6, 2, 61),
(1071, 1, 106, 7, 3, 83),
(1072, 1, 106, 8, 2, 48),
(1073, 1, 106, 9, 2, 67),
(1074, 1, 106, 10, 2, 68),
(1075, 1, 106, 11, 2, 61),
(1076, 1, 106, 12, 2, 49),
(1077, 1, 106, 13, 2, 40),
(1078, 1, 106, 14, 2, 41),
(1079, 1, 107, 1, 0, 0),
(1080, 1, 107, 2, 1, 6),
(1081, 1, 107, 3, 1, 8),
(1082, 1, 107, 4, 1, 16),
(1083, 1, 107, 5, 1, 14),
(1084, 1, 107, 6, 1, 22),
(1085, 1, 107, 7, 1, 20),
(1086, 1, 107, 8, 1, 19),
(1087, 1, 107, 9, 0, 0),
(1088, 1, 107, 10, 0, 0),
(1089, 1, 107, 11, 0, 0),
(1090, 1, 107, 12, 0, 0),
(1091, 1, 107, 13, 0, 0),
(1092, 1, 107, 14, 0, 0),
(1093, 1, 108, 1, 1, 3),
(1094, 1, 108, 2, 1, 5),
(1095, 1, 108, 3, 1, 7),
(1096, 1, 108, 4, 1, 11),
(1097, 1, 108, 5, 1, 17),
(1098, 1, 108, 6, 2, 20),
(1099, 1, 108, 7, 1, 18),
(1100, 1, 108, 8, 2, 35),
(1101, 1, 108, 9, 2, 31),
(1102, 1, 108, 10, 2, 33),
(1103, 1, 108, 11, 2, 34),
(1104, 1, 108, 12, 2, 29),
(1105, 1, 108, 13, 2, 34),
(1106, 1, 108, 14, 2, 40),
(1107, 1, 109, 1, 0, 0),
(1108, 1, 109, 2, 0, 0),
(1109, 1, 109, 3, 1, 17),
(1110, 1, 109, 4, 2, 42),
(1111, 1, 109, 5, 2, 49),
(1112, 1, 109, 6, 2, 55),
(1113, 1, 109, 7, 2, 68),
(1114, 1, 109, 8, 2, 66),
(1115, 1, 109, 9, 2, 70),
(1116, 1, 109, 10, 2, 82),
(1117, 1, 109, 11, 2, 71),
(1118, 1, 109, 12, 2, 71),
(1119, 1, 109, 13, 2, 54),
(1120, 1, 109, 14, 2, 68),
(1121, 1, 110, 1, 0, 0),
(1122, 1, 110, 2, 0, 0),
(1123, 1, 110, 3, 1, 8),
(1124, 1, 110, 4, 1, 9),
(1125, 1, 110, 5, 1, 12),
(1126, 1, 110, 6, 1, 11),
(1127, 1, 110, 7, 1, 8),
(1128, 1, 110, 8, 1, 10),
(1129, 1, 110, 9, 1, 15),
(1130, 1, 110, 10, 1, 14),
(1131, 1, 110, 11, 1, 10),
(1132, 1, 110, 12, 1, 15),
(1133, 1, 110, 13, 1, 13),
(1134, 1, 110, 14, 1, 20),
(1135, 1, 111, 1, 1, 8),
(1136, 1, 111, 2, 1, 8),
(1137, 1, 111, 3, 1, 20),
(1138, 1, 111, 4, 1, 28),
(1139, 1, 111, 5, 1, 24),
(1140, 1, 111, 6, 1, 33),
(1141, 1, 111, 7, 1, 28),
(1142, 1, 111, 8, 2, 50),
(1143, 1, 111, 9, 2, 50),
(1144, 1, 111, 10, 2, 50),
(1145, 1, 111, 11, 2, 49),
(1146, 1, 111, 12, 2, 51),
(1147, 1, 111, 13, 1, 30),
(1148, 1, 111, 14, 1, 35),
(1149, 1, 112, 1, 1, 6),
(1150, 1, 112, 2, 1, 28),
(1151, 1, 112, 3, 2, 55),
(1152, 1, 112, 4, 2, 45),
(1153, 1, 112, 5, 2, 28),
(1154, 1, 112, 6, 2, 66),
(1155, 1, 112, 7, 2, 46),
(1156, 1, 112, 8, 2, 45),
(1157, 1, 112, 9, 1, 30),
(1158, 1, 112, 10, 1, 19),
(1159, 1, 112, 11, 1, 20),
(1160, 1, 112, 12, 1, 24),
(1161, 1, 112, 13, 1, 20),
(1162, 1, 112, 14, 1, 18),
(1163, 1, 115, 1, 1, 24),
(1164, 1, 115, 2, 2, 32),
(1165, 1, 115, 3, 1, 26),
(1166, 1, 115, 4, 2, 40),
(1167, 1, 115, 5, 2, 36),
(1168, 1, 115, 6, 2, 51),
(1169, 1, 115, 7, 2, 50),
(1170, 1, 115, 8, 2, 58),
(1171, 1, 115, 9, 4, 114),
(1172, 1, 115, 10, 4, 105),
(1173, 1, 115, 11, 3, 97),
(1174, 1, 115, 12, 3, 104),
(1175, 1, 115, 13, 2, 87),
(1176, 1, 115, 14, 2, 78),
(1177, 1, 114, 1, 0, 0),
(1178, 1, 114, 2, 1, 16),
(1179, 1, 114, 3, 1, 15),
(1180, 1, 114, 4, 2, 41),
(1181, 1, 114, 5, 2, 37),
(1182, 1, 114, 6, 2, 39),
(1183, 1, 114, 7, 2, 40),
(1184, 1, 114, 8, 2, 42),
(1185, 1, 114, 9, 2, 47),
(1186, 1, 114, 10, 2, 43),
(1187, 1, 114, 11, 2, 46),
(1188, 1, 114, 12, 2, 42),
(1189, 1, 114, 13, 2, 39),
(1190, 1, 114, 14, 2, 40),
(1191, 1, 116, 1, 0, 0),
(1192, 1, 116, 2, 0, 0),
(1193, 1, 116, 3, 0, 0),
(1194, 1, 116, 4, 1, 26),
(1195, 1, 116, 5, 1, 22),
(1196, 1, 116, 6, 1, 19),
(1197, 1, 116, 7, 1, 24),
(1198, 1, 116, 8, 1, 19),
(1199, 1, 116, 9, 1, 33),
(1200, 1, 116, 10, 1, 29),
(1201, 1, 116, 11, 1, 32),
(1202, 1, 116, 12, 1, 33),
(1203, 1, 116, 13, 1, 33),
(1204, 1, 116, 14, 1, 33),
(1205, 1, 117, 1, 1, 8),
(1206, 1, 117, 2, 1, 10),
(1207, 1, 117, 3, 1, 13),
(1208, 1, 117, 4, 2, 35),
(1209, 1, 117, 5, 2, 36),
(1210, 1, 117, 6, 2, 39),
(1211, 1, 117, 7, 2, 45),
(1212, 1, 117, 8, 2, 39),
(1213, 1, 117, 9, 2, 40),
(1214, 1, 117, 10, 2, 43),
(1215, 1, 117, 11, 2, 39),
(1216, 1, 117, 12, 1, 30),
(1217, 1, 117, 13, 1, 19),
(1218, 1, 117, 14, 1, 18),
(1219, 1, 118, 1, 0, 0),
(1220, 1, 118, 2, 0, 0),
(1221, 1, 118, 3, 0, 0),
(1222, 1, 118, 4, 1, 20),
(1223, 1, 118, 5, 1, 20),
(1224, 1, 118, 6, 1, 20),
(1225, 1, 118, 7, 1, 17),
(1226, 1, 118, 8, 1, 18),
(1227, 1, 118, 9, 1, 24),
(1228, 1, 118, 10, 1, 22),
(1229, 1, 118, 11, 1, 25),
(1230, 1, 118, 12, 1, 20),
(1231, 1, 118, 13, 1, 25),
(1232, 1, 118, 14, 1, 24),
(1233, 1, 122, 1, 0, 0),
(1234, 1, 122, 2, 2, 42),
(1235, 1, 122, 3, 2, 43),
(1236, 1, 122, 4, 3, 78),
(1237, 1, 122, 5, 3, 82),
(1238, 1, 122, 6, 3, 76),
(1239, 1, 122, 7, 3, 81),
(1240, 1, 122, 8, 3, 80),
(1241, 1, 122, 9, 0, 0),
(1242, 1, 122, 10, 0, 0),
(1243, 1, 122, 11, 0, 0),
(1244, 1, 122, 12, 0, 0),
(1245, 1, 122, 13, 0, 0),
(1246, 1, 122, 14, 0, 0),
(1247, 1, 126, 1, 0, 0),
(1248, 1, 126, 2, 1, 15),
(1249, 1, 126, 3, 1, 16),
(1250, 1, 126, 4, 2, 34),
(1251, 1, 126, 5, 2, 41),
(1252, 1, 126, 6, 2, 39),
(1253, 1, 126, 7, 2, 42),
(1254, 1, 126, 8, 2, 38),
(1255, 1, 126, 9, 0, 0),
(1256, 1, 126, 10, 0, 0),
(1257, 1, 126, 11, 0, 0),
(1258, 1, 126, 12, 0, 0),
(1259, 1, 126, 13, 0, 0),
(1260, 1, 126, 14, 0, 0),
(1261, 1, 134, 1, 0, 0),
(1262, 1, 134, 2, 0, 0),
(1263, 1, 134, 3, 2, 37),
(1264, 1, 134, 4, 3, 97),
(1265, 1, 134, 5, 3, 87),
(1266, 1, 134, 6, 4, 102),
(1267, 1, 134, 7, 3, 86),
(1268, 1, 134, 8, 5, 146),
(1269, 1, 134, 9, 0, 0),
(1270, 1, 134, 10, 0, 0),
(1271, 1, 134, 11, 0, 0),
(1272, 1, 134, 12, 0, 0),
(1273, 1, 134, 13, 0, 0),
(1274, 1, 134, 14, 0, 0),
(1275, 1, 128, 1, 0, 0),
(1276, 1, 128, 2, 1, 20),
(1277, 1, 128, 3, 1, 26),
(1278, 1, 128, 4, 1, 25),
(1279, 1, 128, 5, 2, 45),
(1280, 1, 128, 6, 1, 25),
(1281, 1, 128, 7, 1, 41),
(1282, 1, 128, 8, 2, 50),
(1283, 1, 128, 9, 3, 80),
(1284, 1, 128, 10, 3, 90),
(1285, 1, 128, 11, 3, 90),
(1286, 1, 128, 12, 3, 70),
(1287, 1, 128, 13, 2, 55),
(1288, 1, 128, 14, 1, 35),
(1289, 1, 133, 1, 0, 0),
(1290, 1, 133, 2, 0, 0),
(1291, 1, 133, 3, 1, 15),
(1292, 1, 133, 4, 2, 38),
(1293, 1, 133, 5, 2, 40),
(1294, 1, 133, 6, 2, 45),
(1295, 1, 133, 7, 2, 43),
(1296, 1, 133, 8, 2, 40),
(1297, 1, 133, 9, 2, 42),
(1298, 1, 133, 10, 2, 41),
(1299, 1, 133, 11, 2, 40),
(1300, 1, 133, 12, 2, 40),
(1301, 1, 133, 13, 2, 43),
(1302, 1, 133, 14, 2, 40),
(1303, 1, 139, 1, 0, 0),
(1304, 1, 139, 2, 1, 13),
(1305, 1, 139, 3, 1, 21),
(1306, 1, 139, 4, 2, 52),
(1307, 1, 139, 5, 2, 56),
(1308, 1, 139, 6, 2, 54),
(1309, 1, 139, 7, 2, 50),
(1310, 1, 139, 8, 2, 53),
(1311, 1, 139, 9, 2, 60),
(1312, 1, 139, 10, 2, 58),
(1313, 1, 139, 11, 2, 55),
(1314, 1, 139, 12, 2, 60),
(1315, 1, 139, 13, 2, 56),
(1316, 1, 139, 14, 2, 55),
(1317, 1, 141, 1, 1, 10),
(1318, 1, 141, 2, 1, 12),
(1319, 1, 141, 3, 1, 14),
(1320, 1, 141, 4, 0, 0),
(1321, 1, 141, 5, 0, 0),
(1322, 1, 141, 6, 0, 0),
(1323, 1, 141, 7, 0, 0),
(1324, 1, 141, 8, 0, 0),
(1325, 1, 141, 9, 0, 0),
(1326, 1, 141, 10, 0, 0),
(1327, 1, 141, 11, 0, 0),
(1328, 1, 141, 12, 0, 0),
(1329, 1, 141, 13, 0, 0),
(1330, 1, 141, 14, 0, 0),
(1331, 1, 140, 1, 0, 0),
(1332, 1, 140, 2, 2, 30),
(1333, 1, 140, 3, 1, 20),
(1334, 1, 140, 4, 2, 40),
(1335, 1, 140, 5, 2, 45),
(1336, 1, 140, 6, 2, 44),
(1337, 1, 140, 7, 2, 42),
(1338, 1, 140, 8, 2, 50),
(1339, 1, 140, 9, 2, 60),
(1340, 1, 140, 10, 2, 56),
(1341, 1, 140, 11, 2, 58),
(1342, 1, 140, 12, 2, 60),
(1343, 1, 140, 13, 2, 55),
(1344, 1, 140, 14, 2, 54),
(1345, 1, 142, 1, 1, 3),
(1346, 1, 142, 2, 1, 5),
(1347, 1, 142, 3, 1, 9),
(1348, 1, 142, 4, 1, 20),
(1349, 1, 142, 5, 1, 25),
(1350, 1, 142, 6, 1, 30),
(1351, 1, 142, 7, 1, 20),
(1352, 1, 142, 8, 1, 25),
(1353, 1, 142, 9, 1, 30),
(1354, 1, 142, 10, 1, 23),
(1355, 1, 142, 11, 1, 19),
(1356, 1, 142, 12, 1, 25),
(1357, 1, 142, 13, 1, 30),
(1358, 1, 142, 14, 1, 25),
(1359, 1, 144, 1, 2, 26),
(1360, 1, 144, 2, 3, 49),
(1361, 1, 144, 3, 2, 36),
(1362, 1, 144, 4, 2, 30),
(1363, 1, 144, 5, 2, 30),
(1364, 1, 144, 6, 2, 30),
(1365, 1, 144, 7, 2, 30),
(1366, 1, 144, 8, 1, 12),
(1367, 1, 144, 9, 0, 0),
(1368, 1, 144, 10, 0, 0),
(1369, 1, 144, 11, 0, 0),
(1370, 1, 144, 12, 0, 0),
(1371, 1, 144, 13, 0, 0),
(1372, 1, 144, 14, 0, 0),
(1373, 1, 145, 1, 0, 0),
(1374, 1, 145, 2, 1, 12),
(1375, 1, 145, 3, 1, 15),
(1376, 1, 145, 4, 1, 27),
(1377, 1, 145, 5, 1, 28),
(1378, 1, 145, 6, 1, 32),
(1379, 1, 145, 7, 1, 35),
(1380, 1, 145, 8, 1, 30),
(1381, 1, 145, 9, 2, 40),
(1382, 1, 145, 10, 2, 45),
(1383, 1, 145, 11, 2, 42),
(1384, 1, 145, 12, 2, 45),
(1385, 1, 145, 13, 2, 54),
(1386, 1, 145, 14, 2, 51),
(1387, 1, 146, 1, 2, 50),
(1388, 1, 146, 2, 2, 45),
(1389, 1, 146, 3, 3, 70),
(1390, 1, 146, 4, 3, 75),
(1391, 1, 146, 5, 3, 72),
(1392, 1, 146, 6, 3, 74),
(1393, 1, 146, 7, 3, 74),
(1394, 1, 146, 8, 3, 75),
(1395, 1, 146, 9, 2, 50),
(1396, 1, 146, 10, 2, 50),
(1397, 1, 146, 11, 2, 49),
(1398, 1, 146, 12, 2, 52),
(1399, 1, 146, 13, 1, 30),
(1400, 1, 146, 14, 1, 25),
(1401, 1, 147, 1, 0, 0),
(1402, 1, 147, 2, 0, 0),
(1403, 1, 147, 3, 1, 10),
(1404, 1, 147, 4, 1, 25),
(1405, 1, 147, 5, 1, 22),
(1406, 1, 147, 6, 1, 25),
(1407, 1, 147, 7, 1, 24),
(1408, 1, 147, 8, 1, 23),
(1409, 1, 147, 9, 1, 30),
(1410, 1, 147, 10, 1, 32),
(1411, 1, 147, 11, 1, 31),
(1412, 1, 147, 12, 1, 35),
(1413, 1, 147, 13, 1, 30),
(1414, 1, 147, 14, 1, 34),
(1415, 1, 148, 1, 3, 60),
(1416, 1, 148, 2, 3, 56),
(1417, 1, 148, 3, 3, 50),
(1418, 1, 148, 4, 0, 0),
(1419, 1, 148, 5, 0, 0),
(1420, 1, 148, 6, 0, 0),
(1421, 1, 148, 7, 0, 0),
(1422, 1, 148, 8, 0, 0),
(1423, 1, 148, 9, 0, 0),
(1424, 1, 148, 10, 0, 0),
(1425, 1, 148, 11, 0, 0),
(1426, 1, 148, 12, 0, 0),
(1427, 1, 148, 13, 0, 0),
(1428, 1, 148, 14, 0, 0),
(1429, 1, 149, 1, 0, 0),
(1430, 1, 149, 2, 1, 7),
(1431, 1, 149, 3, 1, 12),
(1432, 1, 149, 4, 1, 18),
(1433, 1, 149, 5, 1, 20),
(1434, 1, 149, 6, 1, 20),
(1435, 1, 149, 7, 1, 32),
(1436, 1, 149, 8, 1, 27),
(1437, 1, 149, 9, 1, 28),
(1438, 1, 149, 10, 1, 29),
(1439, 1, 149, 11, 2, 51),
(1440, 1, 149, 12, 2, 52),
(1441, 1, 149, 13, 2, 52),
(1442, 1, 149, 14, 2, 50),
(1443, 1, 150, 1, 0, 0),
(1444, 1, 150, 2, 3, 85),
(1445, 1, 150, 3, 2, 62),
(1446, 1, 150, 4, 2, 57),
(1447, 1, 150, 5, 2, 58),
(1448, 1, 150, 6, 2, 60),
(1449, 1, 150, 7, 2, 58),
(1450, 1, 150, 8, 2, 56),
(1451, 1, 150, 9, 0, 0),
(1452, 1, 150, 10, 0, 0),
(1453, 1, 150, 11, 0, 0),
(1454, 1, 150, 12, 0, 0),
(1455, 1, 150, 13, 0, 0),
(1456, 1, 150, 14, 0, 0),
(1457, 1, 151, 1, 0, 0),
(1458, 1, 151, 2, 1, 15),
(1459, 1, 151, 3, 1, 15),
(1460, 1, 151, 4, 1, 20),
(1461, 1, 151, 5, 1, 21),
(1462, 1, 151, 6, 1, 22),
(1463, 1, 151, 7, 1, 20),
(1464, 1, 151, 8, 1, 18),
(1465, 1, 151, 9, 0, 0),
(1466, 1, 151, 10, 0, 0),
(1467, 1, 151, 11, 0, 0),
(1468, 1, 151, 12, 0, 0),
(1469, 1, 151, 13, 0, 0),
(1470, 1, 151, 14, 0, 0),
(1471, 1, 152, 1, 1, 15),
(1472, 1, 152, 2, 1, 12),
(1473, 1, 152, 3, 1, 18),
(1474, 1, 152, 4, 1, 20),
(1475, 1, 152, 5, 1, 18),
(1476, 1, 152, 6, 1, 20),
(1477, 1, 152, 7, 1, 20),
(1478, 1, 152, 8, 1, 18),
(1479, 1, 152, 9, 0, 0),
(1480, 1, 152, 10, 0, 0),
(1481, 1, 152, 11, 0, 0),
(1482, 1, 152, 12, 0, 0),
(1483, 1, 152, 13, 0, 0),
(1484, 1, 152, 14, 0, 0),
(1485, 1, 153, 1, 2, 45),
(1486, 1, 153, 2, 4, 90),
(1487, 1, 153, 3, 3, 70),
(1488, 1, 153, 4, 5, 120),
(1489, 1, 153, 5, 5, 122),
(1490, 1, 153, 6, 4, 95),
(1491, 1, 153, 7, 4, 98),
(1492, 1, 153, 8, 3, 73),
(1493, 1, 153, 9, 3, 72),
(1494, 1, 153, 10, 4, 97),
(1495, 1, 153, 11, 2, 52),
(1496, 1, 153, 12, 3, 73),
(1497, 1, 153, 13, 2, 51),
(1498, 1, 153, 14, 2, 54),
(1499, 1, 154, 1, 0, 0),
(1500, 1, 154, 2, 1, 8),
(1501, 1, 154, 3, 1, 18),
(1502, 1, 154, 4, 2, 44),
(1503, 1, 154, 5, 1, 40),
(1504, 1, 154, 6, 1, 38),
(1505, 1, 154, 7, 1, 35),
(1506, 1, 154, 8, 1, 40),
(1507, 1, 154, 9, 2, 56),
(1508, 1, 154, 10, 2, 67),
(1509, 1, 154, 11, 3, 78),
(1510, 1, 154, 12, 3, 86),
(1511, 1, 154, 13, 3, 115),
(1512, 1, 154, 14, 4, 100),
(1513, 1, 155, 1, 1, 10),
(1514, 1, 155, 2, 1, 10),
(1515, 1, 155, 3, 1, 10),
(1516, 1, 155, 4, 1, 30),
(1517, 1, 155, 5, 1, 25),
(1518, 1, 155, 6, 1, 27),
(1519, 1, 155, 7, 1, 26),
(1520, 1, 155, 8, 1, 20),
(1521, 1, 155, 9, 0, 0),
(1522, 1, 155, 10, 0, 0),
(1523, 1, 155, 11, 0, 0),
(1524, 1, 155, 12, 0, 0),
(1525, 1, 155, 13, 0, 0),
(1526, 1, 155, 14, 0, 0),
(1527, 1, 156, 1, 1, 24),
(1528, 1, 156, 2, 1, 35),
(1529, 1, 156, 3, 1, 38),
(1530, 1, 156, 4, 1, 36),
(1531, 1, 156, 5, 2, 68),
(1532, 1, 156, 6, 2, 80),
(1533, 1, 156, 7, 2, 65),
(1534, 1, 156, 8, 3, 100),
(1535, 1, 156, 9, 3, 115),
(1536, 1, 156, 10, 3, 111),
(1537, 1, 156, 11, 3, 90),
(1538, 1, 156, 12, 2, 71),
(1539, 1, 156, 13, 2, 76),
(1540, 1, 156, 14, 2, 52),
(1541, 1, 158, 1, 2, 40),
(1542, 1, 158, 2, 2, 42),
(1543, 1, 158, 3, 3, 60),
(1544, 1, 158, 4, 3, 105),
(1545, 1, 158, 5, 2, 64),
(1546, 1, 158, 6, 2, 60),
(1547, 1, 158, 7, 2, 58),
(1548, 1, 158, 8, 2, 54),
(1549, 1, 158, 9, 0, 0),
(1550, 1, 158, 10, 0, 0),
(1551, 1, 158, 11, 0, 0),
(1552, 1, 158, 12, 0, 0),
(1553, 1, 158, 13, 0, 0),
(1554, 1, 158, 14, 0, 0),
(1555, 1, 160, 1, 0, 0),
(1556, 1, 160, 2, 0, 0),
(1557, 1, 160, 3, 0, 0),
(1558, 1, 160, 4, 1, 25),
(1559, 1, 160, 5, 1, 32),
(1560, 1, 160, 6, 1, 30),
(1561, 1, 160, 7, 2, 25),
(1562, 1, 160, 8, 1, 32),
(1563, 1, 160, 9, 2, 64),
(1564, 1, 160, 10, 2, 60),
(1565, 1, 160, 11, 1, 29),
(1566, 1, 160, 12, 1, 28),
(1567, 1, 160, 13, 1, 32),
(1568, 1, 160, 14, 1, 31),
(1569, 1, 161, 1, 0, 0),
(1570, 1, 161, 2, 2, 38),
(1571, 1, 161, 3, 2, 37),
(1572, 1, 161, 4, 3, 93),
(1573, 1, 161, 5, 3, 95),
(1574, 1, 161, 6, 3, 96),
(1575, 1, 161, 7, 3, 98),
(1576, 1, 161, 8, 3, 94),
(1577, 1, 161, 9, 3, 98),
(1578, 1, 161, 10, 3, 95),
(1579, 1, 161, 11, 3, 95),
(1580, 1, 161, 12, 3, 94),
(1581, 1, 161, 13, 3, 93),
(1582, 1, 161, 14, 2, 68),
(1583, 1, 162, 1, 1, 19),
(1584, 1, 162, 2, 1, 24),
(1585, 1, 162, 3, 2, 52),
(1586, 1, 162, 4, 2, 48),
(1587, 1, 162, 5, 2, 46),
(1588, 1, 162, 6, 2, 40),
(1589, 1, 162, 7, 2, 42),
(1590, 1, 162, 8, 2, 38),
(1591, 1, 162, 9, 2, 52),
(1592, 1, 162, 10, 2, 50),
(1593, 1, 162, 11, 1, 40),
(1594, 1, 162, 12, 1, 38),
(1595, 1, 162, 13, 1, 36),
(1596, 1, 162, 14, 1, 35),
(1597, 1, 163, 1, 0, 0),
(1598, 1, 163, 2, 0, 0),
(1599, 1, 163, 3, 2, 24),
(1600, 1, 163, 4, 1, 36),
(1601, 1, 163, 5, 2, 28),
(1602, 1, 163, 6, 2, 27),
(1603, 1, 163, 7, 1, 35),
(1604, 1, 163, 8, 2, 30),
(1605, 1, 163, 9, 2, 32),
(1606, 1, 163, 10, 2, 30),
(1607, 1, 163, 11, 2, 32),
(1608, 1, 163, 12, 1, 35),
(1609, 1, 163, 13, 1, 38),
(1610, 1, 163, 14, 2, 28),
(1611, 1, 164, 1, 3, 60),
(1612, 1, 164, 2, 3, 68),
(1613, 1, 164, 3, 3, 89),
(1614, 1, 164, 4, 3, 92),
(1615, 1, 164, 5, 3, 90),
(1616, 1, 164, 6, 3, 92),
(1617, 1, 164, 7, 3, 88),
(1618, 1, 164, 8, 3, 86),
(1619, 1, 164, 9, 4, 120),
(1620, 1, 164, 10, 3, 96),
(1621, 1, 164, 11, 3, 90),
(1622, 1, 164, 12, 3, 92),
(1623, 1, 164, 13, 3, 84),
(1624, 1, 164, 14, 3, 80),
(1625, 1, 165, 1, 3, 70),
(1626, 1, 165, 2, 3, 72),
(1627, 1, 165, 3, 3, 70),
(1628, 1, 165, 4, 3, 85),
(1629, 1, 165, 5, 3, 75),
(1630, 1, 165, 6, 3, 70),
(1631, 1, 165, 7, 3, 75),
(1632, 1, 165, 8, 3, 70),
(1633, 1, 165, 9, 3, 85),
(1634, 1, 165, 10, 3, 80),
(1635, 1, 165, 11, 3, 73),
(1636, 1, 165, 12, 3, 75),
(1637, 1, 165, 13, 3, 80),
(1638, 1, 165, 14, 3, 75),
(1639, 1, 167, 1, 3, 74),
(1640, 1, 167, 2, 3, 76),
(1641, 1, 167, 3, 4, 120),
(1642, 1, 167, 4, 4, 135),
(1643, 1, 167, 5, 4, 130),
(1644, 1, 167, 6, 4, 132),
(1645, 1, 167, 7, 4, 128),
(1646, 1, 167, 8, 4, 130),
(1647, 1, 167, 9, 4, 140),
(1648, 1, 167, 10, 4, 136),
(1649, 1, 167, 11, 4, 134),
(1650, 1, 167, 12, 4, 130),
(1651, 1, 167, 13, 4, 128),
(1652, 1, 167, 14, 4, 117),
(1653, 1, 168, 1, 0, 0),
(1654, 1, 168, 2, 0, 0),
(1655, 1, 168, 3, 0, 0),
(1656, 1, 168, 4, 2, 64),
(1657, 1, 168, 5, 3, 80),
(1658, 1, 168, 6, 3, 82),
(1659, 1, 168, 7, 3, 80),
(1660, 1, 168, 8, 3, 90),
(1661, 1, 168, 9, 4, 150),
(1662, 1, 168, 10, 4, 140),
(1663, 1, 168, 11, 4, 150),
(1664, 1, 168, 12, 4, 160),
(1665, 1, 168, 13, 4, 130),
(1666, 1, 168, 14, 4, 123),
(1667, 1, 172, 1, 0, 0),
(1668, 1, 172, 2, 0, 0),
(1669, 1, 172, 3, 1, 30),
(1670, 1, 172, 4, 1, 35),
(1671, 1, 172, 5, 1, 30),
(1672, 1, 172, 6, 1, 30),
(1673, 1, 172, 7, 1, 30),
(1674, 1, 172, 8, 1, 30),
(1675, 1, 172, 9, 1, 35),
(1676, 1, 172, 10, 1, 30),
(1677, 1, 172, 11, 1, 30),
(1678, 1, 172, 12, 1, 30),
(1679, 1, 172, 13, 1, 30),
(1680, 1, 172, 14, 1, 30),
(1681, 1, 177, 1, 1, 18),
(1682, 1, 177, 2, 1, 15),
(1683, 1, 177, 3, 1, 20),
(1684, 1, 177, 4, 1, 28),
(1685, 1, 177, 5, 1, 27),
(1686, 1, 177, 6, 1, 28),
(1687, 1, 177, 7, 1, 27),
(1688, 1, 177, 8, 1, 27),
(1689, 1, 177, 9, 0, 0),
(1690, 1, 177, 10, 0, 0),
(1691, 1, 177, 11, 0, 0),
(1692, 1, 177, 12, 0, 0),
(1693, 1, 177, 13, 0, 0),
(1694, 1, 177, 14, 0, 0),
(1695, 1, 170, 1, 0, 0),
(1696, 1, 170, 2, 2, 49),
(1697, 1, 170, 3, 2, 62),
(1698, 1, 170, 4, 2, 53),
(1699, 1, 170, 5, 2, 54),
(1700, 1, 170, 6, 2, 50),
(1701, 1, 170, 7, 2, 52),
(1702, 1, 170, 8, 2, 55),
(1703, 1, 170, 9, 2, 58),
(1704, 1, 170, 10, 2, 54),
(1705, 1, 170, 11, 2, 53),
(1706, 1, 170, 12, 2, 50),
(1707, 1, 170, 13, 2, 51),
(1708, 1, 170, 14, 2, 51),
(1709, 1, 180, 1, 0, 0),
(1710, 1, 180, 2, 1, 14),
(1711, 1, 180, 3, 1, 15),
(1712, 1, 180, 4, 1, 13),
(1713, 1, 180, 5, 1, 14),
(1714, 1, 180, 6, 1, 12),
(1715, 1, 180, 7, 1, 15),
(1716, 1, 180, 8, 1, 15),
(1717, 1, 180, 9, 1, 14),
(1718, 1, 180, 10, 1, 14),
(1719, 1, 180, 11, 1, 15),
(1720, 1, 180, 12, 1, 14),
(1721, 1, 180, 13, 1, 13),
(1722, 1, 180, 14, 1, 12),
(1723, 1, 182, 1, 1, 20),
(1724, 1, 182, 2, 1, 22),
(1725, 1, 182, 3, 1, 17),
(1726, 1, 182, 4, 1, 20),
(1727, 1, 182, 5, 1, 21),
(1728, 1, 182, 6, 1, 17),
(1729, 1, 182, 7, 1, 18),
(1730, 1, 182, 8, 1, 20),
(1731, 1, 182, 9, 0, 0),
(1732, 1, 182, 10, 0, 0),
(1733, 1, 182, 11, 0, 0),
(1734, 1, 182, 12, 0, 0),
(1735, 1, 182, 13, 0, 0),
(1736, 1, 182, 14, 0, 0),
(1737, 1, 183, 1, 0, 0),
(1738, 1, 183, 2, 0, 0),
(1739, 1, 183, 3, 1, 10),
(1740, 1, 183, 4, 1, 12),
(1741, 1, 183, 5, 1, 18),
(1742, 1, 183, 6, 1, 21),
(1743, 1, 183, 7, 1, 16),
(1744, 1, 183, 8, 1, 10),
(1745, 1, 183, 9, 0, 0),
(1746, 1, 183, 10, 0, 0),
(1747, 1, 183, 11, 0, 0),
(1748, 1, 183, 12, 0, 0),
(1749, 1, 183, 13, 0, 0),
(1750, 1, 183, 14, 0, 0),
(1751, 1, 181, 1, 2, 44),
(1752, 1, 181, 2, 2, 40),
(1753, 1, 181, 3, 2, 62),
(1754, 1, 181, 4, 2, 64),
(1755, 1, 181, 5, 2, 57),
(1756, 1, 181, 6, 2, 50),
(1757, 1, 181, 7, 2, 52),
(1758, 1, 181, 8, 2, 53),
(1759, 1, 181, 9, 2, 60),
(1760, 1, 181, 10, 2, 57),
(1761, 1, 181, 11, 2, 54),
(1762, 1, 181, 12, 2, 53),
(1763, 1, 181, 13, 2, 50),
(1764, 1, 181, 14, 2, 46),
(1765, 1, 184, 1, 0, 0),
(1766, 1, 184, 2, 0, 0),
(1767, 1, 184, 3, 1, 10),
(1768, 1, 184, 4, 1, 17),
(1769, 1, 184, 5, 1, 28),
(1770, 1, 184, 6, 1, 24),
(1771, 1, 184, 7, 1, 32),
(1772, 1, 184, 8, 1, 26),
(1773, 1, 184, 9, 1, 34),
(1774, 1, 184, 10, 1, 36),
(1775, 1, 184, 11, 1, 34),
(1776, 1, 184, 12, 1, 32),
(1777, 1, 184, 13, 1, 19),
(1778, 1, 184, 14, 1, 24),
(1779, 1, 186, 1, 0, 0),
(1780, 1, 186, 2, 0, 0),
(1781, 1, 186, 3, 1, 14),
(1782, 1, 186, 4, 1, 19),
(1783, 1, 186, 5, 1, 14),
(1784, 1, 186, 6, 1, 25),
(1785, 1, 186, 7, 1, 27),
(1786, 1, 186, 8, 1, 22),
(1787, 1, 186, 9, 1, 25),
(1788, 1, 186, 10, 1, 26),
(1789, 1, 186, 11, 1, 27),
(1790, 1, 186, 12, 1, 30),
(1791, 1, 186, 13, 1, 32),
(1792, 1, 186, 14, 1, 40),
(1793, 1, 185, 1, 3, 75),
(1794, 1, 185, 2, 4, 94),
(1795, 1, 185, 3, 4, 100),
(1796, 1, 185, 4, 4, 94),
(1797, 1, 185, 5, 4, 96),
(1798, 1, 185, 6, 4, 104),
(1799, 1, 185, 7, 2, 98),
(1800, 1, 185, 8, 2, 68),
(1801, 1, 185, 9, 0, 0),
(1802, 1, 185, 10, 0, 0),
(1803, 1, 185, 11, 0, 0),
(1804, 1, 185, 12, 0, 0),
(1805, 1, 185, 13, 0, 0),
(1806, 1, 185, 14, 0, 0),
(1807, 1, 187, 1, 1, 12),
(1808, 1, 187, 2, 1, 15),
(1809, 1, 187, 3, 1, 14),
(1810, 1, 187, 4, 1, 17),
(1811, 1, 187, 5, 1, 18),
(1812, 1, 187, 6, 1, 20),
(1813, 1, 187, 7, 1, 20),
(1814, 1, 187, 8, 1, 18),
(1815, 1, 187, 9, 1, 18),
(1816, 1, 187, 10, 1, 17),
(1817, 1, 187, 11, 1, 18),
(1818, 1, 187, 12, 1, 20),
(1819, 1, 187, 13, 1, 18),
(1820, 1, 187, 14, 1, 17),
(1821, 1, 188, 1, 2, 40),
(1822, 1, 188, 2, 2, 40),
(1823, 1, 188, 3, 2, 48),
(1824, 1, 188, 4, 2, 46),
(1825, 1, 188, 5, 2, 42),
(1826, 1, 188, 6, 2, 40),
(1827, 1, 188, 7, 2, 42),
(1828, 1, 188, 8, 2, 40),
(1829, 1, 188, 9, 2, 48),
(1830, 1, 188, 10, 2, 40),
(1831, 1, 188, 11, 2, 40),
(1832, 1, 188, 12, 2, 41),
(1833, 1, 188, 13, 2, 40),
(1834, 1, 188, 14, 2, 38),
(1835, 1, 189, 1, 0, 0),
(1836, 1, 189, 2, 1, 20),
(1837, 1, 189, 3, 2, 65),
(1838, 1, 189, 4, 2, 60),
(1839, 1, 189, 5, 2, 65),
(1840, 1, 189, 6, 2, 63),
(1841, 1, 189, 7, 2, 65),
(1842, 1, 189, 8, 2, 67),
(1843, 1, 189, 9, 2, 70),
(1844, 1, 189, 10, 2, 68),
(1845, 1, 189, 11, 2, 70),
(1846, 1, 189, 12, 2, 66),
(1847, 1, 189, 13, 2, 70),
(1848, 1, 189, 14, 2, 65),
(1849, 1, 191, 1, 0, 0),
(1850, 1, 191, 2, 1, 19),
(1851, 1, 191, 3, 1, 22),
(1852, 1, 191, 4, 3, 95),
(1853, 1, 191, 5, 4, 119),
(1854, 1, 191, 6, 3, 93),
(1855, 1, 191, 7, 4, 106),
(1856, 1, 191, 8, 2, 66),
(1857, 1, 191, 9, 3, 99),
(1858, 1, 191, 10, 2, 71),
(1859, 1, 191, 11, 2, 64),
(1860, 1, 191, 12, 2, 67),
(1861, 1, 191, 13, 2, 55),
(1862, 1, 191, 14, 2, 52),
(1863, 1, 195, 1, 0, 0),
(1864, 1, 195, 2, 2, 28),
(1865, 1, 195, 3, 2, 48),
(1866, 1, 195, 4, 2, 63),
(1867, 1, 195, 5, 2, 64),
(1868, 1, 195, 6, 2, 60),
(1869, 1, 195, 7, 2, 61),
(1870, 1, 195, 8, 2, 65),
(1871, 1, 195, 9, 2, 70),
(1872, 1, 195, 10, 2, 72),
(1873, 1, 195, 11, 2, 64),
(1874, 1, 195, 12, 2, 66),
(1875, 1, 195, 13, 2, 60),
(1876, 1, 195, 14, 2, 60),
(1877, 1, 196, 1, 0, 0),
(1878, 1, 196, 2, 1, 21),
(1879, 1, 196, 3, 1, 20),
(1880, 1, 196, 4, 1, 22),
(1881, 1, 196, 5, 1, 21),
(1882, 1, 196, 6, 1, 20),
(1883, 1, 196, 7, 1, 21),
(1884, 1, 196, 8, 1, 19),
(1885, 1, 196, 9, 1, 22),
(1886, 1, 196, 10, 1, 22),
(1887, 1, 196, 11, 1, 21),
(1888, 1, 196, 12, 1, 20),
(1889, 1, 196, 13, 1, 19),
(1890, 1, 196, 14, 1, 18),
(1891, 1, 197, 1, 0, 0),
(1892, 1, 197, 2, 2, 40),
(1893, 1, 197, 3, 2, 40),
(1894, 1, 197, 4, 1, 35),
(1895, 1, 197, 5, 1, 34),
(1896, 1, 197, 6, 1, 32),
(1897, 1, 197, 7, 1, 36),
(1898, 1, 197, 8, 1, 35),
(1899, 1, 197, 9, 1, 40),
(1900, 1, 197, 10, 1, 38),
(1901, 1, 197, 11, 1, 36),
(1902, 1, 197, 12, 1, 35),
(1903, 1, 197, 13, 1, 34),
(1904, 1, 197, 14, 1, 30),
(1905, 1, 198, 1, 1, 10),
(1906, 1, 198, 2, 1, 10),
(1907, 1, 198, 3, 1, 10),
(1908, 1, 198, 4, 2, 25),
(1909, 1, 198, 5, 2, 25),
(1910, 1, 198, 6, 2, 25),
(1911, 1, 198, 7, 2, 25),
(1912, 1, 198, 8, 2, 25),
(1913, 1, 198, 9, 2, 27),
(1914, 1, 198, 10, 2, 27),
(1915, 1, 198, 11, 2, 27),
(1916, 1, 198, 12, 2, 27),
(1917, 1, 198, 13, 2, 27),
(1918, 1, 198, 14, 3, 75),
(1919, 1, 199, 1, 0, 0),
(1920, 1, 199, 2, 1, 23),
(1921, 1, 199, 3, 1, 32),
(1922, 1, 199, 4, 1, 29),
(1923, 1, 199, 5, 1, 27),
(1924, 1, 199, 6, 1, 24),
(1925, 1, 199, 7, 1, 20),
(1926, 1, 199, 8, 1, 21),
(1927, 1, 199, 9, 1, 26),
(1928, 1, 199, 10, 1, 20),
(1929, 1, 199, 11, 1, 24),
(1930, 1, 199, 12, 1, 20),
(1931, 1, 199, 13, 0, 0),
(1932, 1, 199, 14, 0, 0),
(1933, 1, 119, 1, 1, 3),
(1934, 1, 119, 2, 1, 4),
(1935, 1, 119, 3, 1, 10),
(1936, 1, 119, 4, 1, 19),
(1937, 1, 119, 5, 1, 20),
(1938, 1, 119, 6, 1, 19),
(1939, 1, 119, 7, 1, 20),
(1940, 1, 119, 8, 1, 24),
(1941, 1, 119, 9, 2, 31),
(1942, 1, 119, 10, 1, 25),
(1943, 1, 119, 11, 2, 40),
(1944, 1, 119, 12, 2, 41),
(1945, 1, 119, 13, 2, 34),
(1946, 1, 119, 14, 2, 38),
(1947, 1, 203, 1, 0, 0),
(1948, 1, 203, 2, 1, 5),
(1949, 1, 203, 3, 1, 10),
(1950, 1, 203, 4, 1, 13),
(1951, 1, 203, 5, 1, 12),
(1952, 1, 203, 6, 1, 20),
(1953, 1, 203, 7, 1, 29),
(1954, 1, 203, 8, 1, 20),
(1955, 1, 203, 9, 1, 22),
(1956, 1, 203, 10, 1, 23),
(1957, 1, 203, 11, 1, 18),
(1958, 1, 203, 12, 1, 25),
(1959, 1, 203, 13, 1, 38),
(1960, 1, 203, 14, 1, 34),
(1961, 1, 204, 1, 1, 7),
(1962, 1, 204, 2, 1, 8),
(1963, 1, 204, 3, 1, 18),
(1964, 1, 204, 4, 1, 10),
(1965, 1, 204, 5, 1, 16),
(1966, 1, 204, 6, 1, 7),
(1967, 1, 204, 7, 1, 17),
(1968, 1, 204, 8, 1, 15),
(1969, 1, 204, 9, 0, 0),
(1970, 1, 204, 10, 0, 0),
(1971, 1, 204, 11, 0, 0),
(1972, 1, 204, 12, 0, 0),
(1973, 1, 204, 13, 0, 0),
(1974, 1, 204, 14, 0, 0),
(1975, 1, 205, 1, 0, 0),
(1976, 1, 205, 2, 0, 0),
(1977, 1, 205, 3, 0, 0),
(1978, 1, 205, 4, 0, 0),
(1979, 1, 205, 5, 0, 0),
(1980, 1, 205, 6, 0, 0),
(1981, 1, 205, 7, 0, 0),
(1982, 1, 205, 8, 0, 0),
(1983, 1, 205, 9, 0, 0),
(1984, 1, 205, 10, 0, 0),
(1985, 1, 205, 11, 0, 0),
(1986, 1, 205, 12, 0, 0),
(1987, 1, 205, 13, 0, 0),
(1988, 1, 205, 14, 0, 0),
(1989, 1, 206, 1, 0, 0),
(1990, 1, 206, 2, 0, 10),
(1991, 1, 206, 3, 0, 13),
(1992, 1, 206, 4, 0, 21),
(1993, 1, 206, 5, 0, 18),
(1994, 1, 206, 6, 0, 18),
(1995, 1, 206, 7, 0, 20),
(1996, 1, 206, 8, 0, 16),
(1997, 1, 206, 9, 0, 0),
(1998, 1, 206, 10, 0, 0),
(1999, 1, 206, 11, 0, 0),
(2000, 1, 206, 12, 0, 0),
(2001, 1, 206, 13, 0, 0),
(2002, 1, 206, 14, 0, 0),
(2003, 1, 207, 1, 1, 3),
(2004, 1, 207, 2, 1, 12),
(2005, 1, 207, 3, 1, 16),
(2006, 1, 207, 4, 0, 0),
(2007, 1, 207, 5, 0, 0),
(2008, 1, 207, 6, 0, 0),
(2009, 1, 207, 7, 0, 0),
(2010, 1, 207, 8, 0, 0),
(2011, 1, 207, 9, 0, 0),
(2012, 1, 207, 10, 0, 0),
(2013, 1, 207, 11, 0, 0),
(2014, 1, 207, 12, 0, 0),
(2015, 1, 207, 13, 0, 0),
(2016, 1, 207, 14, 0, 0),
(2017, 1, 209, 1, 0, 0),
(2018, 1, 209, 2, 2, 30),
(2019, 1, 209, 3, 3, 51),
(2020, 1, 209, 4, 4, 90),
(2021, 1, 209, 5, 4, 100),
(2022, 1, 209, 6, 4, 105),
(2023, 1, 209, 7, 4, 117),
(2024, 1, 209, 8, 3, 113),
(2025, 1, 209, 9, 3, 105),
(2026, 1, 209, 10, 3, 110),
(2027, 1, 209, 11, 3, 97),
(2028, 1, 209, 12, 3, 109),
(2029, 1, 209, 13, 3, 85),
(2030, 1, 209, 14, 3, 96),
(2031, 1, 210, 1, 0, 0),
(2032, 1, 210, 2, 0, 0),
(2033, 1, 210, 3, 0, 0),
(2034, 1, 210, 4, 1, 26),
(2035, 1, 210, 5, 1, 22),
(2036, 1, 210, 6, 1, 19),
(2037, 1, 210, 7, 1, 24),
(2038, 1, 210, 8, 1, 19),
(2039, 1, 210, 9, 1, 32),
(2040, 1, 210, 10, 1, 29),
(2041, 1, 210, 11, 1, 32),
(2042, 1, 210, 12, 1, 33),
(2043, 1, 210, 13, 1, 33),
(2044, 1, 210, 14, 1, 34),
(2045, 1, 211, 1, 1, 3),
(2046, 1, 211, 2, 1, 11),
(2047, 1, 211, 3, 1, 23),
(2048, 1, 211, 4, 1, 25),
(2049, 1, 211, 5, 1, 32),
(2050, 1, 211, 6, 1, 35),
(2051, 1, 211, 7, 1, 35),
(2052, 1, 211, 8, 1, 32),
(2053, 1, 211, 9, 1, 30),
(2054, 1, 211, 10, 1, 31),
(2055, 1, 211, 11, 1, 29),
(2056, 1, 211, 12, 1, 24),
(2057, 1, 211, 13, 1, 32),
(2058, 1, 211, 14, 1, 21),
(2059, 1, 212, 1, 0, 0),
(2060, 1, 212, 2, 1, 3),
(2061, 1, 212, 3, 1, 20),
(2062, 1, 212, 4, 1, 20),
(2063, 1, 212, 5, 1, 26),
(2064, 1, 212, 6, 1, 24),
(2065, 1, 212, 7, 1, 28),
(2066, 1, 212, 8, 1, 22),
(2067, 1, 212, 9, 2, 38),
(2068, 1, 212, 10, 1, 30),
(2069, 1, 212, 11, 1, 30),
(2070, 1, 212, 12, 2, 25),
(2071, 1, 212, 13, 1, 25),
(2072, 1, 212, 14, 1, 30),
(2073, 1, 213, 1, 0, 0),
(2074, 1, 213, 2, 0, 0),
(2075, 1, 213, 3, 1, 5),
(2076, 1, 213, 4, 1, 11),
(2077, 1, 213, 5, 1, 19),
(2078, 1, 213, 6, 2, 27),
(2079, 1, 213, 7, 1, 18),
(2080, 1, 213, 8, 1, 13),
(2081, 1, 213, 9, 1, 16),
(2082, 1, 213, 10, 1, 20),
(2083, 1, 213, 11, 1, 19),
(2084, 1, 213, 12, 1, 17),
(2085, 1, 213, 13, 1, 16),
(2086, 1, 213, 14, 1, 14),
(2087, 1, 214, 1, 0, 0),
(2088, 1, 214, 2, 2, 43),
(2089, 1, 214, 3, 3, 70),
(2090, 1, 214, 4, 3, 73),
(2091, 1, 214, 5, 3, 71),
(2092, 1, 214, 6, 3, 69),
(2093, 1, 214, 7, 3, 68),
(2094, 1, 214, 8, 2, 64),
(2095, 1, 214, 9, 2, 57),
(2096, 1, 214, 10, 2, 60),
(2097, 1, 214, 11, 2, 69),
(2098, 1, 214, 12, 2, 57),
(2099, 1, 214, 13, 2, 55),
(2100, 1, 214, 14, 2, 47),
(2101, 1, 215, 1, 0, 0),
(2102, 1, 215, 2, 0, 0),
(2103, 1, 215, 3, 0, 0),
(2104, 1, 215, 4, 1, 16),
(2105, 1, 215, 5, 0, 19),
(2106, 1, 215, 6, 0, 14),
(2107, 1, 215, 7, 0, 21),
(2108, 1, 215, 8, 0, 8),
(2109, 1, 215, 9, 0, 0),
(2110, 1, 215, 10, 0, 0),
(2111, 1, 215, 11, 0, 0),
(2112, 1, 215, 12, 0, 0),
(2113, 1, 215, 13, 0, 0),
(2114, 1, 215, 14, 0, 0),
(2115, 1, 216, 1, 1, 6),
(2116, 1, 216, 2, 2, 35),
(2117, 1, 216, 3, 1, 22),
(2118, 1, 216, 4, 0, 0),
(2119, 1, 216, 5, 0, 0),
(2120, 1, 216, 6, 0, 0),
(2121, 1, 216, 7, 0, 0),
(2122, 1, 216, 8, 0, 0),
(2123, 1, 216, 9, 0, 0),
(2124, 1, 216, 10, 0, 0),
(2125, 1, 216, 11, 0, 0),
(2126, 1, 216, 12, 0, 0),
(2127, 1, 216, 13, 0, 0),
(2128, 1, 216, 14, 0, 0),
(2129, 1, 217, 1, 3, 60),
(2130, 1, 217, 2, 5, 104),
(2131, 1, 217, 3, 6, 130),
(2132, 1, 217, 4, 0, 0),
(2133, 1, 217, 5, 0, 0),
(2134, 1, 217, 6, 0, 0),
(2135, 1, 217, 7, 0, 0),
(2136, 1, 217, 8, 0, 0),
(2137, 1, 217, 9, 0, 0),
(2138, 1, 217, 10, 0, 0),
(2139, 1, 217, 11, 0, 0),
(2140, 1, 217, 12, 0, 0),
(2141, 1, 217, 13, 0, 0),
(2142, 1, 217, 14, 0, 0),
(2143, 1, 218, 1, 0, 0),
(2144, 1, 218, 2, 1, 7),
(2145, 1, 218, 3, 1, 18),
(2146, 1, 218, 4, 2, 26),
(2147, 1, 218, 5, 1, 29),
(2148, 1, 218, 6, 2, 37),
(2149, 1, 218, 7, 1, 31),
(2150, 1, 218, 8, 2, 35),
(2151, 1, 218, 9, 2, 68),
(2152, 1, 218, 10, 2, 64),
(2153, 1, 218, 11, 2, 56),
(2154, 1, 218, 12, 3, 74),
(2155, 1, 218, 13, 3, 71),
(2156, 1, 218, 14, 3, 75),
(2157, 1, 219, 1, 0, 0),
(2158, 1, 219, 2, 0, 0),
(2159, 1, 219, 3, 1, 10),
(2160, 1, 219, 4, 1, 14),
(2161, 1, 219, 5, 1, 13),
(2162, 1, 219, 6, 1, 20);
INSERT INTO `grados_paralelos` (`id`, `id_periodo`, `id_colegio`, `id_grado`, `paralelos`, `alumnos`) VALUES
(2163, 1, 219, 7, 1, 19),
(2164, 1, 219, 8, 1, 27),
(2165, 1, 219, 9, 1, 29),
(2166, 1, 219, 10, 1, 27),
(2167, 1, 219, 11, 1, 22),
(2168, 1, 219, 12, 1, 17),
(2169, 1, 219, 13, 1, 19),
(2170, 1, 219, 14, 1, 16),
(2171, 1, 208, 1, 0, 6),
(2172, 1, 208, 2, 0, 8),
(2173, 1, 208, 3, 0, 18),
(2174, 1, 208, 4, 1, 17),
(2175, 1, 208, 5, 2, 27),
(2176, 1, 208, 6, 2, 29),
(2177, 1, 208, 7, 2, 26),
(2178, 1, 208, 8, 2, 25),
(2179, 1, 208, 9, 2, 42),
(2180, 1, 208, 10, 2, 40),
(2181, 1, 208, 11, 3, 60),
(2182, 1, 208, 12, 3, 60),
(2183, 1, 208, 13, 3, 55),
(2184, 1, 208, 14, 2, 40),
(2185, 1, 220, 1, 1, 3),
(2186, 1, 220, 2, 1, 7),
(2187, 1, 220, 3, 1, 6),
(2188, 1, 220, 4, 1, 16),
(2189, 1, 220, 5, 1, 25),
(2190, 1, 220, 6, 1, 16),
(2191, 1, 220, 7, 1, 15),
(2192, 1, 220, 8, 1, 18),
(2193, 1, 220, 9, 1, 23),
(2194, 1, 220, 10, 1, 14),
(2195, 1, 220, 11, 1, 18),
(2196, 1, 220, 12, 1, 15),
(2197, 1, 220, 13, 1, 14),
(2198, 1, 220, 14, 1, 14),
(2199, 1, 221, 1, 0, 0),
(2200, 1, 221, 2, 0, 0),
(2201, 1, 221, 3, 1, 5),
(2202, 1, 221, 4, 0, 8),
(2203, 1, 221, 5, 0, 9),
(2204, 1, 221, 6, 0, 15),
(2205, 1, 221, 7, 0, 13),
(2206, 1, 221, 8, 0, 12),
(2207, 1, 221, 9, 0, 17),
(2208, 1, 221, 10, 0, 28),
(2209, 1, 221, 11, 0, 31),
(2210, 1, 221, 12, 0, 18),
(2211, 1, 221, 13, 0, 21),
(2212, 1, 221, 14, 0, 32),
(2213, 1, 222, 1, 0, 0),
(2214, 1, 222, 2, 0, 0),
(2215, 1, 222, 3, 1, 17),
(2216, 1, 222, 4, 1, 17),
(2217, 1, 222, 5, 1, 22),
(2218, 1, 222, 6, 1, 27),
(2219, 1, 222, 7, 1, 14),
(2220, 1, 222, 8, 1, 17),
(2221, 1, 222, 9, 1, 31),
(2222, 1, 222, 10, 1, 28),
(2223, 1, 222, 11, 1, 29),
(2224, 1, 222, 12, 1, 35),
(2225, 1, 222, 13, 1, 28),
(2226, 1, 222, 14, 1, 33),
(2227, 1, 223, 1, 1, 10),
(2228, 1, 223, 2, 1, 12),
(2229, 1, 223, 3, 1, 14),
(2230, 1, 223, 4, 0, 0),
(2231, 1, 223, 5, 0, 0),
(2232, 1, 223, 6, 0, 0),
(2233, 1, 223, 7, 0, 0),
(2234, 1, 223, 8, 0, 0),
(2235, 1, 223, 9, 0, 0),
(2236, 1, 223, 10, 0, 0),
(2237, 1, 223, 11, 0, 0),
(2238, 1, 223, 12, 0, 0),
(2239, 1, 223, 13, 0, 0),
(2240, 1, 223, 14, 0, 0),
(2241, 1, 224, 1, 1, 20),
(2242, 1, 224, 2, 1, 32),
(2243, 1, 224, 3, 1, 31),
(2244, 1, 224, 4, 1, 30),
(2245, 1, 224, 5, 1, 25),
(2246, 1, 224, 6, 1, 17),
(2247, 1, 224, 7, 1, 18),
(2248, 1, 224, 8, 1, 24),
(2249, 1, 224, 9, 0, 0),
(2250, 1, 224, 10, 0, 0),
(2251, 1, 224, 11, 0, 0),
(2252, 1, 224, 12, 0, 0),
(2253, 1, 224, 13, 0, 0),
(2254, 1, 224, 14, 0, 0),
(2255, 1, 225, 1, 0, 0),
(2256, 1, 225, 2, 0, 8),
(2257, 1, 225, 3, 0, 20),
(2258, 1, 225, 4, 0, 20),
(2259, 1, 225, 5, 0, 25),
(2260, 1, 225, 6, 0, 34),
(2261, 1, 225, 7, 0, 33),
(2262, 1, 225, 8, 0, 35),
(2263, 1, 225, 9, 0, 46),
(2264, 1, 225, 10, 0, 42),
(2265, 1, 225, 11, 0, 34),
(2266, 1, 225, 12, 0, 36),
(2267, 1, 225, 13, 0, 34),
(2268, 1, 225, 14, 0, 27),
(2269, 1, 226, 1, 1, 28),
(2270, 1, 226, 2, 2, 22),
(2271, 1, 226, 3, 1, 11),
(2272, 1, 226, 4, 0, 0),
(2273, 1, 226, 5, 0, 0),
(2274, 1, 226, 6, 0, 0),
(2275, 1, 226, 7, 0, 0),
(2276, 1, 226, 8, 0, 0),
(2277, 1, 226, 9, 0, 0),
(2278, 1, 226, 10, 0, 0),
(2279, 1, 226, 11, 0, 0),
(2280, 1, 226, 12, 0, 0),
(2281, 1, 226, 13, 0, 0),
(2282, 1, 226, 14, 0, 0),
(2283, 1, 227, 1, 0, 0),
(2284, 1, 227, 2, 1, 7),
(2285, 1, 227, 3, 1, 17),
(2286, 1, 227, 4, 1, 27),
(2287, 1, 227, 5, 1, 30),
(2288, 1, 227, 6, 1, 24),
(2289, 1, 227, 7, 1, 37),
(2290, 1, 227, 8, 2, 43),
(2291, 1, 227, 9, 1, 25),
(2292, 1, 227, 10, 1, 20),
(2293, 1, 227, 11, 1, 15),
(2294, 1, 227, 12, 11, 22),
(2295, 1, 227, 13, 1, 12),
(2296, 1, 227, 14, 1, 14),
(2297, 2, 24, 1, 9, 9),
(2298, 2, 24, 2, 8, 8),
(2299, 2, 24, 3, 7, 7),
(2300, 2, 24, 4, 6, 6),
(2301, 2, 24, 5, 5, 5),
(2302, 2, 24, 6, 4, 4),
(2303, 2, 24, 7, 3, 3),
(2304, 2, 24, 8, 2, 2),
(2305, 2, 24, 9, 1, 1),
(2306, 2, 24, 10, 9, 9),
(2307, 2, 24, 11, 8, 8),
(2308, 2, 24, 12, 7, 7),
(2309, 2, 24, 13, 6, 6),
(2310, 2, 24, 14, 5, 5),
(2311, 2, 164, 1, 1, 1),
(2312, 2, 164, 2, 2, 2),
(2313, 2, 164, 3, 3, 3),
(2314, 2, 164, 4, 4, 4),
(2315, 2, 164, 5, 5, 5),
(2316, 2, 164, 6, 6, 6),
(2317, 2, 164, 7, 7, 7),
(2318, 2, 164, 8, 8, 8),
(2319, 2, 164, 9, 9, 9),
(2320, 2, 164, 10, 10, 10),
(2321, 2, 164, 11, 11, 11),
(2322, 2, 164, 12, 12, 12),
(2323, 2, 164, 13, 13, 13),
(2324, 2, 164, 14, 14, 14),
(2325, 2, 158, 1, 1, 1),
(2326, 2, 158, 2, 2, 2),
(2327, 2, 158, 3, 3, 3),
(2328, 2, 158, 4, 4, 4),
(2329, 2, 158, 5, 5, 5),
(2330, 2, 158, 6, 6, 6),
(2331, 2, 158, 7, 7, 7),
(2332, 2, 158, 8, 8, 8),
(2333, 2, 158, 9, 9, 9),
(2334, 2, 158, 10, 10, 10),
(2335, 2, 158, 11, 11, 11),
(2336, 2, 158, 12, 12, 12),
(2337, 2, 158, 13, 13, 13),
(2338, 2, 158, 14, 14, 14),
(2339, 1, 104, 1, 1, 1),
(2340, 1, 104, 2, 2, 2),
(2341, 1, 104, 3, 3, 3),
(2342, 1, 104, 4, 4, 4),
(2343, 1, 104, 5, 5, 5),
(2344, 1, 104, 6, 6, 6),
(2345, 1, 104, 7, 7, 7),
(2346, 1, 104, 8, 8, 8),
(2347, 1, 104, 9, 9, 9),
(2348, 1, 104, 10, 10, 10),
(2349, 1, 104, 11, 11, 11),
(2350, 1, 104, 12, 12, 12),
(2351, 1, 104, 13, 13, 13),
(2352, 1, 104, 14, 14, 14),
(2353, 2, 39, 1, 1, 1),
(2354, 2, 39, 2, 2, 2),
(2355, 2, 39, 3, 3, 3),
(2356, 2, 39, 4, 4, 4),
(2357, 2, 39, 5, 5, 5),
(2358, 2, 39, 6, 6, 6),
(2359, 2, 39, 7, 7, 7),
(2360, 2, 39, 8, 8, 8),
(2361, 2, 39, 9, 9, 9),
(2362, 2, 39, 10, 10, 10),
(2363, 2, 39, 11, 11, 11),
(2364, 2, 39, 12, 12, 12),
(2365, 2, 39, 13, 13, 13),
(2366, 2, 39, 14, 14, 14),
(2367, 2, 108, 1, 1, 1),
(2368, 2, 108, 2, 2, 2),
(2369, 2, 108, 3, 3, 3),
(2370, 2, 108, 4, 4, 4),
(2371, 2, 108, 5, 5, 5),
(2372, 2, 108, 6, 6, 6),
(2373, 2, 108, 7, 7, 7),
(2374, 2, 108, 8, 8, 8),
(2375, 2, 108, 9, 9, 9),
(2376, 2, 108, 10, 10, 10),
(2377, 2, 108, 11, 11, 11),
(2378, 2, 108, 12, 12, 12),
(2379, 2, 108, 13, 13, 13),
(2380, 2, 108, 14, 14, 14),
(2381, 1, 121, 1, 30, 1),
(2382, 1, 121, 2, 2, 2),
(2383, 1, 121, 3, 3, 3),
(2384, 1, 121, 4, 4, 4),
(2385, 1, 121, 5, 5, 5),
(2386, 1, 121, 6, 6, 6),
(2387, 1, 121, 7, 7, 7),
(2388, 1, 121, 8, 8, 8),
(2389, 1, 121, 9, 9, 9),
(2390, 1, 121, 10, 10, 10),
(2391, 1, 121, 11, 11, 11),
(2392, 1, 121, 12, 12, 12),
(2393, 1, 121, 13, 13, 13),
(2394, 1, 121, 14, 14, 14),
(2395, 2, 121, 1, 14, 14),
(2396, 2, 121, 2, 13, 13),
(2397, 2, 121, 3, 12, 12),
(2398, 2, 121, 4, 11, 11),
(2399, 2, 121, 5, 10, 10),
(2400, 2, 121, 6, 9, 9),
(2401, 2, 121, 7, 8, 8),
(2402, 2, 121, 8, 7, 7),
(2403, 2, 121, 9, 6, 6),
(2404, 2, 121, 10, 5, 5),
(2405, 2, 121, 11, 4, 4),
(2406, 2, 121, 12, 3, 3),
(2407, 2, 121, 13, 2, 2),
(2408, 2, 121, 14, 1, 1),
(2409, 2, 292, 1, 1, 14),
(2410, 2, 292, 2, 2, 13),
(2411, 2, 292, 3, 3, 12),
(2412, 2, 292, 4, 4, 11),
(2413, 2, 292, 5, 5, 10),
(2414, 2, 292, 6, 6, 9),
(2415, 2, 292, 7, 7, 8),
(2416, 2, 292, 8, 8, 7),
(2417, 2, 292, 9, 9, 6),
(2418, 2, 292, 10, 10, 5),
(2419, 2, 292, 11, 11, 4),
(2420, 2, 292, 12, 12, 3),
(2421, 2, 292, 13, 13, 2),
(2422, 2, 292, 14, 14, 1),
(2423, 2, 293, 1, 10, 10),
(2424, 2, 293, 2, 11, 11),
(2425, 2, 293, 3, 12, 12),
(2426, 2, 293, 4, 13, 13),
(2427, 2, 293, 5, 14, 14),
(2428, 2, 293, 6, 15, 15),
(2429, 2, 293, 7, 16, 16),
(2430, 2, 293, 8, 17, 17),
(2431, 2, 293, 9, 18, 18),
(2432, 2, 293, 10, 19, 19),
(2433, 2, 293, 11, 20, 20),
(2434, 2, 293, 12, 21, 21),
(2435, 2, 293, 13, 22, 22),
(2436, 2, 293, 14, 23, 23);

-- --------------------------------------------------------

--
-- Table structure for table `libros`
--

CREATE TABLE IF NOT EXISTS `libros` (
`id` int(11) NOT NULL,
  `id_materia` int(11) NOT NULL,
  `id_grado` int(11) NOT NULL,
  `libro` varchar(200) NOT NULL,
  `precio` decimal(10,0) NOT NULL,
  `pri_sec` int(11) NOT NULL
) ENGINE=InnoDB AUTO_INCREMENT=256 DEFAULT CHARSET=utf8;

--
-- Dumping data for table `libros`
--

INSERT INTO `libros` (`id`, `id_materia`, `id_grado`, `libro`, `precio`, `pri_sec`) VALUES
(3, 3, 4, 'SIGNOS 1', 70000, 151),
(4, 3, 5, 'SIGNOS 2', 0, 151),
(5, 3, 6, 'SIGNOS 3', 0, 151),
(6, 3, 7, 'SIGNOS 4', 0, 151),
(7, 3, 8, 'SIGNOS 5', 0, 151),
(8, 3, 9, 'SIGNOS 6', 0, 152),
(9, 3, 10, 'SIGNOS 7', 0, 152),
(10, 3, 11, 'SIGNOS 8', 0, 152),
(11, 3, 12, 'SIGNOS 9', 0, 152),
(12, 3, 13, 'SIGNOS 10', 0, 152),
(13, 3, 14, 'SIGNOS 11', 0, 152),
(14, 3, 3, 'AULA MAXIMA INICIAL ', 0, 0),
(15, 3, 4, 'AULA MAXIMA 1', 0, 153),
(16, 3, 5, 'AULA MAXIMA 2', 0, 153),
(17, 3, 6, 'AULA MAXIMA 3', 0, 153),
(18, 3, 7, 'AULA MAXIMA 4', 0, 153),
(19, 3, 8, 'AULA MAXIMA 5', 0, 153),
(20, 3, 9, 'AULA MAXIMA 6', 0, 154),
(21, 3, 10, 'AULA MAXIMA 7', 0, 154),
(22, 3, 11, 'AULA MAXIMA 8', 0, 154),
(23, 3, 12, 'AULA MAXIMA 9', 0, 154),
(24, 3, 13, 'AULA MAXIMA 10', 0, 154),
(25, 3, 14, 'AULA MAXIMA 11', 0, 154),
(26, 4, 4, 'LECTURAMA A comprensión y producción textual ', 0, 155),
(27, 4, 5, 'LECTURAMA B comprensión y producción textual ', 0, 155),
(28, 4, 6, 'LECTURAMA C comprensión y producción textual ', 0, 155),
(29, 4, 7, 'LECTURAMA D comprensión y producción textual ', 0, 155),
(30, 4, 8, 'LECTURAMA E comprensión y producción textual ', 0, 155),
(31, 4, 9, 'LECTURAMA F comprensión y producción textual              ', 0, 156),
(32, 4, 10, 'LECTURAMA G comprensión y producción textual ', 0, 156),
(33, 4, 11, 'LECTURAMA H comprensión y producción textual ', 0, 156),
(34, 4, 12, 'LECTURAMA I comprensión y producción textual ', 0, 156),
(35, 4, 13, 'LECTURAMA J comprensión y producción textual ', 0, 156),
(36, 4, 14, 'LECTURAMA K comprensión y producción textual ', 0, 156),
(37, 4, 4, 'MEGALECTORES A comprensión y producción textual ', 0, 157),
(38, 4, 5, 'MEGALECTORES B comprensión y producción textual ', 0, 157),
(39, 4, 6, 'MEGALECTORES C comprensión y producción textual ', 0, 157),
(40, 4, 7, 'MEGALECTORES D comprensión y producción textual ', 0, 157),
(41, 4, 8, 'MEGALECTORES E comprensión y producción textual ', 0, 157),
(42, 2, 4, 'CONTACTO MATEMATICO 1', 0, 158),
(43, 2, 5, 'CONTACTO MATEMATICO 2', 0, 158),
(44, 2, 6, 'CONTACTO MATEMATICO 3', 0, 158),
(45, 2, 7, 'CONTACTO MATEMATICO 4', 0, 158),
(46, 2, 8, 'CONTACTO MATEMATICO 5', 100000, 158),
(47, 2, 4, 'EUREKA TALLER MATEMATICO 1', 100000, 159),
(48, 2, 5, 'EUREKA TALLER MATEMATICO 2', 50000, 159),
(49, 2, 6, 'EUREKA TALLER MATEMATICO 3', 80000, 159),
(50, 2, 7, 'EUREKA TALLER MATEMATICO 4', 0, 159),
(51, 2, 8, 'EUREKA TALLER MATEMATICO 5', 0, 159),
(52, 2, 9, 'EUREKA TALLER MATEMATICO 6', 0, 160),
(53, 2, 10, 'EUREKA TALLER MATEMATICO 7', 0, 160),
(54, 2, 11, 'EUREKA TALLER MATEMATICO 8', 0, 160),
(55, 2, 12, 'EUREKA TALLER MATEMATICO 9', 0, 160),
(56, 2, 13, 'EUREKA TALLER MATEMATICO 10', 0, 160),
(57, 2, 14, 'EUREKA TALLER MATEMATICO 11', 0, 160),
(58, 2, 3, 'ENFOQUE MATEMATICAS INICIAL ', 0, 0),
(59, 2, 4, 'ENFOQUE MATEMATICAS 1', 0, 161),
(60, 2, 5, 'ENFOQUE MATEMATICAS 2', 0, 161),
(61, 2, 6, 'ENFOQUE MATEMATICAS 3', 0, 161),
(62, 2, 7, 'ENFOQUE MATEMATICAS 4', 0, 161),
(63, 2, 8, 'ENFOQUE MATEMATICAS 5', 0, 161),
(64, 2, 9, 'ENFOQUE MATEMATICAS 6', 0, 162),
(65, 2, 10, 'ENFOQUE MATEMATICAS 7', 0, 162),
(66, 2, 11, 'ENFOQUE MATEMATICAS 8', 0, 162),
(67, 2, 12, 'ENFOQUE MATEMATICAS 9', 0, 162),
(68, 2, 13, 'ENFOQUE MATEMATICAS 10', 0, 162),
(69, 2, 14, 'ENFOQUE MATEMATICAS 11', 0, 162),
(70, 4, 4, 'CARTILLLA COMPRENDO 1', 0, 163),
(71, 4, 5, 'CARTILLLA COMPRENDO 2', 0, 163),
(72, 4, 6, 'CARTILLLA COMPRENDO 3', 0, 163),
(73, 4, 7, 'CARTILLLA COMPRENDO 4', 0, 163),
(74, 4, 8, 'CARTILLLA COMPRENDO 5', 0, 163),
(75, 10, 3, 'TRAVESIAS INFORMATICAS PREESCOLAR', 0, 0),
(76, 10, 4, 'TRAVESIAS INFORMATICAS 1', 0, 164),
(77, 10, 5, 'TRAVESIAS INFORMATICAS 2', 0, 164),
(78, 10, 6, 'TRAVESIAS INFORMATICAS 3', 0, 164),
(79, 10, 7, 'TRAVESIAS INFORMATICAS 4', 0, 164),
(80, 10, 8, 'TRAVESIAS INFORMATICAS 5', 0, 164),
(81, 10, 9, 'TRAVESIAS INFORMATICAS 6', 0, 165),
(82, 10, 10, 'TRAVESIAS INFORMATICAS 7', 0, 165),
(83, 10, 11, 'TRAVESIAS INFORMATICAS 8', 0, 165),
(84, 10, 12, 'TRAVESIAS INFORMATICAS 9', 0, 165),
(85, 5, 4, 'OBJETIVO E CIENCIAS NATURALES 1', 0, 166),
(86, 5, 5, 'OBJETIVO E CIENCIAS NATURALES 2', 0, 166),
(87, 5, 6, 'OBJETIVO E CIENCIAS NATURALES 3', 0, 166),
(88, 5, 7, 'OBJETIVO E CIENCIAS NATURALES 4', 0, 166),
(89, 5, 8, 'OBJETIVO E CIENCIAS NATURALES 5', 0, 166),
(90, 6, 4, 'OBJETIVO E SOCIALES 1', 0, 167),
(91, 6, 5, 'OBJETIVO E SOCIALES 2', 0, 167),
(92, 6, 6, 'OBJETIVO E SOCIALES 3', 0, 167),
(93, 6, 7, 'OBJETIVO E SOCIALES 4', 0, 167),
(94, 6, 8, 'OBJETIVO E SOCIALES 5', 0, 167),
(95, 8, 4, 'CREARTE 1 DIVIERTETE  CON CUTIE', 0, 168),
(96, 8, 5, 'CREARTE 2 DIVIERTETE CON MIBOUS', 0, 168),
(97, 8, 6, 'CREARTE 3 DIVIERTETE CON PULPS', 0, 168),
(98, 8, 7, 'CREARTE 4 DIVIERTETE CON QUERNY', 0, 168),
(99, 8, 8, 'CREARTE 5 DIVIERTETE CON OCTYS', 0, 168),
(100, 8, 9, 'CREARTE EDUCACION ARTISTICA 6', 0, 0),
(101, 1, 3, 'OBJETIVO E LIBRO INTEGRADO                                      ', 0, 0),
(102, 1, 3, 'OBJETIVO E CARTILLA LECTURA', 0, 0),
(103, 1, 3, 'OBJETIVO E CUADERNO LETRAS Y NUMEROS', 0, 0),
(104, 1, 1, 'PAQUETE OBJETIVO E PREJARDIN (Libro Integrado, Cartilla Lectura, Cuaderno Letras y Numeros)', 0, 0),
(105, 1, 2, 'PAQUETE OBJETIVO E JARDIN (Libro Integrado, Cartilla Lectura, Cuaderno Letras y Numeros)', 0, 0),
(106, 1, 3, 'PAQUETE OBJETIVO E TRANSICION (Libro Integrado, Cartilla Lectura, Cuaderno Letras y Numeros)', 0, 0),
(107, 3, 3, 'OBJETIVO E LENGUAJE INICIAL LIBRO                                       ', 0, 0),
(108, 3, 3, 'OBJETIVO E LENGUAJE INICIAL CARTILLA DE LECTURA', 0, 0),
(109, 3, 3, 'PAQUETE OBJETIVO E LENGUAJE INICIAL (Libro y Cartilla)', 0, 0),
(110, 7, 1, 'TIP TOP 1', 0, 0),
(111, 7, 3, 'TIP TOP 6', 0, 0),
(112, 7, 4, 'TOP KIDS PACK (SB +WB) 1', 0, 0),
(113, 7, 5, 'TOP KIDS PACK (SB +WB) 2', 0, 0),
(114, 7, 6, 'TOP KIDS PACK (SB +WB) 3', 0, 0),
(115, 7, 7, 'TOP KIDS PACK (SB +WB) 4', 0, 0),
(116, 7, 8, 'TOP KIDS PACK (SB +WB) 5', 0, 0),
(117, 7, 4, 'SUPER STAR SB 1', 0, 169),
(118, 7, 5, 'SUPER STAR SB 2', 0, 169),
(119, 7, 6, 'SUPER STAR SB 3', 0, 169),
(120, 7, 7, 'SUPER STAR SB 4', 0, 169),
(121, 7, 8, 'SUPER STAR SB 5', 0, 169),
(122, 7, 4, 'SUPER STAR WB 1', 0, 170),
(123, 7, 5, 'SUPER STAR WB 2', 0, 170),
(124, 7, 6, 'SUPER STAR WB 3', 0, 170),
(125, 7, 7, 'SUPER STAR WB 4', 0, 170),
(126, 7, 8, 'SUPER STAR WB 5', 0, 170),
(127, 7, 4, 'SMART ENGLISH SB 1', 0, 171),
(128, 7, 5, 'SMART ENGLISH SB 2', 0, 171),
(129, 7, 6, 'SMART ENGLISH SB 3', 0, 171),
(130, 7, 7, 'SMART ENGLISH SB 4', 0, 171),
(131, 7, 8, 'SMART ENGLISH SB 5', 0, 171),
(132, 7, 4, 'SMART ENGLISH WB 1', 0, 172),
(133, 7, 5, 'SMART ENGLISH WB 2', 0, 172),
(134, 7, 6, 'SMART ENGLISH WB 3', 0, 172),
(135, 7, 7, 'SMART ENGLISH WB 4', 0, 172),
(136, 7, 8, 'SMART ENGLISH WB 5', 0, 172),
(137, 7, 17, 'UPGRADE YOUR ENGLISH SPLIT (SB + WB ) A 1.1', 0, 0),
(138, 7, 17, 'UPGRADE YOUR ENGLISH SPLIT (SB + WB ) A 1.2', 0, 0),
(139, 7, 17, 'UPGRADE YOUR ENGLISH SPLIT (SB + WB ) A  2.1', 0, 0),
(140, 7, 17, 'UPGRADE YOUR ENGLISH SPLIT (SB + WB ) A 2.2', 0, 0),
(141, 7, 17, 'UPGRADE YOUR ENGLISH SPLIT (SB + WB ) B 1.1', 0, 0),
(142, 7, 17, 'UPGRADE YOUR ENGLISH SPLIT (SB + WB ) B 1.2', 0, 0),
(143, 7, 17, 'UPGRADE YOUR ENGLISH FULL VERSION SB A 1', 0, 0),
(144, 7, 17, 'UPGRADE YOUR ENGLISH FULL VERSION SB A 2', 0, 0),
(145, 7, 17, 'UPGRADE YOUR ENGLISH FULL VERSION SB B 1', 0, 0),
(146, 7, 17, 'UPGRADE YOUR ENGLISH FULL VERSION SB B 2', 0, 0),
(147, 7, 17, 'UPGRADE YOUR ENGLISH FULL VERSION WB A 1', 0, 0),
(148, 7, 17, 'UPGRADE YOUR ENGLISH FULL VERSION WB A 2', 0, 0),
(149, 7, 17, 'UPGRADE YOUR ENGLISH FULL VERSION WB B 1', 0, 0),
(150, 7, 17, 'UPGRADE YOUR ENGLISH FULL VERSION WB B 2', 0, 0),
(151, 3, 15, 'SIGNOS', 0, 0),
(152, 3, 16, 'SIGNOS', 0, 0),
(153, 3, 15, 'AULA MAXIMA', 0, 0),
(154, 3, 16, 'AULA MAXIMA', 0, 0),
(155, 4, 15, 'LECTURAMA', 0, 0),
(156, 4, 16, 'LECTURAMA', 0, 0),
(157, 4, 15, 'MEGALECTORES', 0, 0),
(158, 2, 15, 'CONTACTO MATEMATICO', 0, 0),
(159, 2, 15, 'EUREKA TALLER MATEMATICO', 0, 0),
(160, 2, 16, 'EUREKA TALLER MATEMATICO', 0, 0),
(161, 2, 15, 'ENFOQUE MATEMATICAS', 0, 0),
(162, 2, 16, 'ENFOQUE MATEMATICAS', 0, 0),
(163, 4, 15, 'CARTILLLA COMPRENDO', 0, 0),
(164, 10, 15, 'TRAVESIAS INFORMATICAS', 0, 0),
(165, 10, 16, 'TRAVESIAS INFORMATICAS', 0, 0),
(166, 5, 15, 'OBJETIVO E CIENCIAS NATURALES', 0, 0),
(167, 6, 15, 'OBJETIVO E SOCIALES', 0, 0),
(168, 8, 15, 'CREARTE', 0, 0),
(169, 7, 15, 'SUPER STAR SB', 0, 0),
(170, 7, 15, 'SUPER STAR WB', 0, 0),
(171, 7, 15, 'SMART ENGLISH SB', 0, 0),
(172, 7, 15, 'SMART ENGLISH WB', 0, 0),
(173, 3, 9, 'ACTITUD COMUNICATIVA 6', 0, 242),
(174, 3, 10, 'ACTITUD COMUNICATIVA 7', 0, 242),
(175, 3, 11, 'ACTITUD COMUNICATIVA 8', 0, 242),
(176, 3, 12, 'ACTITUD COMUNICATIVA 9', 0, 242),
(177, 3, 13, 'ACTITUD COMUNICATIVA 10', 0, 242),
(178, 3, 14, 'ACTITUD COMUNICATIVA 11', 0, 242),
(179, 3, 4, 'MI AVENTURA DEL LENGUAJE 1', 0, 243),
(180, 3, 5, 'MI AVENTURA DEL LENGUAJE 2', 0, 243),
(181, 3, 6, 'MI AVENTURA DEL LENGUAJE 3', 0, 243),
(182, 3, 7, 'MI AVENTURA DEL LENGUAJE 4', 0, 243),
(183, 3, 8, 'MI AVENTURA DEL LENGUAJE 5', 0, 243),
(184, 2, 9, 'PROCESOS MATEMATICOS 6', 0, 244),
(185, 2, 10, 'PROCESOS MATEMATICOS 7', 0, 244),
(186, 2, 11, 'PROCESOS MATEMATICOS 8', 0, 244),
(187, 2, 12, 'PROCESOS MATEMATICOS 9', 0, 244),
(188, 2, 13, 'PROCESOS MATEMATICOS 10', 0, 244),
(189, 2, 14, 'PROCESOS MATEMATICOS 11', 0, 244),
(190, 2, 9, 'DESEMPEÑOS MATEMATICOS 6', 0, 245),
(191, 2, 10, 'DESEMPEÑOS MATEMATICOS 7', 0, 245),
(192, 2, 11, 'DESEMPEÑOS MATEMATICOS 8', 0, 245),
(193, 2, 12, 'DESEMPEÑOS MATEMATICOS 9', 0, 245),
(194, 2, 13, 'DESEMPEÑOS MATEMATICOS 10', 0, 245),
(195, 2, 14, 'DESEMPEÑOS MATEMATICOS 11', 0, 245),
(196, 2, 4, 'DESEMPEÑOS MATEMATICOS 12', 0, 252),
(197, 2, 5, 'DESEMPEÑOS MATEMATICOS 13', 0, 252),
(198, 2, 6, 'DESEMPEÑOS MATEMATICOS 14', 0, 252),
(199, 2, 7, 'DESEMPEÑOS MATEMATICOS 15', 0, 252),
(200, 2, 8, 'DESEMPEÑOS MATEMATICOS 16', 0, 252),
(201, 2, 9, 'DESEMPEÑOS MATEMATICOS 17', 0, 244),
(202, 2, 10, 'DESEMPEÑOS MATEMATICOS 18', 0, 244),
(203, 2, 11, 'DESEMPEÑOS MATEMATICOS 19', 0, 244),
(204, 2, 12, 'DESEMPEÑOS MATEMATICOS 20', 0, 244),
(205, 2, 13, 'DESEMPEÑOS MATEMATICOS 21', 0, 244),
(206, 2, 14, 'DESEMPEÑOS MATEMATICOS 22', 0, 244),
(207, 2, 4, 'INTEGRADO EDUCATIVA 1. MATEMATICAS/ESPAÑOL', 0, 248),
(208, 2, 5, 'INTEGRADO EDUCATIVA 2. MATEMATICAS/ESPAÑOL', 0, 248),
(209, 2, 6, 'INTEGRADO EDUCATIVA 3. MATEMATICAS/ESPAÑOL', 0, 248),
(210, 2, 7, 'INTEGRADO EDUCATIVA 4. MATEMATICAS/ESPAÑOL', 0, 248),
(211, 2, 8, 'INTEGRADO EDUCATIVA 5. MATEMATICAS/ESPAÑOL', 0, 248),
(212, 5, 4, 'CIENCIAVENTURA 1. INCLUYE CD-ROM', 0, 249),
(213, 5, 5, 'CIENCIAVENTURA 2. INCLUYE CD-ROM', 0, 249),
(214, 5, 6, 'CIENCIAVENTURA 3. INCLUYE CD-ROM', 0, 249),
(215, 5, 7, 'CIENCIAVENTURA 4. INCLUYE CD-ROM', 0, 249),
(216, 5, 8, 'CIENCIAVENTURA 5. INCLUYE CD-ROM', 0, 249),
(217, 6, 4, 'NUEVOS HORIZONTES SOCIALES 1', 0, 250),
(218, 6, 5, 'NUEVOS HORIZONTES SOCIALES 2', 0, 250),
(219, 6, 6, 'NUEVOS HORIZONTES SOCIALES 3', 0, 250),
(220, 6, 7, 'NUEVOS HORIZONTES SOCIALES 4', 0, 250),
(221, 6, 8, 'NUEVOS HORIZONTES SOCIALES 5', 0, 250),
(222, 6, 9, 'NUEVOS HORIZONTES SOCIALES 6', 0, 0),
(223, 6, 10, 'NUEVOS HORIZONTES SOCIALES 7', 0, 0),
(224, 6, 11, 'NUEVOS HORIZONTES SOCIALES 8', 0, 0),
(225, 6, 12, 'NUEVOS HORIZONTES SOCIALES 9', 0, 0),
(226, 3, 4, 'OBJETIVO E LEGUAJE 1', 0, 251),
(227, 3, 5, 'OBJETIVO E LEGUAJE 2', 0, 251),
(228, 3, 6, 'OBJETIVO E LEGUAJE 3', 0, 251),
(229, 3, 7, 'OBJETIVO E LEGUAJE 4', 0, 251),
(230, 3, 8, 'OBJETIVO E LEGUAJE 5', 0, 251),
(231, 2, 4, 'DESEMPEÑOS MATEMATICOS 1', 0, 252),
(232, 2, 5, 'DESEMPEÑOS MATEMATICOS 2', 0, 252),
(233, 2, 6, 'DESEMPEÑOS MATEMATICOS 3', 0, 252),
(234, 2, 7, 'DESEMPEÑOS MATEMATICOS 4', 0, 252),
(235, 2, 8, 'DESEMPEÑOS MATEMATICOS 5', 0, 252),
(236, 2, 3, 'OBJETIVO E MATEMATICA INICIAL', 0, 0),
(237, 2, 4, 'OBJETIVO E MATEMATICA 1', 0, 253),
(238, 2, 5, 'OBJETIVO E MATEMATICA 2', 0, 253),
(239, 2, 6, 'OBJETIVO E MATEMATICA 3', 0, 253),
(240, 2, 7, 'OBJETIVO E MATEMATICA 4', 0, 253),
(241, 2, 8, 'OBJETIVO E MATEMATICA 5', 0, 253),
(242, 3, 16, 'ACTITUD COMUNICATIVA', 0, 0),
(243, 3, 15, 'MI AVENTURA DEL LENGUAJE', 0, 0),
(244, 2, 16, 'PROCESOS MATEMATICOS', 0, 0),
(245, 2, 16, 'DESEMPEÑOS MATEMATICOS', 0, 0),
(246, 2, 15, 'MI AVENTURA MATEMATICA', 0, 0),
(247, 2, 16, 'MI AVENTURA MATEMATICA', 0, 0),
(248, 2, 15, 'INTEGRADO EDUCATIVA MATEMATICAS/ESPAÑOL', 0, 0),
(249, 5, 15, 'CIENCIAVENTURA 1 INCLUYE CD-ROM', 0, 0),
(250, 6, 15, 'NUEVOS HORIZONTES SOCIALES', 0, 0),
(251, 3, 15, 'OBJETIVO E LEGUAJE', 0, 0),
(252, 4, 15, 'DESEMPEÑOS MATEMATICOS', 0, 0),
(253, 2, 15, 'OBJETIVO E MATEMATICA', 0, 0),
(254, 2, 4, 'prueba matematica primero', 83000, 0),
(255, 3, 15, 'Seire prueba lenguaje primaria', 50000, 251);

-- --------------------------------------------------------

--
-- Table structure for table `materias`
--

CREATE TABLE IF NOT EXISTS `materias` (
`id` int(11) NOT NULL,
  `materia` varchar(100) COLLATE utf8_spanish_ci NOT NULL
) ENGINE=InnoDB AUTO_INCREMENT=12 DEFAULT CHARSET=utf8 COLLATE=utf8_spanish_ci;

--
-- Dumping data for table `materias`
--

INSERT INTO `materias` (`id`, `materia`) VALUES
(1, 'Preescolar'),
(2, 'Matemáticas'),
(3, 'Lenguaje'),
(4, 'Comprensión lectora'),
(5, 'Ciencias naturales'),
(6, 'Ciencias sociales'),
(7, 'Ingles'),
(8, 'Artística'),
(9, 'Plan lector'),
(10, 'Informática'),
(11, 'Dibujo');

-- --------------------------------------------------------

--
-- Table structure for table `mercado_editorial`
--

CREATE TABLE IF NOT EXISTS `mercado_editorial` (
`id` int(11) NOT NULL,
  `id_periodo` int(11) NOT NULL,
  `id_colegio` int(11) NOT NULL,
  `id_materia` int(11) NOT NULL,
  `id_grado` int(11) NOT NULL,
  `id_tipo_libro` int(11) NOT NULL,
  `editorial` varchar(200) COLLATE utf8_spanish_ci NOT NULL,
  `id_libro_eureka` int(11) NOT NULL,
  `libro` varchar(200) COLLATE utf8_spanish_ci NOT NULL,
  `vigencia` varchar(50) COLLATE utf8_spanish_ci NOT NULL
) ENGINE=InnoDB AUTO_INCREMENT=63 DEFAULT CHARSET=utf8 COLLATE=utf8_spanish_ci;

--
-- Dumping data for table `mercado_editorial`
--

INSERT INTO `mercado_editorial` (`id`, `id_periodo`, `id_colegio`, `id_materia`, `id_grado`, `id_tipo_libro`, `editorial`, `id_libro_eureka`, `libro`, `vigencia`) VALUES
(1, 1, 1, 1, 1, 0, 'sm tal', 0, 'dasda', ''),
(2, 1, 2, 1, 4, 0, 'sm tal', 0, 'prueba conecta', ''),
(5, 1, 2, 4, 9, 0, 'sm tal2', 0, 'conecta3', ''),
(6, 1, 2, 0, 0, 0, '', 0, '', ''),
(7, 1, 16, 7, 6, 0, 'rara', 0, 'dada', ''),
(8, 1, 24, 2, 15, 0, 'SANTILLANA', 0, 'SIGLO XXXX', '10 años'),
(9, 1, 27, 4, 15, 0, 'NORMA', 0, 'GRAFITI 2.0', ''),
(10, 1, 28, 4, 8, 0, 'Fundación Lee', 0, 'Lee comprension Lectora', ''),
(11, 1, 30, 4, 7, 0, 'Hispanoamericana', 0, 'Comprension de Lectura', ''),
(12, 1, 27, 4, 10, 0, 'Hispanoamericana', 0, '`se leer', ''),
(13, 1, 36, 1, 2, 0, 'Eureka', 0, 'Objetivo integrado jardin', ''),
(14, 1, 36, 1, 3, 0, 'Eureka Libros', 0, 'Ojetivo Matematica Inicial', ''),
(15, 1, 36, 2, 4, 0, 'Norma', 0, 'Plataforma Norma Digital', ''),
(16, 1, 35, 3, 15, 0, 'Educar', 0, 'educar', ''),
(17, 1, 36, 3, 5, 0, 'NORMA', 0, 'Plataforma Norma Digital', ''),
(18, 1, 35, 3, 16, 0, 'NORMA', 0, 'NORMA', ''),
(19, 1, 35, 2, 16, 0, 'Educar', 0, 'EDUCAR', ''),
(20, 1, 39, 2, 5, 0, 'Eureka', 0, 'megalectores', ''),
(21, 1, 39, 3, 6, 0, 'Eureka', 0, 'megalectores', ''),
(22, 1, 41, 2, 6, 0, 'Eureka', 0, 'taller matematico', ''),
(23, 1, 41, 2, 7, 0, 'Eureka', 0, 'taller matematico', ''),
(24, 1, 41, 2, 8, 0, 'Eureka', 0, 'taller matematico', ''),
(25, 1, 41, 11, 15, 0, 'huellas', 0, 'huellas del arte', ''),
(26, 1, 40, 1, 0, 0, 'Eureka Libros', 0, 'objetivo integrado prejardin y jardin', ''),
(27, 1, 40, 2, 3, 0, 'Eureka Libros', 0, 'Ojetivo Matematica Inicial', ''),
(28, 1, 42, 3, 4, 0, 'Eureka', 0, 'objetivo lenguaje', ''),
(29, 1, 42, 4, 6, 0, 'Eureka', 0, 'lecturama', ''),
(30, 1, 45, 1, 0, 0, 'Eureka', 0, 'Objetivo integrado jardin', ''),
(31, 1, 45, 1, 0, 0, 'Eureka', 0, 'objetivo integrado transicion', ''),
(32, 1, 45, 3, 7, 0, 'sm', 0, 'sm', ''),
(33, 1, 45, 3, 8, 0, 'sm', 0, 'sm', ''),
(34, 1, 49, 2, 9, 0, 'Libros y Libros', 0, 'plataforma sabios', ''),
(35, 1, 49, 3, 9, 0, 'Libros y Libros', 0, 'plataforma sabios', ''),
(36, 1, 113, 4, 11, 0, 'SANTILLANA', 0, 'sistema uno', ''),
(37, 1, 114, 3, 0, 0, 'Libros y Libros', 0, 'lenguaje', ''),
(38, 1, 120, 4, 4, 0, 'Dstribuidor', 0, 'paquete español matematicas e ingles', ''),
(39, 1, 122, 11, 4, 0, 'Eureka Libros', 0, 'crearte', ''),
(40, 1, 124, 4, 5, 0, 'Eureka Libros', 0, 'LECTURAMA', ''),
(41, 1, 125, 10, 0, 0, 'Educar', 0, 'educaline', ''),
(42, 1, 125, 10, 0, 0, 'Educar', 0, 'educaline', ''),
(43, 1, 126, 4, 2, 0, 'Eureka Libros', 0, 'lecturama', ''),
(44, 1, 130, 2, 10, 0, 'SANTILLANA', 0, 'caminos del saber', ''),
(45, 1, 130, 3, 11, 0, 'Eureka Libros', 0, 'actitud comunicativa', ''),
(46, 1, 201, 2, 4, 0, 'sm', 0, '', ''),
(47, 1, 201, 2, 4, 0, 'sm', 0, '', ''),
(48, 1, 104, 1, 1, 0, 'sm', 0, '', '2 años'),
(49, 1, 24, 2, 3, 0, 'sm', 0, 'actitud comunicativa', '3 años'),
(50, 1, 24, 2, 2, 0, 'sm', 0, 'actitud comunicativa', '1 año'),
(51, 2, 24, 2, 5, 0, 'sm', 0, '`se leer', '10 años'),
(52, 2, 108, 2, 4, 0, 'sm', 0, 'objetivo e', '1 año'),
(53, 2, 39, 2, 7, 0, 'sm', 0, '', ''),
(54, 2, 24, 2, 4, 0, '', 0, '', '1 año'),
(55, 2, 24, 0, 0, 0, 'Eureka', 44, '', '2 años'),
(56, 2, 24, 0, 0, 0, 'Eureka', 3, '', '1 año'),
(57, 2, 24, 2, 7, 0, 'Educar', 0, 'actitud comunicativa', '5 años'),
(58, 2, 24, 3, 5, 0, 'Eureka', 4, '', '10 años'),
(59, 2, 24, 1, 1, 1, 'Eureka', 104, '', '1 año'),
(60, 2, 24, 1, 2, 2, 'Educar', 0, 'actitud comunicativa', '2'),
(61, 1, 121, 1, 1, 1, 'Eureka', 104, '', '3 AÑOS'),
(62, 2, 121, 4, 7, 2, 'Eureka', 29, '', '10 AÑOS');

-- --------------------------------------------------------

--
-- Table structure for table `mu_pre`
--

CREATE TABLE IF NOT EXISTS `mu_pre` (
`id` int(11) NOT NULL,
  `id_plan_trabajo` int(11) NOT NULL,
  `id_libro` int(11) NOT NULL
) ENGINE=InnoDB AUTO_INCREMENT=13 DEFAULT CHARSET=latin1;

--
-- Dumping data for table `mu_pre`
--

INSERT INTO `mu_pre` (`id`, `id_plan_trabajo`, `id_libro`) VALUES
(1, 63, 101),
(2, 63, 53),
(3, 63, 99),
(4, 64, 42),
(5, 64, 84),
(6, 65, 42),
(7, 65, 4),
(8, 65, 84),
(9, 66, 105),
(10, 66, 92),
(11, 66, 73),
(12, 70, 101);

-- --------------------------------------------------------

--
-- Table structure for table `objetivos`
--

CREATE TABLE IF NOT EXISTS `objetivos` (
`id` int(11) NOT NULL,
  `objetivo` varchar(100) COLLATE utf8_spanish_ci NOT NULL
) ENGINE=InnoDB AUTO_INCREMENT=8 DEFAULT CHARSET=utf8 COLLATE=utf8_spanish_ci;

--
-- Dumping data for table `objetivos`
--

INSERT INTO `objetivos` (`id`, `objetivo`) VALUES
(1, 'Contacto'),
(2, 'Muestreo'),
(3, 'Presentación'),
(4, 'Seguimiento'),
(5, 'Definición anticipada'),
(6, 'Definición final'),
(7, 'Otro');

-- --------------------------------------------------------

--
-- Table structure for table `paises`
--

CREATE TABLE IF NOT EXISTS `paises` (
`id` int(11) NOT NULL,
  `pais` varchar(100) NOT NULL
) ENGINE=InnoDB AUTO_INCREMENT=3 DEFAULT CHARSET=latin1;

--
-- Dumping data for table `paises`
--

INSERT INTO `paises` (`id`, `pais`) VALUES
(1, 'COLOMBIA'),
(2, 'PANAMA');

-- --------------------------------------------------------

--
-- Table structure for table `paralelos`
--

CREATE TABLE IF NOT EXISTS `paralelos` (
`id` int(11) NOT NULL,
  `paralelos` int(10) NOT NULL
) ENGINE=InnoDB DEFAULT CHARSET=utf8 COLLATE=utf8_spanish_ci;

-- --------------------------------------------------------

--
-- Table structure for table `periodos`
--

CREATE TABLE IF NOT EXISTS `periodos` (
`id` int(11) NOT NULL,
  `periodo` varchar(6) COLLATE utf8_spanish_ci NOT NULL,
  `f_cierre` date NOT NULL
) ENGINE=InnoDB AUTO_INCREMENT=3 DEFAULT CHARSET=utf8 COLLATE=utf8_spanish_ci;

--
-- Dumping data for table `periodos`
--

INSERT INTO `periodos` (`id`, `periodo`, `f_cierre`) VALUES
(1, '2017', '2018-07-12'),
(2, '2018', '2018-08-25');

-- --------------------------------------------------------

--
-- Table structure for table `plan_trabajo`
--

CREATE TABLE IF NOT EXISTS `plan_trabajo` (
`id` int(11) NOT NULL,
  `id_periodo` int(11) NOT NULL,
  `id_promotor` int(11) NOT NULL,
  `id_colegio` int(11) NOT NULL,
  `cod_profesor` varchar(110) COLLATE utf8_spanish_ci NOT NULL,
  `id_objetivo` int(11) NOT NULL,
  `resultado` int(11) NOT NULL,
  `color` varchar(7) COLLATE utf8_spanish_ci NOT NULL,
  `start` datetime NOT NULL,
  `end` datetime NOT NULL
) ENGINE=InnoDB AUTO_INCREMENT=83 DEFAULT CHARSET=utf8 COLLATE=utf8_spanish_ci;

--
-- Dumping data for table `plan_trabajo`
--

INSERT INTO `plan_trabajo` (`id`, `id_periodo`, `id_promotor`, `id_colegio`, `cod_profesor`, `id_objetivo`, `resultado`, `color`, `start`, `end`) VALUES
(51, 2, 1, 39, '23633765', 1, 1, '#008000', '2018-06-11 02:00:00', '2018-06-11 03:00:00'),
(52, 2, 1, 39, '23633765', 1, 0, '#0071c5', '2018-06-11 03:00:00', '2018-06-11 04:00:00'),
(53, 2, 1, 35, '72177038', 2, 1, '#008000', '2018-06-12 02:00:00', '2018-06-12 03:00:00'),
(55, 2, 1, 24, '29244224', 3, 0, '#0071c5', '2018-06-12 06:00:00', '2018-06-12 07:00:00'),
(56, 2, 1, 24, '9894829', 3, 1, '#008000', '2018-06-12 05:00:00', '2018-06-12 06:00:00'),
(57, 2, 1, 24, '9894829', 1, 1, '#008000', '2018-06-13 04:00:00', '2018-06-13 05:00:00'),
(58, 2, 1, 24, '9894829', 2, 1, '#008000', '2018-06-14 02:00:00', '2018-06-14 03:00:00'),
(59, 2, 1, 27, '', 1, 0, '#0071c5', '2018-06-14 07:00:00', '2018-06-14 08:00:00'),
(60, 2, 1, 24, '', 2, 0, '#0071c5', '2018-06-14 10:00:00', '2018-06-14 11:00:00'),
(61, 2, 1, 285, '6455767', 1, 0, '#0071c5', '2018-06-19 02:00:00', '2018-06-19 03:00:00'),
(62, 2, 1, 285, '41341172', 1, 0, '#0071c5', '2018-06-21 04:00:00', '2018-06-21 05:00:00'),
(63, 2, 1, 285, '2849509', 2, 1, '#008000', '2018-06-22 04:00:00', '2018-06-22 05:00:00'),
(64, 2, 1, 24, '9894829', 3, 1, '#008000', '2018-06-22 06:00:00', '2018-06-22 07:00:00'),
(65, 2, 1, 24, '9894829', 2, 1, '#008000', '2018-06-23 07:00:00', '2018-06-23 08:00:00'),
(66, 2, 1, 285, '12112829', 3, 1, '#008000', '2018-06-23 11:00:00', '2018-06-23 12:00:00'),
(67, 2, 1, 285, '2849509', 1, 0, '#0071c5', '2018-07-04 10:00:00', '2018-07-04 11:00:00'),
(68, 2, 1, 24, '9894829', 1, 0, '#0071c5', '2018-07-04 10:00:00', '2018-07-04 11:00:00'),
(69, 2, 1, 24, '29244224', 5, 0, '#0071c5', '2018-07-04 10:00:00', '2018-07-04 11:00:00'),
(70, 2, 1, 159, '15246469', 3, 1, '#008000', '2018-07-05 11:00:00', '2018-07-05 12:00:00'),
(71, 2, 9, 55, '15246469', 1, 0, '#0071c5', '2018-07-03 10:00:00', '2018-07-03 11:00:00'),
(72, 2, 9, 37, '983128948', 1, 0, '#0071c5', '2018-07-04 10:00:00', '2018-07-04 11:00:00'),
(73, 2, 9, 28, '', 5, 1, '#008000', '2018-07-06 10:00:00', '2018-07-06 11:00:00'),
(74, 2, 1, 0, '', 2, 0, '#0071c5', '2018-07-10 08:00:00', '2018-07-10 09:00:00'),
(75, 2, 1, 0, '', 2, 0, '#0071c5', '2018-07-10 10:00:00', '2018-07-10 11:00:00'),
(76, 2, 1, 24, '', 2, 0, '#0071c5', '2018-07-24 08:00:00', '2018-07-24 09:00:00'),
(77, 2, 1, 51, '', 3, 0, '#0071c5', '2018-07-25 08:00:00', '2018-07-25 09:00:00'),
(78, 2, 1, 24, '983128948', 2, 0, '#0071c5', '2018-08-02 10:00:00', '2018-08-02 11:00:00'),
(79, 2, 1, 31, '983128948', 4, 0, '#0071c5', '2018-07-30 10:00:00', '2018-07-30 11:00:00'),
(80, 2, 1, 24, '', 4, 1, '#008000', '2018-08-03 10:00:00', '2018-08-03 11:00:00'),
(81, 2, 1, 24, '4671358478', 2, 0, '#0071c5', '2018-08-07 10:00:00', '2018-08-07 11:00:00'),
(82, 2, 1, 24, '566151930', 2, 0, '#0071c5', '2018-08-08 10:00:00', '2018-08-08 11:00:00');

-- --------------------------------------------------------

--
-- Table structure for table `presupuestos`
--

CREATE TABLE IF NOT EXISTS `presupuestos` (
`id` int(11) NOT NULL,
  `id_periodo` int(11) NOT NULL,
  `id_colegio` int(11) NOT NULL,
  `id_libro` int(11) NOT NULL,
  `precio` decimal(10,0) NOT NULL,
  `tasa_compra` decimal(10,2) NOT NULL,
  `descuento` decimal(10,2) NOT NULL
) ENGINE=InnoDB AUTO_INCREMENT=13 DEFAULT CHARSET=latin1;

--
-- Dumping data for table `presupuestos`
--

INSERT INTO `presupuestos` (`id`, `id_periodo`, `id_colegio`, `id_libro`, `precio`, `tasa_compra`, `descuento`) VALUES
(1, 2, 292, 47, 100000, 0.50, 0.70),
(2, 2, 292, 48, 50000, 0.30, 0.30),
(3, 2, 292, 0, 0, 0.00, 0.00),
(4, 2, 292, 0, 0, 0.00, 0.00),
(5, 2, 292, 0, 0, 0.00, 0.00),
(6, 2, 292, 0, 0, 0.00, 0.00),
(7, 2, 292, 0, 0, 0.00, 0.00),
(8, 2, 292, 0, 0, 0.00, 0.00),
(9, 2, 292, 0, 0, 0.00, 0.00),
(10, 2, 292, 0, 0, 0.00, 0.00),
(11, 2, 292, 0, 0, 0.00, 0.00),
(12, 2, 292, 3, 70000, 0.50, 0.40);

-- --------------------------------------------------------

--
-- Table structure for table `tipos_libro`
--

CREATE TABLE IF NOT EXISTS `tipos_libro` (
`id` int(11) NOT NULL,
  `tipo` varchar(50) NOT NULL
) ENGINE=InnoDB AUTO_INCREMENT=5 DEFAULT CHARSET=latin1;

--
-- Dumping data for table `tipos_libro`
--

INSERT INTO `tipos_libro` (`id`, `tipo`) VALUES
(1, 'Libro'),
(2, 'Modulo'),
(3, 'Guías'),
(4, 'Bibliobanco');

-- --------------------------------------------------------

--
-- Table structure for table `trabajadores_colegios`
--

CREATE TABLE IF NOT EXISTS `trabajadores_colegios` (
`id` int(11) NOT NULL,
  `codigo` varchar(15) COLLATE utf8_spanish_ci NOT NULL,
  `id_colegio` int(11) NOT NULL,
  `cargo` varchar(100) COLLATE utf8_spanish_ci NOT NULL,
  `nombre` varchar(100) COLLATE utf8_spanish_ci NOT NULL,
  `area` varchar(50) COLLATE utf8_spanish_ci NOT NULL,
  `telefono` varchar(20) COLLATE utf8_spanish_ci NOT NULL,
  `email` varchar(100) COLLATE utf8_spanish_ci NOT NULL,
  `cumpleaños` date NOT NULL
) ENGINE=InnoDB AUTO_INCREMENT=1576 DEFAULT CHARSET=utf8 COLLATE=utf8_spanish_ci;

--
-- Dumping data for table `trabajadores_colegios`
--

INSERT INTO `trabajadores_colegios` (`id`, `codigo`, `id_colegio`, `cargo`, `nombre`, `area`, `telefono`, `email`, `cumpleaños`) VALUES
(21, '2674779', 1, '6', 'jose rangel', '', '', '', '0000-00-00'),
(22, '8287216', 2, '6', 'dsadas', '', '', '', '0000-00-00'),
(23, '5304494', 1, '6', 'tales', '', '', '', '0000-00-00'),
(24, '6326325', 2, '6', 'alejandro', '', '', '', '0000-00-00'),
(26, '47399688', 1, '6', 'dsadas', '', '', '', '0000-00-00'),
(27, '7131142', 12, '6', 'alejandro', '', '', '', '0000-00-00'),
(28, '1216313', 1, '6', 'alejandro', '', '', '', '0000-00-00'),
(29, '1607414', 2, '6', 'jose rangel', '', '', '', '0000-00-00'),
(30, '308900', 1, '6', 'no existe', '', '', '', '0000-00-00'),
(31, '3106356', 1, '6', 'no existe2', '', '', '', '0000-00-00'),
(32, '33113454', 2, '6', 'liliana', '', '', '', '0000-00-00'),
(1342, '9894829', 24, '6', 'alejandro', '', '1234', 'ale.ran92@gmail.com', '0000-00-00'),
(1343, '32573138', 24, '6', 'jose', '', '22222', 'ale.ran92@gmail.com', '0000-00-00'),
(1344, '29244224', 24, '6', 'adsa', '', '212121', 'ale.ran92@gmail.com', '0000-00-00'),
(1345, '4977514', 24, '6', 'adsa', '', '212121', 'ale.ran92@gmail.com', '0000-00-00'),
(1346, '25938996', 24, '6', 'adsa', '', '212121', 'ale.ran92@gmail.com', '0000-00-00'),
(1347, '9121777', 24, '6', 'adsa', '', '212121', 'ale.ran92@gmail.com', '0000-00-00'),
(1348, '55947387', 24, '6', 'tal', '', '21212', 'ale.ran92@gmail.com', '0000-00-00'),
(1349, '391471', 24, '6', 'adsa', '', '1234', 'ale.ran92@gmail.com', '0000-00-00'),
(1350, '8984590', 24, '6', 'aaaa', '', '1234', 'ale.ran92@gmail.com', '0000-00-00'),
(1351, '5604197', 24, '6', 'aaaa', '', '1234', 'ale.ran92@gmail.com', '0000-00-00'),
(1352, '2706895', 24, '6', 'aaaa', '', '1234', 'ale.ran92@gmail.com', '0000-00-00'),
(1353, '944038', 24, '6', 'aaaa', '', '1234', 'ale.ran92@gmail.com', '0000-00-00'),
(1354, '64328121', 24, '6', 'aaaa', '', '1234', 'ale.ran92@gmail.com', '0000-00-00'),
(1355, '70036620', 24, '6', 'das', '', '3232', 'ale.ran92@gmail.com', '0000-00-00'),
(1356, '94810892', 24, '6', 'sadas', '', '3232', 'ale.ran92@gmail.com', '0000-00-00'),
(1357, '35591410', 24, '6', 'sadas', '', '3232', 'ale.ran92@gmail.com', '0000-00-00'),
(1358, '39570105', 24, '6', 'sadas', '', '3232', 'ale.ran92@gmail.com', '0000-00-00'),
(1359, '8012236', 24, '6', 'sadas', '', '3232', 'ale.ran92@gmail.com', '0000-00-00'),
(1360, '3371666', 24, '6', 'sadas', '', '3232', 'ale.ran92@gmail.com', '0000-00-00'),
(1361, '2420988', 24, '6', 'dasdas', '', '3232', 'ale.ran92@gmail.com', '0000-00-00'),
(1362, '76802211', 24, '6', 'aa', '', '3232', 'ale.ran92@gmail.com', '0000-00-00'),
(1363, '8550180', 24, '6', 'gggg', '', '23232', 'ale.ran92@gmail.com', '0000-00-00'),
(1364, '9797609', 24, '6', 'gggg', '', '23232', 'ale.ran92@gmail.com', '0000-00-00'),
(1365, '63629103', 24, '6', 'gggg', '', '23232', 'ale.ran92@gmail.com', '0000-00-00'),
(1366, '1351723', 24, '6', 'hhhh', '', '212121', 'ale.ran92@gmail.com', '0000-00-00'),
(1367, '47068670', 24, '6', 'hhhhhh', '', '1234', 'ale.ran92@gmail.com', '0000-00-00'),
(1368, '715232', 24, '6', 'dsds', '', '212121', 'ale.ran92@gmail.com', '0000-00-00'),
(1369, '51497881', 24, '6', 'aa', '', '444', 'ale.ran92@gmail.com', '0000-00-00'),
(1370, '66049730', 24, '6', 'aa', '', '444', 'ale.ran92@gmail.com', '0000-00-00'),
(1371, '8891601', 24, '6', 'aa', '', '444', 'ale.ran92@gmail.com', '0000-00-00'),
(1372, '80262973', 24, '6', 'aa', '', '444', 'ale.ran92@gmail.com', '0000-00-00'),
(1373, '66585147', 24, '6', 'aa', '', '444', 'ale.ran92@gmail.com', '0000-00-00'),
(1374, '419446', 24, '6', 'aa', '', '444', 'ale.ran92@gmail.com', '0000-00-00'),
(1375, '65944', 24, '6', 'dsada', '', '3232', 'ale.ran92@gmail.com', '0000-00-00'),
(1376, '64362530', 24, '6', 'dasdas', '', '22222', 'ale.ran92@gmail.com', '0000-00-00'),
(1377, '48845226', 24, '6', 'dasdas', '', '22222', 'ale.ran92@gmail.com', '0000-00-00'),
(1378, '6034769', 24, '6', 'dasdas', '', '22222', 'ale.ran92@gmail.com', '0000-00-00'),
(1379, '918895', 24, '6', 'dasdas', '', '22222', 'ale.ran92@gmail.com', '0000-00-00'),
(1380, '37542033', 24, '6', 'dasdas', '', '22222', 'ale.ran92@gmail.com', '0000-00-00'),
(1381, '2803216', 24, '6', 'fffg', '', '32321', 'ale.ran9s2@gmail.com', '0000-00-00'),
(1382, '848133', 24, '6', 'bbb', '', '3232', 'ale.ran92@gmail.com', '0000-00-00'),
(1383, '5009920', 39, '6', 'Ale', '', '3115274827', 'ale.ran92@gmail.com', '0000-00-00'),
(1384, '884576', 24, '6', 'alejandro', '', '2121', 'ale.ran92@gmail.com', '0000-00-00'),
(1385, '713470', 24, '6', 'vaba', '', '3232', 'ale.ran92@gmail.com', '0000-00-00'),
(1386, '23633765', 39, '6', 'alejandro', '', '2121', 'ale.ran92@gmail.com', '0000-00-00'),
(1387, '72177038', 35, '6', 'guillermo', '', '3232', 'ale.ran9s2@gmail.com', '0000-00-00'),
(1388, '6224010', 24, '6', 'prueba', '', '312322', '', '0000-00-00'),
(1389, '26510210', 278, '2', '', '', '', '', '0000-00-00'),
(1390, '8306392', 278, '3', 'a2', '', '3434', 'ale.ran92@gmail.com', '0000-00-00'),
(1391, '8723095', 279, '2', 'a2', '', '3232', 'a2@hotmail.com', '0000-00-00'),
(1392, '416462', 279, '3', 'a3', '', '32323', 'a3@hotmail.com', '0000-00-00'),
(1400, '2474800', 281, '2', '', '', '', '', '0000-00-00'),
(1401, '54033033', 281, '3', 'a2', '', '32323', 'a3@hotmail.com', '0000-00-00'),
(1402, '83944', 282, '2', 'a2', '', '3232', 'a2@hotmail.com', '0000-00-00'),
(1403, '800862', 282, '3', 'a2', '', '3434', 'a3@hotmail.com', '0000-00-00'),
(1404, '9193746', 283, '2', 'a2', '', '3232', 'a2@hotmail.com', '0000-00-00'),
(1405, '83146269', 283, '3', 'a2', '', '32323', 'a3@hotmail.com', '0000-00-00'),
(1406, '36197976', 283, '5', '', '3', '3232', 'a4@hotmail.com', '0000-00-00'),
(1407, '17841200', 283, '5', '', '2', '', '', '0000-00-00'),
(1408, '38123470', 283, '5', 'a6', '6', '', 'a6@hotmail.com', '0000-00-00'),
(1409, '6821980', 283, '5', 'a7', '7', '', '', '0000-00-00'),
(1410, '23710529', 284, '1', 'a2', '', '', 'a2@hotmail.com', '0000-00-00'),
(1411, '7432931', 284, '2', 'a2', '', '', 'a2@hotmail.com', '0000-00-00'),
(1412, '5307021', 284, '3', 'a3', '', '', 'a3@hotmail.com', '0000-00-00'),
(1413, '121332', 284, '5', 'a4', '3', '', 'a4@hotmail.com', '0000-00-00'),
(1414, '3031450', 284, '5', 'a4', '2', '', 'a5@hotmail.com', '0000-00-00'),
(1415, '82164178', 284, '5', 'a6', '6', '', 'a6@hotmail.com', '0000-00-00'),
(1416, '19777988', 284, '5', 'a7', '7', '', 'a72@hotmail.com', '0000-00-00'),
(1417, '6455767', 285, '1', 'a1', '', '', 'a1@hotmail.com', '0000-00-00'),
(1418, '1578981', 285, '2', 'a2', '', '', 'a2@hotmail.com', '0000-00-00'),
(1419, '41341172', 285, '3', 'a3', '', '', 'a3@hotmail.com', '0000-00-00'),
(1420, '75524250', 285, '5', 'a5', '3', '', 'a4@hotmail.com', '0000-00-00'),
(1421, '69318988', 285, '5', 'a5', '2', '', 'a5@hotmail.com', '0000-00-00'),
(1422, '2849509', 285, '5', 'a6', '6', '', 'a6@hotmail.com', '0000-00-00'),
(1423, '12112829', 285, '5', 'a7', '7', '', 'a72@hotmail.com', '0000-00-00'),
(1424, '724571779', 108, '1', '', '', '', '', '0000-00-00'),
(1425, '6539252', 108, '2', '', '', '', '', '0000-00-00'),
(1426, '61978687', 108, '3', '', '', '', '', '0000-00-00'),
(1427, '1452126', 108, '5', '', '3', '', '', '0000-00-00'),
(1428, '61267942', 108, '5', '', '2', '', '', '0000-00-00'),
(1429, '2703945', 108, '5', '', '6', '', '', '0000-00-00'),
(1430, '1177928', 108, '5', '', '7', '', '', '0000-00-00'),
(1431, '17837981', 108, '5', 'prueba jefeinfor', '10', '1111111', '', '0000-00-00'),
(1432, '88827270', 45, '1', 'prueba', '', '', '', '0000-00-00'),
(1433, '2386960', 45, '2', '', '', '', '', '0000-00-00'),
(1434, '13016', 45, '3', '', '', '', '', '0000-00-00'),
(1435, '23071738', 45, '5', '', '3', '', '', '0000-00-00'),
(1436, '7546647', 45, '5', '', '2', '', '', '0000-00-00'),
(1437, '3126196', 45, '5', '', '6', '', '', '0000-00-00'),
(1438, '18647708', 45, '5', '', '7', '', '', '0000-00-00'),
(1439, '98394650', 45, '5', 'prueba jefeinfor', '10', '', '', '0000-00-00'),
(1440, '296102499', 90, '1', '', '', '', '', '0000-00-00'),
(1441, '1748820', 90, '2', '', '', '', '', '0000-00-00'),
(1442, '8338816', 90, '3', '', '', '', '', '0000-00-00'),
(1443, '3552872', 90, '5', '', '3', '', '', '0000-00-00'),
(1444, '8029273', 90, '5', '', '2', '', '', '0000-00-00'),
(1445, '2779956', 90, '5', '', '6', '', '', '0000-00-00'),
(1446, '5881923', 90, '5', '', '7', '', '', '0000-00-00'),
(1447, '2759350', 90, '5', 'prueba jefeinfor', '10', '', '', '0000-00-00'),
(1448, '2147483647', 36, '1', 'a1', '', '', '', '0000-00-00'),
(1449, '85479674', 36, '2', '', '', '', '', '0000-00-00'),
(1450, '19734689', 36, '3', '', '', '', '', '0000-00-00'),
(1451, '8601773', 36, '5', '', '3', '', '', '0000-00-00'),
(1452, '89931199', 36, '5', '', '2', '', '', '0000-00-00'),
(1453, '5152757', 36, '5', '', '6', '', '', '0000-00-00'),
(1454, '992662', 36, '5', '', '7', '', '', '0000-00-00'),
(1455, '1035931', 36, '5', '', '10', '', '', '0000-00-00'),
(1456, '983128948', 0, '6', 'profesor evento', '', '1111', '', '0000-00-00'),
(1457, '66002432', 104, '1', 'as', '', '', '', '0000-00-00'),
(1458, '1047451', 104, '2', 'a7', '', '', '', '0000-00-00'),
(1459, '9377797', 104, '3', '', '', '', '', '0000-00-00'),
(1460, '56755', 104, '5', '', '3', '', '', '0000-00-00'),
(1461, '4633854', 104, '5', '', '2', '', '', '0000-00-00'),
(1462, '7800201', 104, '5', '', '6', '', '', '0000-00-00'),
(1463, '81737595', 104, '5', '', '7', '', '', '0000-00-00'),
(1464, '94453992', 104, '5', '', '10', '', '', '0000-00-00'),
(1465, '2147483647', 223, '1', 'as', '', '', '', '0000-00-00'),
(1466, '8955710', 223, '2', 'av', '', '', '', '0000-00-00'),
(1467, '36026004', 223, '3', '', '', '', '', '0000-00-00'),
(1468, '39993348', 223, '5', '', '3', '', '', '0000-00-00'),
(1469, '1749158', 223, '5', '', '2', '', '', '0000-00-00'),
(1470, '90286278', 223, '5', '', '6', '', '', '0000-00-00'),
(1471, '85934867', 223, '5', '', '7', '', '', '0000-00-00'),
(1472, '54486846', 223, '5', '', '10', '', '', '0000-00-00'),
(1473, '2147483647', 104, '6', 'alejandro', '', '2121', 'DSDS', '0000-00-00'),
(1474, '2147483647', 104, '6', 'PRUEBA', '', '434343', 'ale.ran92@gmail.com', '0000-00-00'),
(1475, '2147483647', 104, '6', 'PRUEBA 3', '', '111', 'ale.ran92@gmail.com', '0000-00-00'),
(1476, '7333333', 104, '6', 'prueba 4', '', '3232', 'ale.ran92@gmail.com', '0000-00-00'),
(1477, '62013996', 104, '6', 'prueba 5', '', 'dasda', 'ale.ran92@gmail.com', '0000-00-00'),
(1478, '692843069', 104, '6', 'PRUEBA 10', '', '4343', 'ale.ran92@gmail.com', '0000-00-00'),
(1479, '268984313', 104, '6', 'prueba 8', '', '3232', 'ale.ran92@gmail.com', '0000-00-00'),
(1480, '2147483647', 104, '6', 'alex', '', '43434344', '', '0000-00-00'),
(1481, '2147483647', 24, '6', 'alex3', '', '323232', '', '0000-00-00'),
(1482, '513630277', 24, '6', 'alex 4', '', '3232', '', '0000-00-00'),
(1483, '084184958', 163, '1', '', '', '', '', '0000-00-00'),
(1484, '98243104', 163, '2', '', '', '', '', '0000-00-00'),
(1485, '281518', 163, '3', '', '', '', '', '0000-00-00'),
(1486, '6308967', 163, '5', '', '3', '', '', '0000-00-00'),
(1487, '27354822', 163, '5', '', '2', '', '', '0000-00-00'),
(1488, '44574306', 163, '5', '', '6', '', '', '0000-00-00'),
(1489, '0074074', 163, '5', '', '7', '', '', '0000-00-00'),
(1490, '9088630', 163, '5', 'alejandro', '10', '123455', '', '0000-00-00'),
(1491, '16452576', 163, '7', '', '', '', '', '0000-00-00'),
(1492, '91137292', 239, '1', '', '', '', '', '0000-00-00'),
(1493, '57950630', 239, '2', '', '', '', '', '0000-00-00'),
(1494, '30569511', 239, '3', '', '', '', '', '0000-00-00'),
(1495, '02658358', 239, '5', '', '3', '', '', '0000-00-00'),
(1496, '47708511', 239, '5', '', '2', '', '', '0000-00-00'),
(1497, '9594886', 239, '5', '', '6', '', '', '0000-00-00'),
(1498, '71146144', 239, '5', '', '7', '', '', '0000-00-00'),
(1499, '30901275', 239, '5', '', '10', '', '', '0000-00-00'),
(1500, '92456466', 239, '7', 'alejnadro', '', '1212121', '', '0000-00-00'),
(1501, '7603807920', 228, '1', '', '', '', '', '0000-00-00'),
(1502, '79955179', 228, '2', '', '', '', '', '0000-00-00'),
(1503, '62791988', 228, '3', '', '', '', '', '0000-00-00'),
(1504, '005958', 228, '5', '', '3', '', '', '0000-00-00'),
(1505, '7873591', 228, '5', '', '2', '', '', '0000-00-00'),
(1506, '6950194', 228, '5', '', '6', '', '', '0000-00-00'),
(1507, '342329', 228, '5', '', '7', '', '', '0000-00-00'),
(1508, '99573430', 228, '5', '', '10', '', '', '0000-00-00'),
(1509, '0157152', 228, '9', 'alejandro', '', '212121', '', '0000-00-00'),
(1510, '6333844191', 189, '1', '', '', '', '', '0000-00-00'),
(1511, '53667923', 189, '2', '', '', '', '', '0000-00-00'),
(1512, '158818', 189, '3', '', '', '', '', '0000-00-00'),
(1513, '39230861', 189, '5', '', '3', '', '', '0000-00-00'),
(1514, '02522236', 189, '5', '', '2', '', '', '0000-00-00'),
(1515, '5815336', 189, '5', '', '6', '', '', '0000-00-00'),
(1516, '73243935', 189, '8', 'alejandro', '7', '212121', '', '0000-00-00'),
(1517, '7585136', 189, '0', 'Ana', '10', '212121', '', '0000-00-00'),
(1518, '4261416', 189, '20', '', '', '', '', '0000-00-00'),
(1519, '697004235', 176, '1', '', '', '', '', '0000-00-00'),
(1520, '5305094', 176, '2', '', '', '', '', '0000-00-00'),
(1521, '4994825', 176, '3', '', '', '', '', '0000-00-00'),
(1522, '94147623', 176, '5', '', '3', '', '', '0000-00-00'),
(1523, '41653697', 176, '5', '', '2', '', '', '0000-00-00'),
(1524, '88759', 176, '5', '', '6', '', '', '0000-00-00'),
(1525, '89285313', 176, '5', '', '7', '', '', '0000-00-00'),
(1526, '6262774', 176, '7', 'ana rosa10', '10', '333', '', '0000-00-00'),
(1527, '80504251', 176, '8', 'ana', '', '333', '', '0000-00-00'),
(1528, '405840123', 288, '1', '', '', '', '', '0000-00-00'),
(1529, '0691753', 288, '2', '', '', '', '', '0000-00-00'),
(1530, '71902858', 288, '3', '', '', '', '', '0000-00-00'),
(1531, '50982166', 288, '5', '', '3', '', '', '0000-00-00'),
(1532, '9067809', 288, '5', '', '2', '', '', '0000-00-00'),
(1533, '27833250', 288, '5', '', '6', '', '', '0000-00-00'),
(1534, '3395214', 288, '5', 'a1', '7', '1', 'a1@gmail.com', '0000-00-00'),
(1535, '0120678', 288, '5', 'a1', '10', '1', 'a1@gmail.com', '0000-00-00'),
(1536, '42449310', 288, '0', 'a2', '', '2', 'a2@gmail.com', '0000-00-00'),
(1537, '1120097393', 289, '1', '', '', '', '', '0000-00-00'),
(1538, '737263', 289, '2', '', '', '', '', '0000-00-00'),
(1539, '43102794', 289, '3', '', '', '', '', '0000-00-00'),
(1540, '88679770', 289, '5', '', '3', '', '', '0000-00-00'),
(1541, '56818633', 289, '5', '', '2', '', '', '0000-00-00'),
(1542, '80394698', 289, '5', '', '6', '', '', '0000-00-00'),
(1543, '9075432', 289, '5', 'a1', '7', '21212', '', '0000-00-00'),
(1544, '19804489', 289, '5', 'a1', '10', '21212', '', '0000-00-00'),
(1545, '9595188', 289, '20', '', '', '', '', '0000-00-00'),
(1546, '7554291', 290, '1', '', '', '', '', '0000-00-00'),
(1547, '7416118', 290, '2', '', '', '', '', '0000-00-00'),
(1548, '63565068', 290, '3', '', '', '', '', '0000-00-00'),
(1549, '03197831', 290, '5', '', '3', '', '', '0000-00-00'),
(1550, '22026', 290, '5', '', '2', '', '', '0000-00-00'),
(1551, '32131207', 290, '5', '', '6', '', '', '0000-00-00'),
(1552, '44182751', 290, '5', '', '7', '', '', '0000-00-00'),
(1553, '05962161', 290, '5', '', '10', '', '', '0000-00-00'),
(1554, '25324486', 290, '7', 'a75', '', '', '', '0000-00-00'),
(1555, '861644607', 291, '1', '', '', '', '', '0000-00-00'),
(1556, '0822569', 291, '2', '', '', '', '', '0000-00-00'),
(1557, '47172089', 291, '3', '', '', '', '', '0000-00-00'),
(1558, '1238121', 291, '5', '', '3', '', '', '0000-00-00'),
(1559, '52598446', 291, '5', '', '2', '', '', '0000-00-00'),
(1560, '680283', 291, '5', '', '6', '', '', '0000-00-00'),
(1561, '88096677', 291, '5', 'a1', '7', '', '', '0000-00-00'),
(1562, '70379482', 291, '5', 'a1', '10', '', '', '0000-00-00'),
(1563, '6225485', 291, '7', 'a2', '', '', '', '0000-00-00'),
(1564, '4671358478', 24, '6', 'aaa', '', '', '', '0000-00-00'),
(1565, '566151930', 24, '6', 'e', '', '3232', '', '0000-00-00'),
(1566, '150006193', 24, '6', 'alex', '', '3232', '', '0000-00-00'),
(1567, '665440918', 37, '1', '', '', '', '', '0000-00-00'),
(1568, '1156990', 37, '2', 'prueba', '', '', '', '0000-00-00'),
(1569, '15191492', 37, '3', '', '', '', '', '0000-00-00'),
(1570, '7135699', 37, '5', '', '3', '', '', '0000-00-00'),
(1571, '029895', 37, '5', '', '2', '', '', '0000-00-00'),
(1572, '09679450', 37, '5', '', '6', '', '', '0000-00-00'),
(1573, '86790506', 37, '5', '', '7', '', '', '0000-00-00'),
(1574, '40895663', 37, '5', '', '10', '', '', '0000-00-00'),
(1575, '7407146', 37, '20', '', '', '', '', '0000-00-00');

-- --------------------------------------------------------

--
-- Table structure for table `usuarios`
--

CREATE TABLE IF NOT EXISTS `usuarios` (
`id` int(11) NOT NULL,
  `tipo` int(11) NOT NULL,
  `id_pais` int(11) NOT NULL,
  `cedula` varchar(12) COLLATE utf8_spanish_ci NOT NULL,
  `nombres` varchar(100) COLLATE utf8_spanish_ci NOT NULL,
  `apellidos` varchar(100) COLLATE utf8_spanish_ci NOT NULL,
  `telefono` varchar(12) COLLATE utf8_spanish_ci NOT NULL,
  `direccion` varchar(100) COLLATE utf8_spanish_ci NOT NULL,
  `correo` varchar(100) COLLATE utf8_spanish_ci NOT NULL,
  `clave` varchar(100) COLLATE utf8_spanish_ci NOT NULL,
  `cod_zona` varchar(10) COLLATE utf8_spanish_ci NOT NULL
) ENGINE=InnoDB AUTO_INCREMENT=13 DEFAULT CHARSET=utf8 COLLATE=utf8_spanish_ci;

--
-- Dumping data for table `usuarios`
--

INSERT INTO `usuarios` (`id`, `tipo`, `id_pais`, `cedula`, `nombres`, `apellidos`, `telefono`, `direccion`, `correo`, `clave`, `cod_zona`) VALUES
(1, 1, 1, '12345678', 'liliana', 'toledo', '31152748271', '', 'oltoledo@hotmail.com', 'b7c65a9e08ddd8c4aa65a40c248fbd65', '12345678'),
(3, 3, 1, '', '2', 'pruebas', '', '', '1@hotmail.com', '629c348fbe0e98b143bb66c0656cee10', '87654321'),
(4, 3, 1, '', '3115274827', 'pruebas', '', '', '2@hotmail.com', 'e10adc3949ba59abbe56e057f20f883e', '3463252'),
(5, 3, 1, '', '3115274827', 'pruebas', '', '', 'oltoledo@hotmail.com', 'e10adc3949ba59abbe56e057f20f883e', '83028202'),
(6, 3, 1, '', '3115274827', 'pruebas', '', '', 'oltoledo@hotmail.com', 'bf5605a8ec2a9eeb24f7560abb6e56be', '02038200'),
(7, 3, 1, '', '3115274827', 'pruebas', '', '', 'oltoledo@hotmail.com', '8c71478dbe0803e8c0e0847a63de8529', '03736282'),
(8, 3, 1, '', '3115274827', 'pruebas', '', '', 'oltoledo@hotmail.com', '0419ee1c69e56a69fe7babd98d19155d', '4589030'),
(9, 1, 1, '', '3115274827', 'pruebas', '', '', 'oltoledo@hotmail.com', 'e10adc3949ba59abbe56e057f20f883e', ''),
(10, 3, 2, '12345678', '3115274827', 'pruebas', '3115274827', '', 'oltoledo@hotmail.com', 'a0420c052acb3a75b05456fabf9093dc', '66549657'),
(11, 3, 1, '', 'creacion', 'crea', '', '', 'creacion@gmail.com', 'e10adc3949ba59abbe56e057f20f883e', ''),
(12, 3, 1, '', 'dasdas', 'dasdsa', '', '', 'dada@dadsa.com', 'c33367701511b4f6020ec61ded352059', '');

-- --------------------------------------------------------

--
-- Table structure for table `visitas`
--

CREATE TABLE IF NOT EXISTS `visitas` (
`id` int(11) NOT NULL,
  `id_periodo` int(11) NOT NULL,
  `id_plan_trabajo` int(11) NOT NULL,
  `observaciones` varchar(500) COLLATE utf8_spanish_ci NOT NULL,
  `fecha` timestamp NOT NULL DEFAULT CURRENT_TIMESTAMP ON UPDATE CURRENT_TIMESTAMP,
  `latitud` varchar(100) COLLATE utf8_spanish_ci NOT NULL,
  `longitud` varchar(100) COLLATE utf8_spanish_ci NOT NULL
) ENGINE=InnoDB AUTO_INCREMENT=24 DEFAULT CHARSET=utf8 COLLATE=utf8_spanish_ci;

--
-- Dumping data for table `visitas`
--

INSERT INTO `visitas` (`id`, `id_periodo`, `id_plan_trabajo`, `observaciones`, `fecha`, `latitud`, `longitud`) VALUES
(12, 2, 53, 'prueba', '2018-06-11 03:42:44', '4.7210723', '-74.1183116'),
(13, 2, 51, '', '2018-06-11 04:21:19', '4.721082', '-74.1183334'),
(14, 2, 56, '', '2018-06-11 22:48:52', '', ''),
(15, 2, 57, '', '2018-06-12 04:33:47', '4.7211408', '-74.1182983'),
(16, 2, 58, '', '2018-06-12 21:21:43', '4.6266238', '-74.0748173'),
(17, 2, 63, '', '2018-06-22 04:58:15', '', ''),
(18, 2, 64, '', '2018-06-22 05:04:16', '', ''),
(19, 2, 65, '', '2018-06-23 00:42:02', '', ''),
(20, 2, 66, 'prueba varios libros', '2018-06-23 01:03:12', '4.7210136', '-74.1183878'),
(21, 2, 70, 'aaaaaaaaaaaaaaaaaaaaaaaaaaaaaaaaaaaaaaaaaaaa', '2018-07-04 04:31:46', '4.7211189', '-74.1185314'),
(22, 2, 73, 'hola', '2018-07-07 03:22:20', '4.7210549', '-74.1181806'),
(23, 2, 80, '', '2018-08-03 05:03:11', '', '');

-- --------------------------------------------------------

--
-- Table structure for table `zonas`
--

CREATE TABLE IF NOT EXISTS `zonas` (
`id` int(11) NOT NULL,
  `codigo` varchar(8) COLLATE utf8_spanish_ci NOT NULL,
  `zona` varchar(100) COLLATE utf8_spanish_ci NOT NULL
) ENGINE=InnoDB AUTO_INCREMENT=10 DEFAULT CHARSET=utf8 COLLATE=utf8_spanish_ci;

--
-- Dumping data for table `zonas`
--

INSERT INTO `zonas` (`id`, `codigo`, `zona`) VALUES
(1, '12345678', 'Oriente'),
(2, '87654321', 'Suroriente'),
(3, '3463252', 'Nororiente'),
(4, '03736282', 'Occidente'),
(5, '83028202', 'Noroccidente'),
(6, '02038200', 'Suroccidente'),
(7, '4589030', 'Pueblos'),
(8, '72636282', 'Gerencia'),
(9, '66549657', 'Panama');

--
-- Indexes for dumped tables
--

--
-- Indexes for table `areas_objetivas`
--
ALTER TABLE `areas_objetivas`
 ADD PRIMARY KEY (`id`);

--
-- Indexes for table `cargos`
--
ALTER TABLE `cargos`
 ADD PRIMARY KEY (`id`);

--
-- Indexes for table `colegios`
--
ALTER TABLE `colegios`
 ADD PRIMARY KEY (`id`), ADD UNIQUE KEY `codigo` (`codigo`);

--
-- Indexes for table `events`
--
ALTER TABLE `events`
 ADD PRIMARY KEY (`id`);

--
-- Indexes for table `grados`
--
ALTER TABLE `grados`
 ADD PRIMARY KEY (`id`);

--
-- Indexes for table `grados_materias`
--
ALTER TABLE `grados_materias`
 ADD PRIMARY KEY (`id`);

--
-- Indexes for table `grados_paralelos`
--
ALTER TABLE `grados_paralelos`
 ADD PRIMARY KEY (`id`);

--
-- Indexes for table `libros`
--
ALTER TABLE `libros`
 ADD PRIMARY KEY (`id`);

--
-- Indexes for table `materias`
--
ALTER TABLE `materias`
 ADD PRIMARY KEY (`id`);

--
-- Indexes for table `mercado_editorial`
--
ALTER TABLE `mercado_editorial`
 ADD PRIMARY KEY (`id`);

--
-- Indexes for table `mu_pre`
--
ALTER TABLE `mu_pre`
 ADD PRIMARY KEY (`id`);

--
-- Indexes for table `objetivos`
--
ALTER TABLE `objetivos`
 ADD PRIMARY KEY (`id`);

--
-- Indexes for table `paises`
--
ALTER TABLE `paises`
 ADD PRIMARY KEY (`id`);

--
-- Indexes for table `paralelos`
--
ALTER TABLE `paralelos`
 ADD PRIMARY KEY (`id`);

--
-- Indexes for table `periodos`
--
ALTER TABLE `periodos`
 ADD PRIMARY KEY (`id`);

--
-- Indexes for table `plan_trabajo`
--
ALTER TABLE `plan_trabajo`
 ADD PRIMARY KEY (`id`);

--
-- Indexes for table `presupuestos`
--
ALTER TABLE `presupuestos`
 ADD PRIMARY KEY (`id`);

--
-- Indexes for table `tipos_libro`
--
ALTER TABLE `tipos_libro`
 ADD PRIMARY KEY (`id`);

--
-- Indexes for table `trabajadores_colegios`
--
ALTER TABLE `trabajadores_colegios`
 ADD PRIMARY KEY (`id`);

--
-- Indexes for table `usuarios`
--
ALTER TABLE `usuarios`
 ADD PRIMARY KEY (`id`);

--
-- Indexes for table `visitas`
--
ALTER TABLE `visitas`
 ADD PRIMARY KEY (`id`);

--
-- Indexes for table `zonas`
--
ALTER TABLE `zonas`
 ADD PRIMARY KEY (`id`);

--
-- AUTO_INCREMENT for dumped tables
--

--
-- AUTO_INCREMENT for table `areas_objetivas`
--
ALTER TABLE `areas_objetivas`
MODIFY `id` int(11) NOT NULL AUTO_INCREMENT,AUTO_INCREMENT=68;
--
-- AUTO_INCREMENT for table `cargos`
--
ALTER TABLE `cargos`
MODIFY `id` int(11) NOT NULL AUTO_INCREMENT,AUTO_INCREMENT=11;
--
-- AUTO_INCREMENT for table `colegios`
--
ALTER TABLE `colegios`
MODIFY `id` int(11) NOT NULL AUTO_INCREMENT,AUTO_INCREMENT=294;
--
-- AUTO_INCREMENT for table `events`
--
ALTER TABLE `events`
MODIFY `id` int(11) NOT NULL AUTO_INCREMENT,AUTO_INCREMENT=14;
--
-- AUTO_INCREMENT for table `grados`
--
ALTER TABLE `grados`
MODIFY `id` int(11) NOT NULL AUTO_INCREMENT,AUTO_INCREMENT=18;
--
-- AUTO_INCREMENT for table `grados_materias`
--
ALTER TABLE `grados_materias`
MODIFY `id` int(11) NOT NULL AUTO_INCREMENT,AUTO_INCREMENT=113;
--
-- AUTO_INCREMENT for table `grados_paralelos`
--
ALTER TABLE `grados_paralelos`
MODIFY `id` int(11) NOT NULL AUTO_INCREMENT,AUTO_INCREMENT=2437;
--
-- AUTO_INCREMENT for table `libros`
--
ALTER TABLE `libros`
MODIFY `id` int(11) NOT NULL AUTO_INCREMENT,AUTO_INCREMENT=256;
--
-- AUTO_INCREMENT for table `materias`
--
ALTER TABLE `materias`
MODIFY `id` int(11) NOT NULL AUTO_INCREMENT,AUTO_INCREMENT=12;
--
-- AUTO_INCREMENT for table `mercado_editorial`
--
ALTER TABLE `mercado_editorial`
MODIFY `id` int(11) NOT NULL AUTO_INCREMENT,AUTO_INCREMENT=63;
--
-- AUTO_INCREMENT for table `mu_pre`
--
ALTER TABLE `mu_pre`
MODIFY `id` int(11) NOT NULL AUTO_INCREMENT,AUTO_INCREMENT=13;
--
-- AUTO_INCREMENT for table `objetivos`
--
ALTER TABLE `objetivos`
MODIFY `id` int(11) NOT NULL AUTO_INCREMENT,AUTO_INCREMENT=8;
--
-- AUTO_INCREMENT for table `paises`
--
ALTER TABLE `paises`
MODIFY `id` int(11) NOT NULL AUTO_INCREMENT,AUTO_INCREMENT=3;
--
-- AUTO_INCREMENT for table `paralelos`
--
ALTER TABLE `paralelos`
MODIFY `id` int(11) NOT NULL AUTO_INCREMENT;
--
-- AUTO_INCREMENT for table `periodos`
--
ALTER TABLE `periodos`
MODIFY `id` int(11) NOT NULL AUTO_INCREMENT,AUTO_INCREMENT=3;
--
-- AUTO_INCREMENT for table `plan_trabajo`
--
ALTER TABLE `plan_trabajo`
MODIFY `id` int(11) NOT NULL AUTO_INCREMENT,AUTO_INCREMENT=83;
--
-- AUTO_INCREMENT for table `presupuestos`
--
ALTER TABLE `presupuestos`
MODIFY `id` int(11) NOT NULL AUTO_INCREMENT,AUTO_INCREMENT=13;
--
-- AUTO_INCREMENT for table `tipos_libro`
--
ALTER TABLE `tipos_libro`
MODIFY `id` int(11) NOT NULL AUTO_INCREMENT,AUTO_INCREMENT=5;
--
-- AUTO_INCREMENT for table `trabajadores_colegios`
--
ALTER TABLE `trabajadores_colegios`
MODIFY `id` int(11) NOT NULL AUTO_INCREMENT,AUTO_INCREMENT=1576;
--
-- AUTO_INCREMENT for table `usuarios`
--
ALTER TABLE `usuarios`
MODIFY `id` int(11) NOT NULL AUTO_INCREMENT,AUTO_INCREMENT=13;
--
-- AUTO_INCREMENT for table `visitas`
--
ALTER TABLE `visitas`
MODIFY `id` int(11) NOT NULL AUTO_INCREMENT,AUTO_INCREMENT=24;
--
-- AUTO_INCREMENT for table `zonas`
--
ALTER TABLE `zonas`
MODIFY `id` int(11) NOT NULL AUTO_INCREMENT,AUTO_INCREMENT=10;
/*!40101 SET CHARACTER_SET_CLIENT=@OLD_CHARACTER_SET_CLIENT */;
/*!40101 SET CHARACTER_SET_RESULTS=@OLD_CHARACTER_SET_RESULTS */;
/*!40101 SET COLLATION_CONNECTION=@OLD_COLLATION_CONNECTION */;
