-- phpMyAdmin SQL Dump
-- version 4.6.6
-- https://www.phpmyadmin.net/
--
-- Servidor: localhost:3306
-- Tiempo de generación: 26-06-2018 a las 22:19:30
-- Versión del servidor: 5.5.56-MariaDB
-- Versión de PHP: 5.6.30

SET SQL_MODE = "NO_AUTO_VALUE_ON_ZERO";
SET time_zone = "+00:00";


/*!40101 SET @OLD_CHARACTER_SET_CLIENT=@@CHARACTER_SET_CLIENT */;
/*!40101 SET @OLD_CHARACTER_SET_RESULTS=@@CHARACTER_SET_RESULTS */;
/*!40101 SET @OLD_COLLATION_CONNECTION=@@COLLATION_CONNECTION */;
/*!40101 SET NAMES utf8mb4 */;

--
-- Base de datos: `bd_promotores`
--

-- --------------------------------------------------------

--
-- Estructura de tabla para la tabla `areas_objetivas`
--

CREATE TABLE `areas_objetivas` (
  `id` int(11) NOT NULL,
  `id_periodo` int(11) NOT NULL,
  `id_colegio` int(11) NOT NULL,
  `id_materia` int(11) NOT NULL,
  `id_grado` int(11) NOT NULL,
  `id_libro_eureka` int(11) NOT NULL
) ENGINE=InnoDB DEFAULT CHARSET=utf8 COLLATE=utf8_spanish_ci;

--
-- Volcado de datos para la tabla `areas_objetivas`
--

INSERT INTO `areas_objetivas` (`id`, `id_periodo`, `id_colegio`, `id_materia`, `id_grado`, `id_libro_eureka`) VALUES
(1, 1, 39, 7, 15, 0),
(2, 1, 41, 4, 15, 155),
(3, 1, 301, 2, 4, 42),
(4, 1, 322, 9, 15, 0),
(5, 1, 163, 2, 16, 162),
(6, 1, 313, 3, 15, 153),
(7, 1, 158, 6, 15, 167),
(8, 1, 323, 9, 15, 0),
(9, 1, 42, 9, 15, 0),
(10, 1, 315, 2, 15, 158),
(11, 1, 43, 3, 4, 15),
(12, 1, 317, 9, 15, 0),
(13, 1, 140, 4, 15, 155),
(14, 1, 84, 1, 1, 104),
(15, 1, 340, 4, 15, 155),
(16, 1, 340, 4, 16, 156),
(17, 1, 84, 3, 3, 109),
(18, 1, 139, 9, 15, 0),
(19, 1, 300, 10, 15, 164),
(20, 1, 300, 10, 16, 165),
(21, 1, 344, 9, 15, 0),
(22, 1, 319, 9, 15, 0),
(23, 1, 302, 4, 15, 0),
(24, 1, 320, 9, 15, 0),
(25, 1, 349, 10, 15, 164),
(26, 1, 356, 9, 15, 0),
(27, 1, 362, 2, 15, 158),
(28, 1, 377, 3, 15, 153),
(29, 1, 290, 4, 15, 155),
(30, 1, 380, 10, 15, 164),
(31, 1, 382, 4, 15, 155),
(32, 1, 387, 10, 15, 164),
(33, 1, 385, 8, 15, 168),
(34, 1, 394, 2, 16, 162),
(35, 1, 403, 2, 15, 158),
(36, 1, 413, 5, 15, 0),
(37, 1, 418, 3, 15, 153),
(38, 1, 420, 3, 15, 153),
(39, 1, 423, 4, 15, 155);

-- --------------------------------------------------------

--
-- Estructura de tabla para la tabla `cargos`
--

CREATE TABLE `cargos` (
  `id` int(11) NOT NULL,
  `cargo` varchar(100) COLLATE utf8_spanish_ci NOT NULL
) ENGINE=InnoDB DEFAULT CHARSET=utf8 COLLATE=utf8_spanish_ci;

--
-- Volcado de datos para la tabla `cargos`
--

INSERT INTO `cargos` (`id`, `cargo`) VALUES
(1, 'Propietario'),
(2, 'Rector'),
(3, 'Coordinador académico'),
(4, 'Coordinador de convivencia'),
(5, 'Jefe de área'),
(6, 'Profesor');

-- --------------------------------------------------------

--
-- Estructura de tabla para la tabla `colegios`
--

CREATE TABLE `colegios` (
  `id` int(11) NOT NULL,
  `codigo` varchar(11) COLLATE utf8_spanish_ci NOT NULL,
  `colegio` varchar(100) COLLATE utf8_spanish_ci NOT NULL,
  `direccion` varchar(100) COLLATE utf8_spanish_ci NOT NULL,
  `barrio` varchar(100) COLLATE utf8_spanish_ci NOT NULL,
  `telefono` varchar(20) COLLATE utf8_spanish_ci NOT NULL,
  `web` varchar(100) COLLATE utf8_spanish_ci NOT NULL,
  `cumpleaños` date NOT NULL,
  `cod_zona` varchar(8) COLLATE utf8_spanish_ci NOT NULL,
  `id_usuario` int(11) NOT NULL,
  `fecha_creacion` timestamp NOT NULL DEFAULT CURRENT_TIMESTAMP ON UPDATE CURRENT_TIMESTAMP
) ENGINE=InnoDB DEFAULT CHARSET=utf8 COLLATE=utf8_spanish_ci;

--
-- Volcado de datos para la tabla `colegios`
--

INSERT INTO `colegios` (`id`, `codigo`, `colegio`, `direccion`, `barrio`, `telefono`, `web`, `cumpleaños`, `cod_zona`, `id_usuario`, `fecha_creacion`) VALUES
(24, '1-81433449', 'COLEGIO DE PRUEBA 1', 'CRA 16 No 16-16', 'KENEDY', '2251714', '', '0000-00-00', '12345678', 2, '2018-05-18 16:23:42'),
(27, '1-90809640', 'Colegio ABC', 'hudfsbdjsbdfbo', 'ygyfyfyfy', '57646', '', '0000-00-00', '12345678', 2, '2018-05-18 21:57:21'),
(28, '1-60416153', 'Colegio Anglo Americano', 'Calle 170 N° 8-80', 'La Uribe', '6694189', '', '0000-00-00', '3463252', 4, '2018-05-21 22:57:34'),
(29, '1-41872796', 'Colegio Corazonistas Norte', 'Calle 200 N° 60-00', 'Arrayanes', '6683360', '', '0000-00-00', '3463252', 4, '2018-05-21 23:20:44'),
(30, '1-67146992', 'Gimnasio San Angelo', 'Calle 226 N° 53-46', 'Arrayanes', '6686555', '', '0000-00-00', '3463252', 4, '2018-05-21 23:35:59'),
(31, '1-72246896', 'Colegio Nueva York', 'Calle 227 N° 49-64', 'Arrayanes', '6684890', '', '0000-00-00', '3463252', 4, '2018-05-22 00:07:10'),
(32, '1-32582043', 'Colegio Nueva Inglaterra', 'Calle 218 N° 50-60', 'Arrayanes', '6760788', '', '0000-00-00', '3463252', 4, '2018-05-22 00:17:55'),
(33, '1-68558155', 'Colegio Calazans Norte', 'Carreta 20 N° 173A- 10', 'La Uribe', '6730992', '', '0000-00-00', '3463252', 4, '2018-05-22 00:39:50'),
(34, '1-82997229', 'COLEGIO INMACULADO CORAZON DE MARIA', 'K 80 I N 65-55 SUR', 'Bosa Jimenez', '5756619', '', '0000-00-00', '02038200', 6, '2018-05-23 15:11:19'),
(35, '1-06203680', 'Instituto Susana Wesley', 'Calle 91 a Sur #14 a -50', 'Tenerife', '7612725', 'No tiene', '1993-03-03', '87654321', 3, '2018-05-25 16:17:18'),
(36, '1-034683', 'Centro Educativo Asosiervas', 'Calle  135 No.  91 A 30', 'Villa Elisa Suba', '6813172', '', '0000-00-00', '83028202', 5, '2018-05-29 20:17:20'),
(37, '1-6787062', 'PARROQUIAL NUESTRA SEÑORA DEL ROSARIO', 'CALEE 23 G #111-96', 'VERSALLES', '2983585', '', '0000-00-00', '03736282', 7, '2018-05-29 20:36:09'),
(38, '1-27782926', 'Gimnasio Academico Regional', 'Carrera 108A  No.139-26', 'Las Flores Suba', '6883083', 'www.gimnasioacademicoregional.edu.co', '0000-00-00', '83028202', 5, '2018-05-29 20:38:04'),
(39, '1-0096517', 'liceo Psicopedagogico Paraíso Infantil', 'Calle 102 sur # 5 - 14 este', 'Lorenzo Alcantuz', '7613797', 'No tiene', '2018-02-02', '87654321', 3, '2018-05-29 20:43:15'),
(40, '1-7307241', 'Liceo Pedagógico Catherblanc', 'CL 155 D 98 45', 'Tuna baja suba', '6833561 -- 6811296', '', '0000-00-00', '83028202', 5, '2018-05-29 21:05:25'),
(41, '1-1140442', 'Colegio Solis', 'Calle 19 sur # 5-29', 'Primera De Mayo', '8043073', 'No tiene', '2018-11-10', '87654321', 3, '2018-05-29 21:06:53'),
(42, '1-3272079', 'Santa Teresa De Jesus', 'Carrera 99 # 19 -72 ', 'Fontibon', '2671834', 'www.colsonter.edu.co', '2018-09-07', '87654321', 3, '2018-05-29 21:40:38'),
(43, '1-7035932', 'Colegio Agustiniano Tagaste', 'Carrera 88 # 11 a -21', 'Tintal', '4193180', 'agustinianotagaste.edu.co', '2018-11-14', '87654321', 3, '2018-05-29 21:55:44'),
(44, '1-922013', 'Liceo Juvenil Moravia', 'Carrera 137A # 17D-31', 'Puente Grande', '5486964', '', '2018-05-29', '03736282', 7, '2018-05-29 22:03:19'),
(47, '1-6729302', 'Instituto Psicopedagogico El Calpulli', 'Calle 18A # 121-06', 'San Pedro', '2676206', '', '0000-00-00', '03736282', 7, '2018-05-29 22:20:20'),
(48, '1-35143029', 'Colegio Hogar de Nazareth', 'Calle 142 No. 114 C - 11', 'Puerta del sol suba', '6877813', 'www.colegiohogardenazareth.com.co', '0000-00-00', '83028202', 5, '2018-05-29 22:20:43'),
(49, '1-6661973', 'Gimnasio Mixto Manuel del Socorro Rodriguez', 'CALLE. 157BIS NO. 94-05', 'salitre suba', '6839499 / 6856054/74', 'www,gimnasiomanueldelsocorrorodriguez.edu.co', '0000-00-00', '83028202', 5, '2018-05-29 22:43:24'),
(50, '1-915946', 'Colegio Cafam', 'Avenida Karrera 68 No. 68 64 45', 'Bosque Popular', '4378999', 'www.portalcolegio.com', '0000-00-00', '83028202', 5, '2018-05-29 23:05:05'),
(52, '1-782872', 'Colegio San jorge de Fontibon (Santa Juana de Chantal)', 'Carrera 98 # 16D-57', 'Fontibon', '5438463', '', '0000-00-00', '03736282', 7, '2018-05-29 23:23:02'),
(53, '1-843272', 'Psicopedagogico Infantil La Aldea', 'carrera 117A # 31C-21', 'La Aldea', '2676877', '', '0000-00-00', '03736282', 7, '2018-05-29 23:35:04'),
(56, '1-1618562', 'Colegio Bilingue Nueva Alejandria', 'Calle 25D # 80C-05', 'Modelia', '2632036', '', '0000-00-00', '03736282', 7, '2018-05-30 00:03:24'),
(58, '1-8360263', 'Liceo de Ciencia y Cultura Harvard', 'KR 106 151 65', 'Via suba cota', '	6815129', 'www.liceodecienciayculturaharvard.com', '0000-00-00', '83028202', 5, '2018-05-30 00:17:24'),
(59, '1-0420', 'Colegio Bilingue San Juan de Avila', ' KM 5 VIA SUBA - COTA ', 'Vereda Chorrilos', '6806280', 'www.colsanjuandeavila.edu.co', '0000-00-00', '83028202', 5, '2018-05-30 00:30:56'),
(60, '1-8923936', 'Gimnasio Moderno Generación del Futuro', ' Carrera  114  No.152 D 63 ', 'Almendros de suba', '6240917/ 6240918 /53', 'generacionelfuturo@hotmail.com', '0000-00-00', '83028202', 5, '2018-05-30 00:44:47'),
(61, '1-3823181', 'Colegio Nueva Verona Ltda', 'Cra 147 No.132B-06', 'LISBOA SUBA', '	5364679', '', '0000-00-00', '83028202', 5, '2018-05-30 00:59:36'),
(63, '1-80062882', 'Liceo Pedagogico Carlos Andres', 'Carrera 71 # 64H-05', 'La Europa', '4381965', '', '0000-00-00', '03736282', 7, '2018-05-30 01:16:57'),
(64, '1-53383366', 'Liceo Moderno Mis Compañeritos', 'Calle 20C # 96I-40', 'Fontibon', '2670095', '', '0000-00-00', '03736282', 7, '2018-05-30 01:25:44'),
(65, '1-5479487', 'Gimnasio Tundama', 'Carrera 69I # 68-29', 'La Estrada', '2400001', '', '0000-00-00', '03736282', 7, '2018-05-30 01:33:52'),
(66, '1-87724167', 'Liceo Bonanza Siglo XXI', 'Calle 75 # 70-18', 'Bonanza', '2502734', '', '0000-00-00', '03736282', 7, '2018-05-30 01:50:44'),
(67, '1-3480066', 'Jardin Infantil Osito de Milel', 'Carrera 77B # 34-44', 'Modelia', '2951409', '', '0000-00-00', '03736282', 7, '2018-05-30 18:37:20'),
(68, '1-149638', 'Colegio  El Minuto de Dios', 'Transversal 74 No. 81C -  05', 'Minuto de Dios', '5082230 -- 5082231', 'www.colegiosminutodedios.edu.co', '0000-00-00', '83028202', 5, '2018-05-30 18:43:17'),
(69, '1-8762272', 'Colegio Jesus Maestro', 'Calle 18 # 114A-07', 'Fontibon', '2981479', '', '0000-00-00', '03736282', 7, '2018-05-30 18:45:03'),
(70, '1-1246069', 'Colegio Alvernia', 'Transversal 77 No.162-55', 'Casa Blanca Suba', '6921335', 'www.colegioalvernia.edu.co', '0000-00-00', '83028202', 5, '2018-05-30 18:53:42'),
(71, '1-9374042', 'Colegio Universidad LIbre', 'Carrera 66A # 53-40', 'Normandia', '4232700', '', '0000-00-00', '03736282', 7, '2018-05-30 18:56:02'),
(72, '1-650459', 'Colegio Divino Salvador', 'Carrera 75 N. 162-05', 'Suba casa blanca', '6815360 /5635', '', '0000-00-00', '83028202', 5, '2018-05-30 18:58:25'),
(73, '1-45671327', 'Gimnasio Artistico de Suba', 'Carrera 104 No.140-05', 'suba las flores', '5359845', 'www.gimnasioartisticodesuba.edu.co', '0000-00-00', '83028202', 5, '2018-05-30 19:05:05'),
(74, '1-86110165', 'Institucion Educativa Compartir Suba', 'Carrera 128 No.146-52', 'Suba compartir', '6971161/6970024', '', '0000-00-00', '83028202', 5, '2018-05-30 19:16:36'),
(75, '1-5786232', 'Gimnasio Antonio Arboleda', 'Transversal 96 No. 88a-09', 'Quirigua', '2281530', '', '0000-00-00', '83028202', 5, '2018-05-30 19:25:39'),
(76, '1-48257828', 'Colegio Acoinprev', 'Calle  125  No.95 A 63', 'Suba rincon', '	6829367 / 6921318 /', 'www.colegioacoinprev.com.', '0000-00-00', '83028202', 5, '2018-05-30 19:31:36'),
(77, '1-14826220', 'Colegio Acoinprev', 'Calle 125 No.95 A 63', 'Suba rincon', '6829367 / 6921318 / ', 'www.colegioacoinprev.com', '0000-00-00', '83028202', 5, '2018-05-30 21:45:06'),
(78, '1-0156781', 'colegio reuven feurstein', 'Carrera  100 B No.153 85', 'Suba salitre', '5370405 -- 5364766', '', '0000-00-00', '83028202', 5, '2018-05-30 22:03:03'),
(79, '1-9297115', 'Gimnasio Montreal', 'Carrera  92 No.156 -  89', 'Suba salitre', '6815934 / 6805479', '', '0000-00-00', '83028202', 5, '2018-05-30 22:12:18'),
(80, '1-97188186', 'Liceo Hypatia', 'Calle 153  No. 92  - 60', 'Suba salitre', '6813699 / 6842636 / ', 'www.liceohypatia.edu.co', '0000-00-00', '83028202', 5, '2018-05-30 22:23:02'),
(81, '1-129126', 'Gimnasio Cristiano Adonai', 'Carrera 72  No.181 -  85', 'San Jose de Bavaria', '6721499 -- 6788797', 'www.gcadonai.com', '0000-00-00', '83028202', 5, '2018-05-30 22:37:13'),
(82, '1-47001213', 'INSTTITUTO EDUCACION Y VIDA', 'Calle  153 No. 92 -  80', 'Suba pinar', '6815248', 'www.eduvida.com.co', '0000-00-00', '83028202', 5, '2018-05-30 23:45:01'),
(83, '1-481973', 'Centro Educativo Los Andes - Almendros', 'Carrera114B No.152F - 03', 'Suba almendros', '6925170', 'www.centroandesalmendros.edu.co', '0000-00-00', '83028202', 5, '2018-05-30 23:53:18'),
(84, '1-2498187', 'Liceo San Martin', 'Carrera 128 No.145-05', 'Suba compartir', '6870187', '', '0000-00-00', '83028202', 5, '2018-05-30 23:58:54'),
(85, '1-337589', 'LICEO GLOBERTH MIXTO', 'CL 128 88 D 02', 'Suba rincon', '	5351908 -- 6813234', 'liceogloberth@hotmail.com', '0000-00-00', '83028202', 5, '2018-05-31 00:02:37'),
(86, '1-32285805', 'Colegio Madre Pilar Izquierdo', 'Carrera 92 No.150A - 96', 'Suba pinar', '6922623', 'www..colegiomadrepilar.edu.co', '0000-00-00', '83028202', 5, '2018-05-31 00:08:59'),
(87, '1-28978260', 'Colegio Montessori de Normandia', 'Carrera 75 # 52A-80', 'Normandia', '2632519', '', '0000-00-00', '03736282', 7, '2018-05-31 02:17:03'),
(88, '1-6463832', 'Colegio Sicopedagogico Fontibon', 'Calle 17B # 107-52', 'Fontibon', '4154597  /  4154468', 'www.colegiosicopedagogico,edu.co', '0000-00-00', '03736282', 7, '2018-05-31 02:25:38'),
(89, '1-73414389', 'Jardin Psiocopedagogico Carrusel Del Saber Jugando (col. Centenario)', 'Carrera 105C # 16F-44', 'Fontibon', '4131053', '', '0000-00-00', '03736282', 7, '2018-05-31 02:43:30'),
(90, '1-66659034', 'Colegio Agustiniano Ciudad Salitre', 'Calle 28C # 69B-01', 'Ciudad Salitre', '4272365', '', '0000-00-00', '03736282', 7, '2018-05-31 03:03:58'),
(91, '1-0729939', 'Colegio San Pedro Claver', 'Calle22H # 100-82', 'Fontibon', '4151343', 'www.colsanpedro.com', '0000-00-00', '03736282', 7, '2018-05-31 11:51:54'),
(92, '1-8458765', 'Liceo Infantil El Mundo del niño feliz', 'Calle 22G # 118-26', 'La Aldea', '2989793', '', '0000-00-00', '03736282', 7, '2018-05-31 12:03:10'),
(93, '1-31471745', 'Colegio Santa Ana de Fontibon', 'Carrera 103B # 18-41', 'Fontibon', '2670543', 'www.colegiosantaana.edu.co', '0000-00-00', '03736282', 7, '2018-05-31 12:10:16'),
(94, '1-42030426', 'Liceo Nuestra Señora De Aranzazu', 'Carrera 107 # 20B-21', 'Fontibon', '4674455', '', '0000-00-00', '03736282', 7, '2018-05-31 12:29:10'),
(95, '1-98600392', 'Liceo Maria Leonza', 'Carrera 108 # 17B-80', 'Fontibon', '2673832 / 5489742', '', '0000-00-00', '03736282', 7, '2018-05-31 12:41:00'),
(96, '1-82358735', 'Liceo Moderno Mundo Net', 'Carrera 106 # 19-32', 'Fontibon', '2676842 / 5454932', 'www.liceomodernomundonet.com', '0000-00-00', '03736282', 7, '2018-05-31 12:54:34'),
(97, '1-78670297', 'Colegio Parroquial Rincon De Suba', 'Calle  124 No.  94 -02', 'Suba rincon', '6804620', 'colparrincon.wixsite.com/colegioparroquialrs', '0000-00-00', '83028202', 5, '2018-05-31 13:59:47'),
(98, '1-4137300', 'COLEGIO  NUEVO SAN LUIS GONZAGA', '	Carrera  92  No. 150 -  61', 'Suba Pinar', '6833554 / 6815208 / ', 'www.colegioNuevosanluisgonzaga.com', '0000-00-00', '83028202', 5, '2018-05-31 14:15:01'),
(99, '1-63258451', 'Liceo La Nueva Estancia de Suba', 'Carrera  132  NO. 132  - 63', 'Suba La Toscana', '	6909107 -- 6905456', 'www.nuevaestanciasuba.edu.co', '0000-00-00', '83028202', 5, '2018-05-31 14:22:19'),
(100, '1-863173', 'COLEGIO INTEGRADO EDUARDO CABALLERO CALDERON', 'CL 132 D BIS 132 08', 'Suba La Toscana', '6890458 -- 6900264', '', '0000-00-00', '83028202', 5, '2018-05-31 14:27:49'),
(101, '1-348119', 'Liceo Los Angeles suba', 'CALL. 136  NO.93A-33', 'Suba villa elisa', '	6843345 /5382521', '', '0000-00-00', '83028202', 5, '2018-05-31 14:35:45'),
(103, '1-42440052', 'Instituto Richard Antonio', '	CL 89 95 F 78 IN 107', 'Quirigua', '5364751 -- 321305861', '', '0000-00-00', '83028202', 5, '2018-05-31 15:18:50'),
(105, '1-71827607', 'Colegio Agustiniano Suba', 'Carrera 90  No.146 C 40', 'Suba centro', '6825940 / 6815627', 'agustinianosuba.edu.co', '0000-00-00', '83028202', 5, '2018-05-31 15:26:31'),
(106, '1-829778', 'Colegio Eucartistico Mercedario', 'Carrera  91  No. 136 - 53', 'Suba centro', '6815123 / 6818505', 'www.colegioeucaristico.edu.co', '0000-00-00', '83028202', 5, '2018-05-31 15:33:26'),
(107, '1-759474', 'COLEGIO PEDAGOGICO NASEM', 'cARRERA 94 B  No.78 A -  09', 'Quirigua', '2276769', '', '0000-00-00', '83028202', 5, '2018-05-31 15:38:45'),
(108, '1-01409621', 'Colegio Jose Joaquin Castro Martinez', 'AV. CORPAS KM. 3 TUNA BAJA SUBA', 'Corpas', '6825423 -- 6825218', 'www.jjcastromartinez.edu.co', '0000-00-00', '83028202', 5, '2018-05-31 15:43:05'),
(109, '1-6842193', 'Colegio Margarita Bosco (CENT CIAL DE EDUC MEDIA MARGARITA BOSCO)', 'AC 63 73 A 44', 'Villa luz', '7431279', 'www.colegiomargaritab.com', '0000-00-00', '83028202', 5, '2018-05-31 15:50:25'),
(110, '1-6811063', 'COLEGIO  JONATHAN SWIFT', 'KR 90 163 30', 'Suna tuna alta', '	6818191', 'www.colegiojonathanswift.edu.co', '0000-00-00', '83028202', 5, '2018-05-31 15:57:13'),
(111, '1-20836448', 'Centro Educativo Los Andes - Aures', '	CALLE 127 A  No.104 B - 96', 'Suba Aures', '6882842 / 6883021/ 6', 'www.centroandesaures.edu.co', '0000-00-00', '83028202', 5, '2018-05-31 16:06:53'),
(112, '1-13067917', 'Colegio San Patricio', 'KR 80 137 02', 'suba casa blanca', '6838640 -- 6815357', 'www.colegiodesanpatricio.edu.co', '0000-00-00', '83028202', 5, '2018-05-31 16:15:06'),
(113, '1-03821888', 'GIMNASIO BILINGÜE OBREGON', 'Calle 62 Sur Nº 67-19', 'Madelena', '2385969', '', '2018-02-05', '02038200', 6, '2018-05-31 18:00:10'),
(114, '1-393493', 'INSTITUTO TECNOLOGICO LOS ANDES', 'CLL 11 # 1 - 35 Este', 'Soacha El Libertador', '7227485', '', '2018-09-15', '02038200', 6, '2018-05-31 18:22:40'),
(115, '1-7551921', 'LICEO EL GRAN VIRREY', 'CALLE 70 D BIS A No.  105 A - 63', 'Alamos', '7568460', 'www.liceogranvirrey.com', '0000-00-00', '83028202', 5, '2018-05-31 18:29:10'),
(116, '1-1222092', 'COLEGIO SAN JUAN DE AVIILA', 'KR 100 B 75 B 05', 'Alamos', '2281625 / 4424205/22', 'colsanjuandeavila.edu.co/', '0000-00-00', '83028202', 5, '2018-05-31 18:36:44'),
(117, '1-9561536', 'COLEGIO SAN NICOLAS DE TOLENTINO', 'Carrera  94  No. 127 A  - 7 9', 'Suba rincon', '6855430', 'Colegio San Nicolas de Tolentino - Bogotá www.colegiosannico.edu.co', '0000-00-00', '83028202', 5, '2018-05-31 18:41:20'),
(118, '1-98205527', 'Colegio Santiago Mayor', 'CALLE  175 No. 72 35', 'San Jose de Bavaria', '4672565 -- 4372566', 'https://colegiosantiagomayor.edu.co', '0000-00-00', '83028202', 5, '2018-05-31 19:14:30'),
(119, '1-36995043', 'COLEGIO  LAUSANA', 'CALLE  182  No.69 -  30', 'San Jose de Bavaria', '6784641/ 6699416', 'www.colegiolausana.edu.co', '0000-00-00', '83028202', 5, '2018-05-31 19:21:32'),
(120, '1-59382858', 'LICEO CULTURAL ENRIQUE OSORIO', 'Cll 71 Sur # 87n-15', 'Bosa San Bernardino', '7843625 3142', 'liceoleo.com/biblioteca.htm', '2018-04-30', '02038200', 6, '2018-05-31 20:03:06'),
(121, '1-020110', 'COLEGIO CLARETIANO', 'Cll 59B  # 88 I-02 Sur', 'Bosa Centro', 'Bosa Centro', 'secretaria@claretiano.edu.co', '2018-04-07', '02038200', 6, '2018-05-31 20:11:12'),
(122, '1-6380098', 'COLEGIO NUEVA CANDELARIA', 'CLL  59b # 45-08 sur', 'Arbolizadora Baja', '7161609', 'colnvacandelaria2007@yahoo.es,', '2018-10-24', '02038200', 6, '2018-05-31 20:22:31'),
(123, '1-91027703', 'GIMNASIO GARABATOS DE COLORES', 'Cll 65G Sur # 79B-20', 'Bosa Jimenez', '777 5 4 5 2', ' garabatosoffcolors@hotmail.com, ,', '2018-08-27', '02038200', 6, '2018-05-31 20:37:47'),
(124, '1-42659228', 'COLEGIO  MIGUEL DE CERVANTES SAAVEDRA', 'Cll 7 Nº 11-61', 'Leon XIII', '7750898', '', '2018-06-07', '02038200', 6, '2018-05-31 20:40:26'),
(125, '1-4470224', 'CENTRO EDUCATIVO EL CASTILLO SAN MATEO', 'CLL31A # 5-04 Este', 'San Mateo', '7266932', 'castillodesanmateo@hotmail.com', '2018-11-20', '02038200', 6, '2018-05-31 20:53:53'),
(126, '1-9068046', 'COLEGIO COLOMBO AMERICANO', 'Diag. 27A # 3A-71 Este', 'San Mateo', '7128547', '', '2018-05-31', '02038200', 6, '2018-05-31 21:06:57'),
(127, '1-7486925', 'GIMNASIO INFANTIL YAYITA', 'Cll 56A  # 70-07', 'Villa Del  Rio ', '204 73 69', '', '0000-00-00', '02038200', 6, '2018-05-31 21:14:21'),
(128, '1-81134', 'Instituto Psicopedagogico Integral IPSI', 'Calle 48 J sur # 5h -08', 'Antonio Morales', '5689878', 'www.colegioipsi.com', '2018-02-22', '87654321', 3, '2018-05-31 21:33:45'),
(129, '1-1108959', 'INSTITUTO CAMPESTRE SENDEROS', 'Cra1 Este # 26-40', 'San Mateo', '7223874', '', '0000-00-00', '02038200', 6, '2018-05-31 22:02:00'),
(130, '1-15373420', 'FORJADORES DEL FUTURO', 'CR 6A Este  # 32A - 09 ', 'Bosa el recreo', '7225414', '', '2018-10-01', '02038200', 6, '2018-05-31 22:03:36'),
(131, '1-67120094', 'INSTITUTO PEDAGOGICO DE SOACHA', 'CR 10 # 11-10', 'soacha', '7254348', '', '0000-00-00', '02038200', 6, '2018-05-31 22:09:24'),
(132, '1-72768209', 'INSTITUTO PEDAGOGICO DE SOACHA', 'CR 10 # 11-10', 'soacha', '7254348', '', '0000-00-00', '02038200', 6, '2018-05-31 22:09:24'),
(133, '1-4360750', 'Gimnasio Nuevo Suba', ' CALLE 143 No.92 35', 'Suba centro', '	5328281', 'https://gns.edu.co', '0000-00-00', '83028202', 5, '2018-05-31 22:10:41'),
(134, '1-68826329', 'COLEGIO MIXTO CIUDADANOS DEL FUTURO', 'Cra 88I # 58A-30', 'Bosa Brasil', '7837342', 'www.colegiomixtociudadanosdelfuturoltda.edu.co', '2018-03-12', '02038200', 6, '2018-05-31 22:15:00'),
(135, '1-34072276', 'GIMNASIO LOS SAUCES', 'Cra. 88 F Bis # 51C- 01 Sur', 'Bosa Brasil', '7838388', 'gimsau@gimsau.edu.co', '0000-00-00', '02038200', 6, '2018-05-31 22:20:23'),
(136, '1-52134417', 'LICEO LEONARDO DAVINCI', 'K 1 A ESTE N 28A-66', 'San Mateo', '7252343', '', '0000-00-00', '02038200', 6, '2018-05-31 22:22:58'),
(137, '1-67592884', 'COLEGIO MAYOR DE GALES', 'CALLE  78 A  No. 101 -  73', 'Villas de Granada', '4318478 / 4332930', 'colegiomayordegales.edu.co', '0000-00-00', '83028202', 5, '2018-05-31 22:32:35'),
(138, '1-13315511', 'LICEO NUEVOS HORIZONTES', 'CLL 56 Sur # 88F - 35', 'Bosa Libertad', '7785046', '', '2018-02-05', '02038200', 6, '2018-05-31 22:33:21'),
(139, '1-8516013', 'Liceo Avenidas De Las Americas', 'Carrera 53# 5-49', 'San Rafael', '2607308', 'Liceoavenidalasamericas.edu.co', '2018-09-07', '87654321', 3, '2018-05-31 22:34:43'),
(140, '1-816013', 'Colegio Alvaro Camargo ETB', 'Carrera 12 Bis #31-45 sur', 'Country Sur', '2396240', 'www.colegiosteb.edu.co', '2018-01-20', '87654321', 3, '2018-05-31 22:47:44'),
(142, '1-57828678', 'GIMNASIO LA CIMA', 'CARRERA  112 B No. 142 -  64', 'Suba puerta del sol', '8054527 -- 8054394', 'www.gimnasiolacima.edu.co', '0000-00-00', '83028202', 5, '2018-05-31 22:58:22'),
(143, '1-24035319', 'Colegio Nueva Alianza Integral', 'Carrera 7a # 7 -60 sur', 'Nariño Sur', '3373127', 'www.colegionai.edu.co', '2018-09-29', '87654321', 3, '2018-05-31 23:05:01'),
(144, '1-2830265', 'GIMNASIO BURBUJAS DE SABIDURIA', 'CALLE 143  No.111- 82', 'Suba lombardia', '6886568', '', '0000-00-00', '83028202', 5, '2018-05-31 23:27:48'),
(145, '1-24200282', 'COLEGIOTECNOLOGICO DE SUBA', 'CALLE . 126A NO.89-68', 'Suba rincon', '6816271 / 5357696', '', '0000-00-00', '83028202', 5, '2018-05-31 23:40:31'),
(146, '1-37900261', 'GIMNASIO PSICOPEDAG SUBA', 'CARRERA 105 C 133 A - 22', 'Suba alcaparros', '6883628 / 6883582', '', '0000-00-00', '83028202', 5, '2018-05-31 23:48:59'),
(147, '1-2752760', 'COLEGIO NUEVA CIENCIA', 'CALLE 137 A No.112 A 03', 'Suba villa maria', '5374585', 'nuevaciencia.edu.co', '0000-00-00', '83028202', 5, '2018-05-31 23:55:02'),
(148, '1-07322930', 'GIMNASIO INFANTIL DAVINCI', 'Calle 143A No. 127D – 42/46/48', 'Suba sabana de tibabuyes', '690 76 00 / 300 72 8', 'Email: info@gimnasiodavinci.edu.co', '0000-00-00', '83028202', 5, '2018-06-01 00:19:39'),
(149, '1-95538671', 'INST TEC CIAL CERROS DE SUBA', 'KR 100 A 139 53', 'Suba bochalema', '6810171 /6811260', 'www.colegiocerrosdesuba.com.co', '0000-00-00', '83028202', 5, '2018-06-01 00:24:33'),
(150, '1-5555384', 'Liceo Maria Goretti', 'Carrera 104A # 22H-79', 'Fontibon', '2982774', '', '0000-00-00', '03736282', 7, '2018-06-01 02:16:44'),
(151, '1-939020', 'Colegio San Damian (Parroquial San Mateo)', 'Calle 78 # 62-41', 'San Fernando', '2503997', '', '0000-00-00', '03736282', 7, '2018-06-01 02:36:51'),
(152, '1-68055534', 'Colegio Maria Tereza', 'Carrera 27 # 68D-08', '7 de Agosto', '2485066', '', '0000-00-00', '03736282', 7, '2018-06-01 02:40:54'),
(153, '1-16598640', 'Gimnasio Campestre Marie Curie', 'Zona franca vereda San Francisco', 'Fontibon ', '4188019', '', '0000-00-00', '03736282', 7, '2018-06-01 02:44:56'),
(154, '1-76646418', 'Colegio San Felipe Neri', 'Carrera 27C # 71-80', 'San Felipe', '2251144', '', '0000-00-00', '03736282', 7, '2018-06-01 02:51:32'),
(155, '1-89199615', 'Liceo Santa Helena', 'Calle 90 # 41-18', 'Rio negro', '9069681', '', '0000-00-00', '03736282', 7, '2018-06-01 03:24:25'),
(156, '1-463735', 'Colegio San Jose de Fontibon', 'Carrera 100 # 24-60', 'Fontibon', '4133127', '', '0000-00-00', '03736282', 7, '2018-06-01 03:30:05'),
(157, '1-3372957', 'Colegio psicopedagojico villa mayor', 'carrera 35#32 -08 sur', 'villa mayor', '2031610', 'colegiopsicopedagojico.edu.co', '0000-00-00', '12345678', 2, '2018-06-01 14:20:29'),
(158, '1-04610962', 'Instituto Pedagógico Federico Balart', 'Cra 96 Bis #18-03', 'Patio Bonito', '2994954', '', '0000-00-00', '12345678', 2, '2018-06-01 14:41:22'),
(159, '1-2732755', 'Pilar del Sur', 'Cll 11 Sur # 9- 11', 'Ciudad Jardin', '2330117', '', '0000-00-00', '12345678', 2, '2018-06-01 15:00:50'),
(160, '1-6476405', 'Parroquial San Andres', 'Trav. 68 G #31- 44 Sur ', 'San andres', '2382113', '', '0000-00-00', '12345678', 2, '2018-06-01 15:07:59'),
(161, '1-0371611', 'Colegio Santo Domingo', 'Cll 38B Sur # 72P 10', 'La Oneida', '4502504', '', '0000-00-00', '12345678', 2, '2018-06-01 15:18:40'),
(162, '1-35815', 'Instituto Comercial Restrepo', 'Crr 22A 7-43 Sur', 'Restrepo', '2330014', '', '0000-00-00', '12345678', 2, '2018-06-01 15:34:39'),
(163, '1-01768281', 'Colegio Hermanas Misioneras de la Consolata', 'Crr 24B # 1D -12', 'La Fragua', '2667862', '', '0000-00-00', '12345678', 2, '2018-06-01 15:49:02'),
(164, '1-04052256', 'Liceo Nuestra Señora de Torcoroma', 'Trav. 68G 35A 15 Sur ', 'Nueva Marcella', '2040940', '', '0000-00-00', '12345678', 2, '2018-06-01 16:08:40'),
(165, '1-6419265', 'Colegio Mixto de Integracion Moderna', 'Cll. 4 #71A 41', 'MarcellaNueva', '2901653', '', '0000-00-00', '12345678', 2, '2018-06-01 16:18:15'),
(166, '1-52155975', 'Colegio Santa Luisa', 'Cra. 73 # 42G -25 Sur', 'Timiza', '4502882', '', '0000-00-00', '12345678', 2, '2018-06-01 16:25:33'),
(167, '1-26388626', 'Colegio Santa Luisa', 'Crr. 73# 42G -25 Sur', 'Timiza', '4502882', '', '0000-00-00', '12345678', 2, '2018-06-01 16:58:32'),
(168, '1-45254867', 'Liceo Samario', 'Cr. 74# 42C- 40 Sur', 'Timiza', '4532436', '', '0000-00-00', '12345678', 2, '2018-06-01 17:11:23'),
(169, '1-38827277', 'GIMNASIO REAL AMERICANO', 'CLL 62A # 91A-54', 'Bosa  Recreo', '7231953', '', '0000-00-00', '02038200', 6, '2018-06-01 17:16:08'),
(170, '1-66807611', 'Colegio de Formación integral Mundo Nuevo', 'Trav. 74 #40F -51 Sur ', 'Timiza', '4521100', '', '0000-00-00', '12345678', 2, '2018-06-01 17:18:15'),
(171, '1-54048398', 'LICEO MODERNO GRIMBEHY', 'CLL 68 Sur # 78J - 10', 'Bosa Piamonte', '77505S14', '', '0000-00-00', '02038200', 6, '2018-06-01 17:18:29'),
(172, '1-6855977', 'Colegio Naval', 'Calle 66 # 55-15', 'J. Vargas', '2500435', '', '0000-00-00', '03736282', 7, '2018-06-01 17:19:16'),
(173, '1-45327303', 'LICEO Y JARDIN INFANTIL FANTASIAS DE PIOLIN', 'CLL 69D Sur # 79-11', 'Bosa Naranjos', '7758465', '', '0000-00-00', '02038200', 6, '2018-06-01 17:19:57'),
(174, '1-057126', 'LICEO ANTONIO TOLEDO', 'CLL 70 Sur # 77J - 55', 'Bosa Despensa', '778 62 48', '', '0000-00-00', '02038200', 6, '2018-06-01 17:22:02'),
(175, '1-2247514', 'INSTITUTO GUIMARC', 'CLL 71C Sur No 77M - 53 sur', 'Bosa Despensa', '7783919', '', '0000-00-00', '02038200', 6, '2018-06-01 17:23:22'),
(176, '1-0450547', 'MILITAR SOCIAL COMPARTIR', 'carrera 13 7-98', ' Soacha Compartir', '7211210', '', '0000-00-00', '02038200', 6, '2018-06-01 17:26:32'),
(177, '1-59884172', 'Colegio Madre Adela', 'Carrera 84 # 69A-98', 'La Clarita', '2233139', '', '0000-00-00', '03736282', 7, '2018-06-01 17:27:31'),
(178, '1-5311321', 'GIMNASIO SANTA ANA', 'carrera  6 # 1A-51', 'soacha', '7228933', ' ', '0000-00-00', '02038200', 6, '2018-06-01 17:28:26'),
(179, '1-85347884', 'COMPARTIR TINTAL', 'Carrera  91 # 43 - 98 Sur', 'Bosa Porvenir', '7851349', '', '0000-00-00', '02038200', 6, '2018-06-01 17:29:58'),
(180, '1-8176678', 'Colegio Moderno Americano', 'Calle 69 # 15-40', 'Cocepcion Norte', '2126495', '', '0000-00-00', '03736282', 7, '2018-06-01 17:31:54'),
(181, '1-84411043', 'Gimnasio PsicoPedagógico Maria Isabel', 'Diagonal 5# 70C -12', 'Las Americas', '2608602', '', '0000-00-00', '12345678', 2, '2018-06-01 17:34:30'),
(182, '1-43515361', 'Colegio Jean de la Fontaine', 'Carrera 75 # 25D-05', 'Modelia', '5470692', '', '0000-00-00', '03736282', 7, '2018-06-01 17:36:24'),
(183, '1-862603', 'Instituto Santa Ines', 'Carrera 46 # 71-85', 'San Fernado', '2319669', '', '0000-00-00', '03736282', 7, '2018-06-01 17:39:35'),
(184, '1-0893622', 'Liceo El Encuentro', 'Carrera 20 # 81-55', 'Los Heroes', '4555530 ext 1016', '', '0000-00-00', '03736282', 7, '2018-06-01 17:42:29'),
(185, '1-40240417', 'Gimnasio Infantil Creciendo y Aprendiendo', 'Crr 18 Sur # 16 -15', 'Palenque', '4484315', '', '0000-00-00', '12345678', 2, '2018-06-01 17:44:05'),
(186, '1-160381', 'Liceo Catolico', 'Carrera 22 # 77A-32', 'Colombia', '2352956 / 2170612', '', '0000-00-00', '03736282', 7, '2018-06-01 17:46:01'),
(187, '1-902725', 'Colegio nuevo gimnasio', 'Carrera 23 # 76-43', 'Colombia', '2578444', '', '0000-00-00', '03736282', 7, '2018-06-01 17:50:12'),
(188, '1-23621499', 'Unidad Educativa Jean Piaget', 'Cll 2B # 70A 57', 'Americas Occidental', '260 75 61', '', '0000-00-00', '12345678', 2, '2018-06-01 17:52:46'),
(189, '1-0174408', 'Colegio de los Andes', 'Carrera 102 # 21A-12', 'Fontibon', '2670551', 'www.colegiodelosandes.edu.co', '0000-00-00', '03736282', 7, '2018-06-01 17:56:45'),
(190, '1-0971663', 'LICEO MARIA INMACULADA', 'Carrera 6A Este # 32a-03', 'San Mateo', '7291025', '', '0000-00-00', '02038200', 6, '2018-06-01 18:00:27'),
(191, '1-63918128', 'Gimnasio Moderno San Francisco  ', 'Cll 6A # 90- 51', 'Tintal', '8052542', '', '0000-00-00', '12345678', 2, '2018-06-01 18:01:10'),
(192, '1-2714544', 'MARIA MAGDALENA ', 'Carrera 9 Este # 30A-23', 'San Mateo', '72214 21', '', '0000-00-00', '02038200', 6, '2018-06-01 18:01:47'),
(193, '1-54751493', 'CENTRO EDUCATIVO SAN LUIS', 'Carrera. 72k # 38 - 47 Sur', 'soacha', '7213360', '', '0000-00-00', '02038200', 6, '2018-06-01 18:05:19'),
(194, '1-703807', 'COLRGIO. MUNECOS Y FIGURAS', 'Carrera. 72k # 38 - 47 Sur', 'Carvajal', ' 2651836', '', '0000-00-00', '02038200', 6, '2018-06-01 18:07:29'),
(195, '1-42554991', 'Liceo Manantial de Vida Eterna', 'Cll 37 Sur # 52 -60', 'Alqueria', '7119325', '', '0000-00-00', '12345678', 2, '2018-06-01 18:13:30'),
(196, '1-2629560', 'Ginnasio Infantil Julio Simón Benavides', 'Cll 36 Sur 51D 47', 'Alcala', '2307548', '', '0000-00-00', '12345678', 2, '2018-06-01 18:28:52'),
(197, '1-9808479', 'Colegio El Duque de Rivas ', 'Crr 80 # 50A 09 Sur', 'Britalia', '4502425', '', '0000-00-00', '12345678', 2, '2018-06-01 18:40:56'),
(198, '1-49621975', 'Gimnasio Modelia Real', 'Carrera 82 # 24C 75', 'Modelia', '4106916', '', '0000-00-00', '03736282', 7, '2018-06-01 18:52:00'),
(199, '1-800866', 'Colegio Santiago Felipe', 'Crr 40A 28 - 21 Sur', 'Santa Rita', '2029469', '', '0000-00-00', '12345678', 2, '2018-06-01 18:57:13'),
(200, '1-94646456', 'LICEO OCTAVIO PAZ', 'Carrera.88I Bis Nº 58A-14', 'Bosa  Recreo', '7837665', '', '0000-00-00', '02038200', 6, '2018-06-01 21:28:39'),
(201, '1-3831471', 'pruebae', 'pruebae', 'pruebae', 'pruebae', '', '0000-00-00', '12345678', 1, '2018-06-01 21:30:11'),
(203, '1-96147242', 'COL SANTO TORIBIO DE MONGROVEJO', 'CARRERA 107 B NO.143 - 34', 'Suba las flores', '	6891618', 'www.colegiosantotoribio.edu.co', '0000-00-00', '83028202', 5, '2018-06-02 16:50:01'),
(204, '1-2882178', 'GIMNASIO FRAY MARTÍN DE PORRES', 'CL 86 BIS 89 B 28', 'Quirigua', '2524448 -- 5365235 -', 'informacion@fraymartindeporres.edu.co', '0000-00-00', '83028202', 5, '2018-06-02 17:19:01'),
(205, '1-40440667', 'COLEGIO PEDAG NASEM', 'KR 94 B 78 A 09', 'Quirigua', '2276769', '', '0000-00-00', '83028202', 5, '2018-06-02 18:45:21'),
(206, '1-72414230', 'LICEO CARRION', 'CALLE  89 No. 82 -  11', 'Quirigua', '2762693 / 5381740', '', '0000-00-00', '83028202', 5, '2018-06-02 18:48:59'),
(207, '1-85549498', 'COLegio  SANTA ANGELA MERICI', 'CL 89 A 112 G 26', 'Bolivia', '4316988 ', '', '0000-00-00', '83028202', 5, '2018-06-02 18:51:58'),
(208, '1-30011162', 'LICEO PSICOPEDAG BOLIVIA', 'CL 80 106 A 10', 'Bolivia', '	2274881', ' lpboliv@hotmail.com', '0000-00-00', '83028202', 5, '2018-06-02 19:57:41'),
(209, '1-67616627', 'LICEO FESAN', ' CALLE  153  No. 110 -  40 <', 'Suba almendros', '6829276', 'www.liceofesan.edu.co', '0000-00-00', '83028202', 5, '2018-06-02 20:20:49'),
(210, '1-36794269', 'COL SAN JUAN DE AVIILA', 'CARRERA  100 B  No.75 - B 05', 'GARCES NAVAS', '2281625 / 4424205/22', '', '0000-00-00', '83028202', 5, '2018-06-02 20:48:20'),
(211, '1-87023903', '	Liceo Cristiano Golden Rule', 'CALLE  142 A  No. 128 - 50', 'suba sabana de tibabuyes', '6871962', '', '0000-00-00', '83028202', 5, '2018-06-02 20:56:56'),
(212, '1-5368558', 'LICEO ARKADIA COLOMBIA', 'CALLE  142 C N. 138 A -  60', 'Suba san carlos', '5386773 -- 5370736', 'www.liceoarkadia.edu.co', '0000-00-00', '83028202', 5, '2018-06-02 21:04:17'),
(213, '1-96251800', 'COLEGIO LISA MEITNER', 'AV CORPAS 158 55', 'Suba corpas', '6835520 -- 6835704 -', 'www.colegiolisameitner.edu.co', '0000-00-00', '83028202', 5, '2018-06-02 21:16:23'),
(214, '1-796843', 'LICEO JUAN RAMON JIMENEZ', 'CARRETERA SUBA A COTA KM.4', 'Via suba cota', '6836755 -- 311276722', 'www.liceojuanramonjimenez.edu.co', '0000-00-00', '83028202', 5, '2018-06-02 21:29:37'),
(215, '1-8275797', 'COL CLAUDIA JESUS', 'CALLE  84 No.  90 - } 15', 'QUIRIGUA', '2244071', '', '0000-00-00', '83028202', 5, '2018-06-02 21:47:32'),
(216, '1-80001422', 'JARD INFNTIL TIA CECY', 'TRANSVERSAL 80 No. 85  - 77', 'QUIRIGUA', '2518598 / 5355909', '', '0000-00-00', '83028202', 5, '2018-06-02 21:56:54'),
(217, '1-72113745', 'LICEO INFANTIL  THOMAS DE IRIARTE', 'CR. 113 NO.83-46/52/58', 'GARCES NAVAS', '4318109 / 4318169', '', '0000-00-00', '83028202', 5, '2018-06-02 22:02:23'),
(218, '1-4091018', 'Colegio centro lestonnac compañía de ', '	CARRERA  87 A No. 84 A -  81', 'QUIRIGUA', '7429275 -- 2513498 -', 'lestonnacbog.cdm.edu.co', '0000-00-00', '83028202', 5, '2018-06-02 22:19:32'),
(219, '1-820489', 'INSTITUTO TÉCNICO ANGELI', '	CL 75 A 88 55', 'La serena', '2244496 -- 2244232 -', '', '0000-00-00', '83028202', 5, '2018-06-02 22:33:48'),
(220, '1-49678200', 'COLEGIO PSICOPEDAGOGICO LA SABIDURIA', 'CARRERA  110 B  No. 74 A - 12', 'GARCES NAVAS', '4316149 / 4316721 /4', 'www.colegiolasabiduria.edu.co', '0000-00-00', '83028202', 5, '2018-06-02 22:53:08'),
(221, '1-511568', 'GIMN MAKARENKO', 'CARRERA  109 A No. 80  - 89', 'Bolivia', '	2283636 2274600', 'www.colegiomakarenko.edu.mx', '0000-00-00', '83028202', 5, '2018-06-02 23:14:14'),
(222, '1-1973360', 'COLEGIO  MONTERREY', 'DIAGONAL. 87 Bis  No.79a - 23', 'Quirigua', '5389450 / 5355957 /4', 'colegiomonterrey.edu.co', '0000-00-00', '83028202', 5, '2018-06-02 23:22:33'),
(223, '1-0263484', 'LICEO MODERNO MI MUNDO IDEAL', 'CL 143 A 120 04', 'Suba sabana de tibabuyes', '6908392', '', '0000-00-00', '83028202', 5, '2018-06-02 23:54:51'),
(224, '1-69585718', 'PSICOPEDAGICO NUEVO HORIZONTE', 'CALLE. 117C  No. 88C-52', 'Suba rincon', '6881569', 'nuevohorizonte21.blogspot.com', '0000-00-00', '83028202', 5, '2018-06-02 23:59:08'),
(225, '1-957634', 'GIMNASIO  LA CAMPIÑA', '	CALLE 131  No.109 B - 54', 'Suba Aures', '	5360774 / 6970008', 'www.gimnasiolacampina.com', '0000-00-00', '83028202', 5, '2018-06-03 00:09:11'),
(226, '1-04693936', '	JARDIN INFANTIL LA CASITA DEL BOSQUE DE SUBA', 'CARRERA 95 A No. 138  -5 8 AG 2', 'Suba villa elisa', '6828945 -- 6628945', '', '0000-00-00', '83028202', 5, '2018-06-03 00:16:21'),
(227, '1-0854381', '	CENTRO EDUCATIVO LOMBARDIA', 'CARRERA 109 # 143 - 19/20', 'Suba lombardia', '6905449 -- 6892766', 'centroedulombardia.edu.co', '0000-00-00', '83028202', 5, '2018-06-03 00:45:26'),
(228, '1-0275458', 'gimnasio infantil Julio Simón Benavides', 'Cll 36 Sur 51D 47', 'Alcala', '2307548', '', '0000-00-00', '12345678', 2, '2018-06-05 02:56:01'),
(229, '1-70987857', 'Nuestra Señora de la Sabiduria', 'Crr 44 #29A 40 SUR', 'Santa Rita', '2382108', '', '0000-00-00', '12345678', 2, '2018-06-05 03:07:17'),
(230, '1-8102450', 'Instituto Comercial Loreto', 'Diagonal 8 # 79-80', 'Castilla', '4028674', '', '0000-00-00', '12345678', 2, '2018-06-05 03:11:02'),
(231, '1-6650856', 'Colegio Nuestra Señora de Loretto', 'Krr 78 #56B 26 SUR', 'Castilla', '7770765', '', '0000-00-00', '12345678', 2, '2018-06-05 03:16:38'),
(232, '1-25845784', 'Colegio San Rafael', 'Tv. 72C BIS 44- 03', 'San Andres', '7412933- 7417244', '', '0000-00-00', '12345678', 2, '2018-06-05 03:31:24'),
(233, '1-2715407', 'Piñeros Cortes', 'Cll 2 BIS 73C 55', 'Mandalay', '2735790', '', '0000-00-00', '12345678', 2, '2018-06-05 03:36:10'),
(234, '1-12419505', 'Jaime Quijano Caballero', 'Trav. 78B# 40C 41', 'Kennedy Central', '4516661', '', '0000-00-00', '12345678', 2, '2018-06-05 03:39:57'),
(235, '1-38800634', 'Liceo Pre escolar Abeja Maya', 'Cra. 68C # 54A 31 SUR', 'Villa Del Rio', '2043950', '', '0000-00-00', '12345678', 2, '2018-06-05 03:48:38'),
(236, '1-17707165', 'Liceo Maria Victoria ', 'Cll. 49C # 78- 51', 'Casa Blanca', '2934391', '', '0000-00-00', '12345678', 2, '2018-06-05 03:55:27'),
(237, '1-39818200', 'Nuevo Paraiso', 'Cra. 79A # 6A 41', 'Pio XII', '3106792507', '', '0000-00-00', '12345678', 2, '2018-06-05 03:59:14'),
(238, '1-14113436', 'Liceo Rozfort', 'Cll 33A SUR #73F-14', 'Kennedy 2', '2645224', '', '0000-00-00', '12345678', 2, '2018-06-05 04:07:26'),
(239, '1-05790617', 'Colegio Ernesto Guhl', 'Cll. 42G # 87G 16', 'Patio Bonito', '4521719', '', '0000-00-00', '12345678', 2, '2018-06-05 14:19:23'),
(240, '1-2903710', 'Colegio Santiago Apostol', 'Cra. 77 # 14-52', 'Roma', '4247054', '', '0000-00-00', '12345678', 2, '2018-06-05 14:27:52'),
(241, '1-2982495', 'Jardin Infantil Mimositos', 'Crr. 72A # 8 -05', 'Castilla', '2921593', '', '0000-00-00', '12345678', 2, '2018-06-05 14:31:24'),
(242, '1-44517367', 'Instituto Alvaro Mutis', 'Crr. 85A Bis 58D 27 Sur', 'Britalia', '7191827', '', '0000-00-00', '12345678', 2, '2018-06-05 14:36:41'),
(243, '1-5278454', 'Colegio Militar Justiniano Quiñones', 'Cll. 40F SUR 77A 11', 'Palenque', '4515782', '', '0000-00-00', '12345678', 2, '2018-06-05 14:41:55'),
(244, '1-14992302', 'Instituto San Ricardo  Pampuri', 'Crr. 81J 46- 44 Sur', 'Britalia', '4504980', '', '0000-00-00', '12345678', 2, '2018-06-05 15:14:13'),
(245, '1-80108147', 'colegio Pisicopedagogico Mentor', 'Cll 56B Sur #79B- 17', 'Roma', '7807593', '', '0000-00-00', '12345678', 2, '2018-06-05 15:26:43'),
(246, '1-4094476', 'Liceo Catalina Real (IMCREA)', 'Diagonal 3# 78K -41 Sur', 'Roma', '2641665', '', '0000-00-00', '12345678', 2, '2018-06-05 15:34:17'),
(247, '1-1377368', 'Jardin Infantil Mundo De mis Fantasias', 'Diagonal 3# 73 - 13', 'Mandalay', '2932287', '', '0000-00-00', '12345678', 2, '2018-06-05 15:42:31'),
(248, '1-64142429', 'Aprendizaje y Desarrollo', 'Cll 33A # 78L 68 Sur', 'Ayacucho 1 sector', '2642882', '', '0000-00-00', '12345678', 2, '2018-06-05 15:46:38'),
(249, '1-8383088', 'Gimnasio las Alegrías de Crecer', 'Diagonal 3# 73 - 13', 'Mandalay', '2991806', '', '0000-00-00', '12345678', 2, '2018-06-05 15:56:53'),
(250, '1-94821983', 'Colegio Antares', 'Crr. 68G#39D-77', 'Alqueria La Fragua', '2040748', '', '0000-00-00', '12345678', 2, '2018-06-05 16:35:58'),
(251, '1-08025744', 'Liceo Vida Infantil', 'Cll 57A Sur 81B 04', 'Roma', '7778865', '', '0000-00-00', '12345678', 2, '2018-06-05 16:47:34'),
(252, '1-63723452', 'Colegio Nueva Generación Dumbo', 'Cll 3A # 71A 03', 'Americas', '4142933', '', '0000-00-00', '12345678', 2, '2018-06-05 16:55:30'),
(253, '1-64286030', 'Instituto Renato Escoses', 'Cll 3 # 78G 50', 'techo', '2654971', '', '0000-00-00', '12345678', 2, '2018-06-05 17:04:19'),
(254, '1-9530771', 'Colegio Tayrona', 'Cll.3 #86D -30', 'Patio Bonito', '4523303', '', '0000-00-00', '12345678', 2, '2018-06-05 17:09:45'),
(255, '1-7075592', 'Colegio Sagrado Corazon', 'Cll 53B SUR #84 -16', 'Britalia', '7840498', '', '0000-00-00', '12345678', 2, '2018-06-05 17:24:19'),
(256, '1-889577', 'LIceo Pedagógico los Jilgeros', 'Diagonal 3# 78K -41 Sur', 'Castilla', '2929884', '', '0000-00-00', '12345678', 2, '2018-06-05 17:40:50'),
(257, '1-93077634', 'Liceo Castilla de Oro', 'Cra. 68C # 8-9', 'Americas', '2609183', '', '0000-00-00', '12345678', 2, '2018-06-05 17:43:53'),
(258, '1-10067953', 'Rincon De Los Angeles ', 'Diagonal 7A Bis #73B -41', 'Castilla', '2920553', '', '0000-00-00', '12345678', 2, '2018-06-05 17:49:12'),
(259, '1-48588662', 'Liceo Luna Lunera', 'Crr.92 #6C -39 SUR', 'Tintal', '4015842', '', '0000-00-00', '12345678', 2, '2018-06-05 17:52:42'),
(260, '1-21109642', 'Jardin Infantil El Tesoro Del Saber', 'Crr.84 #71 -08', 'Tintal', '2529872', '', '0000-00-00', '12345678', 2, '2018-06-05 17:57:02'),
(261, '1-93745660', 'Pequeños Infantes', 'Crr.84D #35B -04 Sur', 'Kennedy ', '2652030', '', '0000-00-00', '12345678', 2, '2018-06-05 18:07:11'),
(262, '1-8163203', 'Tesoro Del Saber ', 'Crr. 74A # 5B - 26', 'Castilla', '2736898', '', '0000-00-00', '12345678', 2, '2018-06-05 18:10:44'),
(263, '1-7493802', 'Liceo Mundo De Los Niños ', 'Crr. 80D # 48A -36 Sur', 'Kennedy ', '2931701', '', '0000-00-00', '12345678', 2, '2018-06-05 18:13:52'),
(264, '1-5352474', 'Colegio santa Rita', 'Cll.29A Sur # 39B 09', 'Santa Rita', '2226921', '', '0000-00-00', '12345678', 2, '2018-06-05 18:16:31'),
(265, '1-1434081', 'Indira Gandhi', 'Crr 87C # 35B -31 Sur', 'Patio Bonito', '4004274', '', '0000-00-00', '12345678', 2, '2018-06-05 18:33:03'),
(266, '1-467023', 'Mi Gran Casa Azul', 'Cll 24D # 79- 74', 'Modelia', '4127146', '', '0000-00-00', '12345678', 2, '2018-06-05 18:37:35'),
(267, '1-200196', 'COL. MUÑECOS Y FIGURAS', 'Carrera 72k # 38 - 47 Sur', 'Carvajal', '2651836', '', '2018-05-07', '02038200', 6, '2018-06-05 21:05:32'),
(268, '1-558881', 'Instituto La Anunciacion', 'arrera 100 # 16I 63', 'Fontibon', '4188491', '', '0000-00-00', '03736282', 7, '2018-06-06 20:37:37'),
(269, '1-2534862', 'Jardin Infantil Amanecer de luces', 'Carrera 106A # 69-45', 'Engativa', '4358582', '', '0000-00-00', '03736282', 7, '2018-06-06 20:43:00'),
(270, '1-4420136', 'Liceo Gabriela Mistral', 'Calle 22Dbis # 118A-77', 'La Aldea', '4154329', '', '0000-00-00', '03736282', 7, '2018-06-07 19:45:02'),
(271, '1-61721642', 'Colegio Antonio Nariño HH Corazonistas', 'Carrera 16 # 60-55', 'Chapinero', '2113524', '', '0000-00-00', '03736282', 7, '2018-06-07 19:58:10'),
(272, '1-1518680', 'Colegio Militar Simon Bolivar', 'Carrera 70 # 51-46', 'Normandia', '3168469267', '', '0000-00-00', '03736282', 7, '2018-06-07 20:04:29'),
(273, '1-6353395', 'Centro Educativo Scalas', 'Carrera 82 # 68B-09', 'Santa Helenita', '4372647', '', '0000-00-00', '03736282', 7, '2018-06-07 20:14:56'),
(274, '1-7919389', 'Liceo Colombianito', 'Calle 52A # 75-71', 'Normandia', '2955451', '', '0000-00-00', '03736282', 7, '2018-06-08 02:33:05'),
(275, '1-719158', 'Colegio Real Escandinavo', 'Carrera 71 # 51-37', 'Normandia', '2630110', '', '0000-00-00', '03736282', 7, '2018-06-08 02:42:30'),
(276, '1-37861394', 'Gimnasio Colombo Australiano', 'Calle 51 # 70C-36', 'Normandia', '2632303', '', '0000-00-00', '03736282', 7, '2018-06-08 02:48:25'),
(277, '1-95601600', 'Gimnasio Modero', 'Carrera 9 # 74-99', 'El Nogal', '3477954', '', '0000-00-00', '03736282', 7, '2018-06-08 21:35:20'),
(278, '1-509517', 'Colegio Yermo y Parres', 'Calle 76 # 81-33', 'La Granja', '2521103', '', '0000-00-00', '03736282', 7, '2018-06-13 01:37:13'),
(279, '1-62989060', 'Colegio San pedro Nolasco', 'Calle 68 # 18-14', '7 de Agosto', '2173003 / 6068996', '', '0000-00-00', '03736282', 7, '2018-06-13 01:42:02'),
(280, '1-38650512', 'Instituto Tecnico Industrial Centro Don Bosco ', 'Avenida El Dorado # 69-96', 'Normandia', '2630808', '', '0000-00-00', '03736282', 7, '2018-06-13 01:47:15'),
(281, '1-31369162', 'Gimnasio Fidel Cano', 'Calle 23 # 81D-11', 'Modelia', '2636875 / 4298492', 'www.gfc.edu.co', '0000-00-00', '03736282', 7, '2018-06-13 01:54:35'),
(282, '1-418658', 'Gimnasio Camelot', 'Carrera 86 # 22F-18', 'Modelia', '4107026 / 2955188', 'www.grupocamelot.edu.co', '0000-00-00', '03736282', 7, '2018-06-13 02:00:19'),
(283, '1-92183815', 'Instituto Infantil La Esperanza', 'Carrera 108 # 18B-18', 'Fontibon Belen', '2671423', '', '0000-00-00', '03736282', 7, '2018-06-13 02:08:01'),
(284, '1-391080', 'Liceo De Cervantes ', ' Calle 153 N° 19-39', ' Cedritos', '6141174', 'espanol@liceocervantes.edu.co', '0000-00-00', '3463252', 4, '2018-06-13 23:17:23'),
(285, '1-7807763', 'Colegio Carmen Teresiano', 'Diagonal 152 N° 37-62', 'Cedritos', '2580265 ', '', '0000-00-00', '3463252', 4, '2018-06-14 00:36:38'),
(286, '1-8937983', 'Colegio Cardenal Sancha', 'Calle 127B Bis N° 21-02', 'Usaquen', '2586403', '', '0000-00-00', '3463252', 4, '2018-06-14 01:15:26'),
(287, '1-7703228', 'Colegio Santo Tomas De Aquino', 'Carrera 21 N° 132-46', 'Santa Coloma', '2580010', '', '0000-00-00', '3463252', 4, '2018-06-14 01:36:00'),
(288, '1-6827201', 'Colegio Eucarístico Villa Guadalupe', 'Calle 170 N° 17A-32', 'La Uribe', '6722474', '', '0000-00-00', '3463252', 4, '2018-06-14 01:42:50'),
(289, '1-211968', 'Colegio Campestre Siervas De San Jose', 'Calle 128B N° 20-80', 'Usaquen', '6256584', '', '0000-00-00', '3463252', 4, '2018-06-14 01:49:54'),
(290, '1-19754090', 'Colegio Ateneo Integrado Ana B. de Florez', 'Carrera 97 # 20B-11', 'Fontibon', '2671432 / 7446684', 'www.ateneointegral.com', '0000-00-00', '03736282', 7, '2018-06-14 02:14:56'),
(291, '1-203471', 'Gimnasio San Bartolome', 'Carrera 82 # 25B-44', 'Modelia', '2635794', '', '0000-00-00', '03736282', 7, '2018-06-14 02:31:56'),
(292, '1-07269356', 'Jardin Infantil Niños Magicos', 'Calle 22J # 100-78', 'Fontibon', '2670058', 'www.jardinniñosmagicos.com', '0000-00-00', '03736282', 7, '2018-06-14 02:36:40'),
(293, '1-5179166', 'Liceo Cervantes El Retiro', 'Carrera 8 # 83-29', 'El Retiro', '2368588 / 5303325', 'www.liceodecervantes.edu.co', '0000-00-00', '03736282', 7, '2018-06-14 02:53:59'),
(294, '1-144204', 'Colegio de la Contraloria', 'Calle 57B # 37-34', 'Nicolas de Federman', '2229926/27', '', '0000-00-00', '03736282', 7, '2018-06-14 03:00:13'),
(295, '1-6630016', 'Colegio Militar Antonio Galan', 'Carrera 103B # 17-31', 'Fontibon', '4212144 / 4158115', 'www.colmiljoseantoniogalan.edu.co', '0000-00-00', '03736282', 7, '2018-06-14 03:06:52'),
(296, '1-418574', 'Colegio El Carmelo', 'Calle 45 # 25A-29', 'La Soledad', '2442990 / 2442968', 'www.colegioelcarmelo.edu.co', '0000-00-00', '03736282', 7, '2018-06-14 03:15:20'),
(297, '1-56502177', 'Colegio Nuestra señora del Carmen', 'Calle 21 # 100-80', 'Fontibon', '2672746', 'www.colegionuestrasradelcarmen.edu.co', '0000-00-00', '03736282', 7, '2018-06-15 01:44:57'),
(298, '1-66813873', 'Liceo Santa Teresita de LIseoux', 'Transversal 96B # 20D-51', 'Fontibon', '2670801 / 7561556', 'www.liceosantateresita.edu.co', '2018-02-08', '03736282', 7, '2018-06-15 01:55:08'),
(299, '1-113077', 'Liceo Navarra', 'Carrera 74 # 24B-80', 'Modelia', '2637614', '', '0000-00-00', '03736282', 7, '2018-06-15 12:08:02'),
(300, '1-87397318', 'Liceo Cardenal Luque', 'Tenjo', 'Tenjo', '8790678', 'No tiene', '2018-03-26', '87654321', 3, '2018-06-15 22:09:45'),
(301, '1-13305501', 'Fundacion Paulina  Y Ernesto Valenzuela', 'KR 5 2 160', 'Madrid', '5082249', 'No tiene', '2018-11-30', '87654321', 3, '2018-06-17 22:59:40'),
(302, '1-8873899', 'Colegio Sagrados Corazones De Mosquera', 'Carrera 2 No. 01 - 07 ', 'Mosquera', '8939833 ', '', '2018-09-01', '87654321', 3, '2018-06-17 23:05:26'),
(303, '1-58106477', 'Colegio Campestre Mayor De Inglaterra', 'Calle 80 600m Vía Parque', 'La Florida', '7452729', 'secretaria @mayordeinglaterra.edu.co', '2019-01-16', '87654321', 3, '2018-06-17 23:08:33'),
(304, '1-6122841', 'Taller Infantil Mi mundo', 'Carrera 81D # 22-14', 'Modelia', '2636660', '', '0000-00-00', '03736282', 7, '2018-06-18 21:35:55'),
(305, '1-92183647', 'Liceo Santa Teresita de Liseux', 'Transversal 96B # 20D-51', 'Fontibon', '2670801 / 7561556', 'www.liceosantateresita.edu.co', '2018-02-08', '03736282', 7, '2018-06-19 23:33:34'),
(306, '1-2835830', 'Colegio Miguel Antonio Caro', 'Autopista Norte Kilómetro 14', ' La Caro', '6761003', 'www.colmac.edu.co', '0000-00-00', '3463252', 4, '2018-06-21 19:57:24'),
(307, '1-0165270', 'Gimnasio El Hontanar', 'Autopista Norte Kilómetro 17', 'La Caro', '8844197', '', '0000-00-00', '3463252', 4, '2018-06-21 20:14:07'),
(308, '1-74571882', 'Gimnasio Colombo Britanico', 'Costado Sur Aeropuerto Guaymaral', 'Guaymaral', '6683999', 'www.colombobritanico.edu.co', '0000-00-00', '3463252', 4, '2018-06-21 20:21:05'),
(309, '1-8019533', 'Colegio Colombo Gales', 'Costado Sur Aeropuerto Guaymaral', 'Guaymaral', '6684910', '', '0000-00-00', '3463252', 4, '2018-06-21 20:30:12'),
(310, '1-81856337', 'Gimnasio Los Pinos', 'Calle 193 N° 38-20', 'Lijaca', '6700008', '', '0000-00-00', '3463252', 4, '2018-06-21 20:33:50'),
(311, '1-9213138', 'Colegio Canapro', 'Calle 173 N° 19-35', 'La Uribe', '6711519', 'www.canapro.edu.co', '0000-00-00', '3463252', 4, '2018-06-21 20:42:52'),
(312, '1-22536217', 'Colegio Wesleyano Del Norte', 'Calle 161 N° 41A-29', 'Villa Magdala', '6726929', '', '0000-00-00', '3463252', 4, '2018-06-21 21:01:01'),
(313, '1-2546268', 'Colegio Santa Cecilia De Tunjuelito', 'Carrera 11 NO.52-41 Sur', 'Abraham Lincoln', '7677567', 'No tiene', '2017-09-30', '87654321', 3, '2018-06-22 14:48:33'),
(314, '1-3629759', 'Colegio Jardin Santi Steffano', 'Diagonal 4A # 18-43', 'Eduardo Santos', '2338732', 'santisteffano@latinmail.com', '2018-02-09', '87654321', 3, '2018-06-22 14:52:45'),
(315, '1-34365381', 'liceo El Rosal', ' Carrera 4 NO 11 A 29', 'El Rosal', ' 8240716', 'No tiene', '2018-06-04', '87654321', 3, '2018-06-22 14:56:06'),
(316, '1-93020725', 'Colegio Carmen Teresiano', 'Carrera 11A No.32-49 Sur', 'Country Sur', '2090994', 'info@elcarmenteresiano.org', '2018-11-07', '87654321', 3, '2018-06-22 15:00:44'),
(317, '1-76025500', 'Colegio Saleciano Juan Del Rizzo', 'Carrera 6 N° 27-19 sur ', '20 De Julio', ' 239 7516', 'www.sanjuandelrizzo.edu.co', '2018-08-30', '87654321', 3, '2018-06-22 15:07:38'),
(319, '1-87642279', 'Colegio Parroquial San Carlos', 'Carrera  18a 53-54 sur', 'Barrio San Carlos', ' 7606267', 'correo cpsc45@hotmail.com', '2018-03-16', '87654321', 3, '2018-06-22 15:11:44'),
(320, '1-90067516', 'Colegio Parroquial Inmaculado Corazon De Maria', 'Calle 44 Sur No. 28 - 61', 'Claret', ' 238 7600', 'info@cpincodemar.edu.co', '2018-09-10', '87654321', 3, '2018-06-22 15:16:08'),
(321, '1-814295', 'Gimnasio Colombiano Del Sur', ' Carrera 23 63 A-15 Sur', 'Candelaria La Nueva', '7152732', 'No tiene', '2018-11-05', '87654321', 3, '2018-06-22 15:21:05'),
(322, '1-22175868', 'Liceo Moderno Santa Emilia', 'Carrera 32 B # 1 - 13', 'Ciudad Montes', ' 247 4793', ' colmse@hotmail.com', '2018-05-07', '87654321', 3, '2018-06-22 15:24:49'),
(323, '1-3146177', 'Colegio San Juan Bosco', 'Carrera 5A # 11-38 Sur', ' Santa Ana Sur', '4567890', 'colbosco24@hotmail.com', '2018-04-16', '87654321', 3, '2018-06-22 15:33:00'),
(324, '1-830794', 'Gimnasio infantil el Rincón Mágico', 'Diagonal  7  # 9-07', 'Leon XIII', '7829712', '', '0000-00-00', '02038200', 6, '2018-06-25 13:12:29'),
(325, '1-04373934', 'LICEO MI INFANCIA CREATIVA', 'TV 79B # 68C-34 Sur', 'Bosa Piamonte', '7755373', '', '0000-00-00', '02038200', 6, '2018-06-25 13:13:35'),
(326, '1-4030691', 'LICEO DIVINO NIÑO JESUS', 'Transversal 80B # 61i- 46 Sur', 'Bosa Piamonte', '7755110', '', '0000-00-00', '02038200', 6, '2018-06-25 13:26:06'),
(327, '1-7238894', 'GimnasioLos Niños Del Mañana', 'Calle 134D N° 47-27', 'Prado Veraniego', '6010350', '', '0000-00-00', '3463252', 4, '2018-06-25 13:30:35'),
(328, '1-31732025', 'COLEGIO SAULO DE TARSO', 'Cll 14 Nº 2 -06', 'soacha', '7811346', '', '0000-00-00', '02038200', 6, '2018-06-25 13:33:16'),
(329, '1-34112570', 'EUGENIO DIAZ CASTRO', 'CLL 17A # 10-30', 'soacha', '7290437', '', '0000-00-00', '02038200', 6, '2018-06-25 13:35:06'),
(330, '1-619234', 'COLEGIO EL GRAN BRITALIA', 'Cll 54 Sur # 81 H -15', 'El Carmelo', '7851637 7238785', '', '0000-00-00', '02038200', 6, '2018-06-25 13:48:26'),
(331, '1-49079672', 'Colegio Comunal Las Orquideas', 'Calle 161 N° 16B - 05', 'Orquideas', '6743847 ', '', '0000-00-00', '3463252', 4, '2018-06-25 13:56:29'),
(332, '1-354592', 'LICEO MODERNO ALMIRANTE', 'Cll 58a   # 22j-11', 'Casa Linda Candelaria la nueva', '5633207', '', '0000-00-00', '02038200', 6, '2018-06-25 14:01:55'),
(333, '1-82637738', 'Liceo Terioska', 'Calle 134D N° 50 - 07', 'Prado Veraniego', '3002689', '', '0000-00-00', '3463252', 4, '2018-06-25 14:04:15'),
(334, '1-1907944', 'COLEGIO . CLARETIANO EL LIBERTADOR', 'Calle 61 Sur # 80H-40', 'Bosa Centro', '7751327', '', '0000-00-00', '02038200', 6, '2018-06-25 14:07:09'),
(335, '1-1543582', 'INSTITUTO. SANTA. ANA LUZ DEL CARMEN', 'Calle 63 Nº 71F-42', 'perdomo', '7785849', '', '0000-00-00', '02038200', 6, '2018-06-25 14:16:32'),
(336, '1-65205', 'LICEO SAN PABLO APOSTOL', 'CLL 63SUR # 93C-46', 'Bosa  Recreo', '7232860', '', '0000-00-00', '02038200', 6, '2018-06-25 15:13:34'),
(337, '1-930123', 'COLEGIO CIUDAD CAPITAL', 'CLL 65 Sur # 100A - 51', 'Bosa  Recreo', '7230433', '', '0000-00-00', '02038200', 6, '2018-06-25 15:15:22'),
(338, '1-16448492', 'COLEGIO INTERAMERICANO', 'Cll 66 Sur # 20A-19', 'San Francisco', '7155007', '', '0000-00-00', '02038200', 6, '2018-06-25 15:18:55'),
(339, '1-3230066', 'GIMNASIO CACERES', 'Calle 73A Sur 80I-34', 'Bosa Granada', '7777989', '', '0000-00-00', '02038200', 6, '2018-06-25 15:20:40');
INSERT INTO `colegios` (`id`, `codigo`, `colegio`, `direccion`, `barrio`, `telefono`, `web`, `cumpleaños`, `cod_zona`, `id_usuario`, `fecha_creacion`) VALUES
(340, '1-43033817', 'Colegio Casablanca', 'Calle 163A  N° 8A -74', 'San Cristobal Norte', '7291824', '', '0000-00-00', '3463252', 0, '2018-06-25 15:23:30'),
(341, '1-39423966', 'INSTITUTO SAN FRANCISCO', 'cr 21 # 66-50', 'San Francisco', '7155120', '', '0000-00-00', '02038200', 6, '2018-06-25 15:26:43'),
(342, '1-04836674', 'INSTITUTO EMMIN', 'Cr 48a  # 68a-18Sur', 'Candelaria', '7156215', '', '0000-00-00', '02038200', 6, '2018-06-25 15:34:27'),
(343, '1-5384186', 'INSTITUCION  EDUCATIVA GIMNASIO LA ALAMEDA', 'CR 5 #10-65', 'soacha', '7814315', '', '0000-00-00', '02038200', 6, '2018-06-25 15:37:37'),
(344, '1-590649', 'Colegio Santiago Alberione', 'Carrera 58 N° 169A - 54', 'San Cipriano', '6711932', '', '0000-00-00', '3463252', 4, '2018-06-25 15:39:12'),
(345, '1-738014', 'LICEO ORION', 'CR 8 # 21- 41', 'soacha', '7219616', '', '0000-00-00', '02038200', 6, '2018-06-25 15:42:53'),
(346, '1-1889876', 'INSTITUTO ACADEMICO LA PORTADA', 'Carrera 89 # 56G-14 Sur', 'Bosa Libertad', '7834232', '', '0000-00-00', '02038200', 6, '2018-06-25 15:50:56'),
(347, '1-8082246', 'Gimnasio Infantil Pleyade', 'Carrera 10A  N° 182A - 20', 'San  Antonio', '6785232', '', '0000-00-00', '3463252', 4, '2018-06-25 15:55:59'),
(348, '1-992094', 'COLEGIO ANTONIA SANTOS ', 'CR 9 # 13 - 62', 'Soacha Centro', '7813541', '', '0000-00-00', '02038200', 6, '2018-06-25 15:56:10'),
(349, '1-2325358', 'Colegio De La Enseñanza', 'Calle 202 N° 55 - 12', 'Arrayanes', '7430535', '', '0000-00-00', '3463252', 4, '2018-06-25 16:04:19'),
(350, '1-6685074', 'LICEO SAMPER URIBE', 'CR 9 # 8A-07', 'sibate', '7251072', '', '0000-00-00', '02038200', 6, '2018-06-25 16:06:01'),
(351, '1-44085257', 'MADRE TERESA DE CALCUTA', 'CR7 Este # 31A - 60', 'soacha', '7224900', '', '0000-00-00', '02038200', 6, '2018-06-25 16:08:26'),
(352, '1-658030', 'LICEO ADEB', 'Carrera7A # 16-25', 'Soacha Centro', '8211487', '', '0000-00-00', '02038200', 6, '2018-06-25 16:14:52'),
(353, '1-8566369', 'CENTRO EDUCATIVO NUESTRA SEÑORA MILAGROSA', 'Carrera9 Este #30a-19', 'San Mateo', '7210903', '', '0000-00-00', '02038200', 6, '2018-06-25 16:19:25'),
(354, '1-64676557', 'Colegio Santa Mariana De Jesus', 'Calle 195 N° 45 - 51', 'Jardines', '6787769', '', '0000-00-00', '3463252', 4, '2018-06-25 16:19:50'),
(355, '1-41149863', 'COLEGIO JUAN PABLO II', 'Diagonal 71 # 77H - 17 Sur', 'Bosa san pablo', '7757668', '', '0000-00-00', '02038200', 6, '2018-06-25 16:26:07'),
(356, '1-13565507', 'Colegio Agustiniano Norte', 'Calle 116 N° 75 - 16', 'Pontevedra', '2532923', '', '0000-00-00', '3463252', 4, '2018-06-25 16:26:51'),
(357, '1-6099076', 'COLEGIO INMACULADA CONCEPCION', 'DIAGONAL 7 # 9-65', 'soacha', '7765468', '', '0000-00-00', '02038200', 6, '2018-06-25 16:32:12'),
(358, '1-8693968', 'Colegio Colombo A mericano', 'Carrera 73 N° 214 - 53', 'Arrayanes', '6685077', '', '0000-00-00', '3463252', 4, '2018-06-25 16:34:52'),
(359, '1-9932100', 'Colegio Gimnasio Los Andes', 'Calle 209 N° 45 - 80', 'Arrayanes', '6761129', '', '0000-00-00', '3463252', 4, '2018-06-25 16:36:58'),
(360, '1-8129894', 'Colegio El Vaticano', 'Calle 162B N° 62 - 41', 'Gilmar', '4672363', '', '0000-00-00', '3463252', 4, '2018-06-25 16:41:32'),
(361, '1-42732101', 'ISTITUTO PEDAGOGICO LESMES', 'CALLE 11A # 9-01', 'soacha', '7814506', '', '0000-00-00', '02038200', 6, '2018-06-25 16:43:25'),
(362, '1-216068', 'Colegio Romulo Gallegos', 'Carrera 17 d #64 b -31 sur', 'Lucero Bajo', '7654823', 'No tiene', '2018-06-06', '87654321', 3, '2018-06-25 19:17:48'),
(363, '1-14151213', 'Colegio Interamericano', 'Calle 66 # 20 a -19', 'San francisco', '7155007', 'No tiene', '2018-09-15', '87654321', 3, '2018-06-25 19:25:09'),
(364, '1-83924887', 'NUESTRA SEÑORA DE LAS MISERICORDIAS', 'CALLE 2 B # 13A-24', 'Leon XIII', '7291440', '', '0000-00-00', '02038200', 6, '2018-06-25 19:36:19'),
(365, '1-07949247', 'Colegio Comercial Madre Elisa Roncallo', 'Carrera 3 c este # 41-23 sur', 'La Victoria', '2068572', 'www.salecianamer.edu.co', '2018-06-25', '87654321', 3, '2018-06-25 19:40:47'),
(366, '1-08387098', 'COLOMBO JAPONES', 'Calle. 63 Sur # 77M-66', 'Bosa Estacion', '7803873', '', '0000-00-00', '02038200', 6, '2018-06-25 19:42:28'),
(367, '1-9332372', 'Colegio Francisco Del Virrey Solis', 'Calle 195 N° 50 - 65', 'Jardines', '6785410', '', '0000-00-00', '3463252', 4, '2018-06-25 19:45:35'),
(368, '1-5329414', 'Colegio Hermanos Beltran', 'Diagonal 45 c SUR # 13 D - 09', 'San Jorge', '7676094', 'No tiene', '2018-09-13', '87654321', 3, '2018-06-25 19:47:17'),
(369, '1-76016148', 'COLEGIO SAN DEYC', 'CLL.3 Sur Nº 17-61', 'Bosa compartir', '7818553', '', '0000-00-00', '02038200', 6, '2018-06-25 19:47:52'),
(370, '1-92852920', 'TECNICO HEROES NACIONALES', 'CR 2 # 12 Bis - 14', 'soacha', '721 60 87', '', '0000-00-00', '02038200', 6, '2018-06-25 19:50:28'),
(371, '1-9853375', 'GIMNASIO TEQUENDAMA', 'CR 8 #14-33', 'soacha', '7812087', '', '0000-00-00', '02038200', 6, '2018-06-25 19:55:22'),
(372, '1-32027379', 'Colegio Bilingue Hispanoamericano Conde Anzurez', 'Carrera 67 N° 173A - 80', 'San Jose De Bavaria', '6717124', '', '0000-00-00', '3463252', 4, '2018-06-25 19:57:47'),
(373, '1-3614553', 'Colegio Cemoden', 'Carrera 50 c # 38-08 sur', 'Muzu', '3112209', 'cemoden.edu.co', '2018-04-28', '87654321', 3, '2018-06-25 20:01:18'),
(374, '1-5016003', 'LICEO ERNESTO CARDENAL', 'Diagonal 49 # 86C -17', 'Bosa Laureles', '7192397', '', '0000-00-00', '02038200', 6, '2018-06-25 20:02:30'),
(375, '1-08910794', 'Gimnasio Las Palmas', 'Calle 186 N° 8 - 44', 'Lijaca', '6774611', '', '0000-00-00', '3463252', 4, '2018-06-25 20:12:19'),
(376, '1-09743497', 'GIMNASIO ENRRIQUE DUSSEL', 'CR 102A # 56F-34', 'Bosa Porvenir', '5752735', '', '0000-00-00', '02038200', 6, '2018-06-25 20:17:14'),
(377, '1-2359032', 'Colegio San Lucas', 'Carrera 31 b # 1 f -44', 'Asuncion', '5622048', 'No tiene', '2018-06-13', '87654321', 3, '2018-06-25 20:19:15'),
(378, '1-34953023', 'Colegio Nuestra Señora De La Salette', 'Carrera 56 a # 46-64', 'San Gabriel', '4144400', 'colegiolasalette.edu.co', '2018-10-10', '87654321', 3, '2018-06-25 20:27:16'),
(379, '1-20467495', 'Liceo Alta Blanca', 'Calle 157 N° 7H - 70', 'San Cristobal Norte', '6703303', '', '0000-00-00', '3463252', 4, '2018-06-25 20:44:05'),
(380, '1-01785374', 'Liceo Infantil Pequeños Saltarines', 'Calle 31b sur #1 -60 este ', 'San Cristobal sur', '2062102', 'No tiene', '2017-10-05', '87654321', 3, '2018-06-25 20:50:13'),
(381, '1-03898024', 'Colegio Santa Isabel De Hungria', 'Carrera 65 N° 65 - 10', 'Gilmar', '6715343', '', '0000-00-00', '3463252', 4, '2018-06-25 20:50:36'),
(382, '1-27271361', 'Liceo Andres Diaz Venero De Leiva', 'Carrera 7D Bis A N° 156 - 08', 'Barrancas', '6704472', '', '0000-00-00', '3463252', 4, '2018-06-25 21:16:42'),
(383, '1-2070397', 'Colegio Pedagogico Marie Curie', 'Calle 156 N° 7B - 13', 'Barrancas', '9265217', '', '0000-00-00', '3463252', 4, '2018-06-25 21:38:13'),
(384, '1-44007181', 'Colegio Fundacion Colombia', 'Carrera 7 Kilometro 15', 'La Caro', '6761480', '', '0000-00-00', '3463252', 4, '2018-06-25 22:05:51'),
(385, '1-70405', 'Colegio Giovanny Pascoli', 'Carrera 17 N° 187 - 60', 'San  Antonio', '6701032', '', '0000-00-00', '3463252', 4, '2018-06-26 13:37:48'),
(386, '1-8390902', 'liceo Campestre De Facatativa', ' Calle 11 No. 4 - 24', 'Facatativa', '8712449', 'contacto@liceocampestrefacatativa.edu.co.', '2018-03-16', '87654321', 3, '2018-06-26 13:39:15'),
(387, '1-31605806', 'Colegio Santiago Apostol De Funza', 'Avenida 12 N° 13 - 35', 'Funza', '8216570', ' parroquiasantiagoapostol@yahoo.com', '2018-02-05', '87654321', 3, '2018-06-26 13:46:44'),
(388, '1-09816991', 'INSTITUTO TECNICO CENTRAL LA SALLE', 'CALLE 13 # 16 - 74', 'Centro estacion ferrocarril', '3443000', '', '0000-00-00', '02038200', 6, '2018-06-26 13:50:38'),
(389, '1-138831', 'COLEGIO COOPERATIVO MONSENOR ISMAEL PERDOMO', 'DIAGONAL 62G SUR # 72A - 41', 'perdomo', '7784737', '', '0000-00-00', '02038200', 6, '2018-06-26 13:53:14'),
(390, '1-72276373', 'EXTERNADO PORFIRIO BARBA JACOB', 'CARRERA 18 # 54-14 SUR', 'SANTA LUCIA', '2794775', '', '0000-00-00', '02038200', 6, '2018-06-26 13:55:42'),
(391, '1-8489186', 'LICEO SUPERIOR DE BOGOTA', 'CARRERA 18 # 22 - 90 SUR', 'restrepo', '2398887', '', '0000-00-00', '02038200', 6, '2018-06-26 13:56:42'),
(392, '1-2132659', 'INSTITUTO SAN BERNARDO DE LA SALLE', 'CL 2  # 12-39   ', 'San bernardo', '2335700', '', '0000-00-00', '02038200', 6, '2018-06-26 13:58:45'),
(393, '1-71160950', 'CENTRO EDUCATIVO AVE MARIA', 'CALLE 11SUR # 4-33', 'SAN JAVIER', '3335859', '', '0000-00-00', '02038200', 6, '2018-06-26 14:01:20'),
(394, '1-874614', 'Colegio Seminario Anexo De Facatativa', 'Calle  5 # 7 -30', 'Facatativa', '8423025', 'colseminarioanexo.com.co', '2017-10-10', '87654321', 3, '2018-06-26 14:03:47'),
(395, '1-30532101', 'COLEGIO SAN JOSE ', 'Carrera 29 # 12-83', 'Ricaurte', '4081603', '', '0000-00-00', '02038200', 6, '2018-06-26 14:04:59'),
(396, '1-53801007', 'Gimnasio Pierre Faure', 'Carrera 15 Bis N° 188A - 11', 'San  Antonio', '6729396', '', '0000-00-00', '3463252', 4, '2018-06-26 14:06:42'),
(397, '1-51140', 'COLEGIO PARROQUIAL SAN JUAN BAUTISTA DE LA SALLE', 'CALLE 22 SUR # 10A - 04', 'SOSIEGO SUR', '2723978', '', '0000-00-00', '02038200', 6, '2018-06-26 14:07:08'),
(398, '1-43439063', 'INSTITUTO ORESTES SINDICI', 'CALLE 63 SUR # 70G - 84', 'ISMAEL PERDOMO', '7754882', '', '0000-00-00', '02038200', 6, '2018-06-26 14:07:55'),
(399, '1-0848691', 'COLEGIO EMILIO DE BRIGARD', 'CRA 50 No 26-40 SUR', 'EL TEJAR', '2301074', '', '0000-00-00', '02038200', 6, '2018-06-26 14:08:49'),
(400, '1-992809', 'INELPRES', 'CALLE 61 SUR # 64 - 30', 'Madelena', '2308771', '', '0000-00-00', '02038200', 6, '2018-06-26 14:09:38'),
(401, '1-40642770', 'COLEGIO NUESTRA SEÑORA DE LAS VICTORIAS', 'CARRERA 13 # 57-52 SUR', 'SAN CARLOS', '7142744', '', '0000-00-00', '02038200', 6, '2018-06-26 14:10:27'),
(402, '1-06166222', 'COLEGIO MAYOR DEL QUIROGA', 'CALLE 33 SUR # 23A - 11  ', 'QUIROGA', '3665171', '', '0000-00-00', '02038200', 6, '2018-06-26 14:11:12'),
(403, '1-7012577', 'Liceo Campestre Thomas De Iriarte', 'Kilómetro 10 Vía Puente Piedra ', 'Subachoque', '431 81 69', ' colegio@lcthomasdeiriarte.edu.co', '2018-05-24', '87654321', 3, '2018-06-26 14:13:21'),
(404, '1-5737948', 'Colegio Emanuel Dalzon', 'Transversal 41 N° 112 - 05', 'Puente Largo', '2532053', '', '0000-00-00', '3463252', 4, '2018-06-26 14:16:49'),
(405, '1-51288131', 'PARROQUIAL NUESTRA SEÑORA DE LA VALVANERA', 'Calle 13 Sur #24B-04, Bogotá', 'LA VALVANERA', '3660112', 'copaval@etb.net.co', '0000-00-00', '02038200', 6, '2018-06-26 14:19:26'),
(406, '1-95159358', 'Centro Educativo De Nuestra Señora De La Paz', 'Cra. 27 #29-65', 'centenario', '2035561', '', '0000-00-00', '02038200', 6, '2018-06-26 14:23:13'),
(407, '1-29316892', 'LICEO GUERNICA', 'CALLE 61 SUR # 71H - 03', 'PERDOMO', '7772379', '', '0000-00-00', '02038200', 6, '2018-06-26 14:25:50'),
(408, '1-804970', 'COLEGIO SAN RAFAEL II SEDE', 'CALLE 62 SUR # 71C - 41', 'perdomo', '7771127', '', '0000-00-00', '02038200', 6, '2018-06-26 14:28:04'),
(409, '1-36203611', 'Colegio Ipag', 'Carrera 8C N° 183 - 32', 'San  Antonio', '6711029', '', '0000-00-00', '3463252', 4, '2018-06-26 14:33:53'),
(410, '1-14289657', 'Colegio De La Reina', 'Calle 183 N° 15 - 90', 'San  Antonio', '6714255', '', '0000-00-00', '3463252', 4, '2018-06-26 14:40:14'),
(411, '1-20728601', 'Colegio Bilingue Inglaterra Real', 'Calle 183 N° 67 - 77', 'San Jose De Bavaria', '6785800', '', '0000-00-00', '3463252', 4, '2018-06-26 14:47:18'),
(412, '1-7033939', 'Colegio Maria Angela', 'Carrera 7 Antes del peaje', 'La Caro', '6760016', 'www.colegiomariaangela.edu.co', '0000-00-00', '3463252', 4, '2018-06-26 14:58:41'),
(413, '1-1306080', 'Colegio Provinma', 'Calle 145 N° 11 - 40', 'Cedritos', '2580303', '', '0000-00-00', '3463252', 4, '2018-06-26 15:03:09'),
(414, '1-67976576', 'LICEO MODERNO LOS ANDES', 'CALLE 64 SUR # 71F - 91', 'Madelena', '7792579', '', '0000-00-00', '02038200', 0, '2018-06-26 15:22:32'),
(415, '1-5120748', 'Instituto Bogota Centro', 'Calle 5 # 3 a -28', 'Belen', '2334408', 'No tiene', '2017-08-14', '87654321', 3, '2018-06-26 15:23:08'),
(416, '1-9160683', 'COLEGIO TALLER PSICOPEDAGOGICO DE LOS ANDES', 'CALLE 60A SUR # 67 - 13', 'Madelena', '2306106', '', '0000-00-00', '02038200', 6, '2018-06-26 15:23:59'),
(417, '1-6156675', 'Colegio Nuestra Señora Del Buen Consejo', 'Calle 104 N° 17 - 22', 'San Patricio', '2562963', '', '0000-00-00', '3463252', 4, '2018-06-26 15:30:04'),
(418, '1-16244049', 'Colegio Infantes Del Sociego', 'Carrera  21 NO 2- 52', 'Madrid', '8255476', 'No tiene', '2018-07-10', '87654321', 3, '2018-06-26 15:46:28'),
(419, '1-94286758', 'Colegio Externado Caro y Cuervo', 'Calle 150A  N°50 - 57', 'Mazuren', '2742969', '', '0000-00-00', '3463252', 4, '2018-06-26 15:51:37'),
(420, '1-097216', 'Gimnasio Catolico San Nicolas De Bari', 'Calle  4 # 6- 51', 'Madrid', ' 8253968', 'No tiene', '2018-08-02', '87654321', 3, '2018-06-26 15:53:30'),
(421, '1-618723', 'Colegio San Miguel Arcangel', 'Mosquera', 'Mosquera', '8294529', 'sanmiguelarcangel@hotmail.com', '2017-07-03', '87654321', 3, '2018-06-26 16:04:08'),
(422, '1-737132', 'Colegio Esclavas del Sagrado Corazon', 'Calle 175 N° 40 -26', 'Calle 170', '6718570', '', '0000-00-00', '3463252', 4, '2018-06-26 16:09:53'),
(423, '1-2683741', 'Liceo Pedagogico Madrigal', 'Transversal 42 # 39 b -69 sur', 'Arborizadora Baja', '7162091', 'Madrigal.school@hotmail.com', '2018-08-02', '87654321', 3, '2018-06-26 16:13:24'),
(424, '1-3070030', 'Colegio Maria Inmaculada', 'Carrera 7 N° 166 - 71', 'Barrancas Norte', '6711177', '', '0000-00-00', '3463252', 4, '2018-06-26 16:15:35'),
(425, '1-995001', 'Colegio Clara Casas ', 'Carrera 8G  N° 168 - 30', 'Calle 170', '6789982', '', '0000-00-00', '3463252', 4, '2018-06-26 16:22:44'),
(426, '1-4029169', 'Colegio Stella Matutina', 'Carrera 67 N° 180 - 88', 'San Jose De Bavaria', '6711332', '', '0000-00-00', '3463252', 4, '2018-06-26 16:48:41'),
(427, '1-80497646', 'Colegio Emilio Valenzuela', 'Carrera 68 N° 180 - 45', 'San Jose De Bavaria', '6792988', '', '0000-00-00', '3463252', 4, '2018-06-26 16:54:35'),
(428, '1-16579382', 'CENTRO EDUCATIVO NUESTRA SEÑORA DE LA PAZ', 'AV 27 # 29 - 65 SUR', 'SANTANDER', '2035781', '', '0000-00-00', '02038200', 0, '2018-06-26 16:55:24'),
(429, '1-95092730', 'LICEO INFANTIL EL GRAN VIRREY', 'CALLE 60 SUR 22G - 54', 'Casa Linda Candelaria la nueva', '7169098', '', '0000-00-00', '02038200', 6, '2018-06-26 17:01:25'),
(430, '1-53091353', 'Gimnasio Jose  Joaquin  Casas', 'Carrera 7 N° 173 - 40', 'La Uribe', '6742136', '', '0000-00-00', '3463252', 4, '2018-06-26 17:11:12'),
(431, '1-20360409', 'COLEGIO CAMPESTRE CAFAM', 'DIAGONAL 58 SUR #28-58', 'San vicente', '2722262', '', '0000-00-00', '02038200', 6, '2018-06-26 17:12:50'),
(432, '1-3429814', 'COLEGIO LA  PRESENTACION DE FATIMA ', 'CLLE 52 A SUR # 35-73', 'Fatima', '7134334', '', '0000-00-00', '02038200', 6, '2018-06-26 17:21:46'),
(433, '1-5612988', 'Colegio Pureza De Maria ', 'Carrera 7 N° 147 - 02', 'Cedritos', '2585512', '', '0000-00-00', '3463252', 4, '2018-06-26 17:27:23'),
(434, '1-86566711', 'Colegio Militar Aquileo Parra', 'Carrera 70 N° 173A - 50', 'San Jose De Bavaria', '6716606', '', '0000-00-00', '3463252', 4, '2018-06-26 17:41:04'),
(435, '1-95230566', 'Colegio Mayor Celestino Mutis', 'Carrera 11 N° 185B - 88', 'San  Antonio', '6703200', '', '0000-00-00', '3463252', 4, '2018-06-26 17:44:41'),
(436, '1-70782218', 'GIMNASIO INFANTIL YAYITA', 'Calle 56 A S 70 A-07', 'villa del rio', '2047369', '', '0000-00-00', '02038200', 6, '2018-06-26 20:50:17'),
(437, '1-1361282', 'BILINGUE REINO UNIDO', 'Carrera 70A # 56A - 04/08 Sur ', 'Villa del Río.', '2047787', '', '0000-00-00', '02038200', 6, '2018-06-26 21:54:27');

-- --------------------------------------------------------

--
-- Estructura de tabla para la tabla `events`
--

CREATE TABLE `events` (
  `id` int(11) NOT NULL,
  `title` varchar(255) NOT NULL,
  `color` varchar(7) DEFAULT NULL,
  `start` datetime NOT NULL,
  `end` datetime DEFAULT NULL
) ENGINE=InnoDB DEFAULT CHARSET=utf8;

--
-- Volcado de datos para la tabla `events`
--

INSERT INTO `events` (`id`, `title`, `color`, `start`, `end`) VALUES
(1, 'Evento Azul', '#0071c5', '2017-08-01 00:00:00', '2017-08-02 00:00:00'),
(2, 'Eventos 2', '#40E0D0', '2018-04-17 04:30:00', '2018-04-17 05:00:00'),
(3, 'Doble click para editar evento', '#008000', '2018-04-18 08:00:00', '2018-04-18 09:00:00'),
(4, 'pruebaR', '#0071c5', '2018-04-18 06:00:00', '2018-04-18 06:30:00'),
(6, 'prueba10', '', '2018-04-03 00:00:00', '2018-04-04 00:00:00'),
(8, '', '', '2018-03-28 18:00:00', '2018-03-29 20:00:00'),
(9, 'colegio san luis', '', '2018-04-15 01:15:00', '2018-04-15 01:15:00'),
(10, 'colegio madre emilia', '#40E0D0', '2018-03-31 16:20:00', '2018-04-01 00:00:00'),
(13, 'Hola', '', '2018-05-10 00:00:00', '2018-05-11 00:00:00');

-- --------------------------------------------------------

--
-- Estructura de tabla para la tabla `grados`
--

CREATE TABLE `grados` (
  `id` int(11) NOT NULL,
  `grado` varchar(20) COLLATE utf8_spanish_ci NOT NULL
) ENGINE=InnoDB DEFAULT CHARSET=utf8 COLLATE=utf8_spanish_ci;

--
-- Volcado de datos para la tabla `grados`
--

INSERT INTO `grados` (`id`, `grado`) VALUES
(1, 'Pre jardín'),
(2, 'Jardín'),
(3, 'Transición'),
(4, 'Primero (1)'),
(5, 'Segundo (2)'),
(6, 'Tercero (3)'),
(7, 'Cuarto(4)'),
(8, 'Quinto (5)'),
(9, 'Sexto (6)'),
(10, 'Séptimo (7)'),
(11, 'Octavo (8)'),
(12, 'Noveno (9)'),
(13, 'Décimo (10)'),
(14, 'Once (11)'),
(15, 'Primaria'),
(16, 'Secundaria');

-- --------------------------------------------------------

--
-- Estructura de tabla para la tabla `grados_materias`
--

CREATE TABLE `grados_materias` (
  `id` int(11) NOT NULL,
  `id_periodo` int(11) NOT NULL,
  `cod_profesor` varchar(15) COLLATE utf8_spanish_ci NOT NULL,
  `id_grado` int(11) NOT NULL,
  `id_materia` int(11) NOT NULL
) ENGINE=InnoDB DEFAULT CHARSET=utf8 COLLATE=utf8_spanish_ci;

-- --------------------------------------------------------

--
-- Estructura de tabla para la tabla `grados_paralelos`
--

CREATE TABLE `grados_paralelos` (
  `id` int(11) NOT NULL,
  `id_periodo` int(11) NOT NULL,
  `id_colegio` int(11) NOT NULL,
  `id_grado` int(11) NOT NULL,
  `paralelos` int(11) NOT NULL,
  `alumnos` int(11) NOT NULL
) ENGINE=InnoDB DEFAULT CHARSET=utf8 COLLATE=utf8_spanish_ci;

--
-- Volcado de datos para la tabla `grados_paralelos`
--

INSERT INTO `grados_paralelos` (`id`, `id_periodo`, `id_colegio`, `id_grado`, `paralelos`, `alumnos`) VALUES
(15, 1, 2, 1, 1, 1),
(16, 1, 2, 2, 2, 2),
(17, 1, 2, 3, 3, 3),
(18, 1, 2, 4, 4, 4),
(19, 1, 2, 5, 5, 5),
(20, 1, 2, 6, 6, 6),
(21, 1, 2, 7, 7, 7),
(22, 1, 2, 8, 8, 8),
(23, 1, 2, 9, 9, 9),
(24, 1, 2, 10, 10, 10),
(25, 1, 2, 11, 11, 11),
(26, 1, 2, 12, 12, 12),
(27, 1, 2, 13, 13, 13),
(28, 1, 2, 14, 14, 14),
(29, 1, 21, 1, 1, 1),
(30, 1, 21, 2, 2, 2),
(31, 1, 21, 3, 3, 3),
(32, 1, 21, 4, 4, 4),
(33, 1, 21, 5, 5, 5),
(34, 1, 21, 6, 6, 6),
(35, 1, 21, 7, 7, 7),
(36, 1, 21, 8, 8, 8),
(37, 1, 21, 9, 9, 9),
(38, 1, 21, 10, 0, 0),
(39, 1, 21, 11, 1, 1),
(40, 1, 21, 12, 2, 2),
(41, 1, 21, 13, 3, 0),
(42, 1, 21, 14, 4, 4),
(43, 1, 16, 1, 1, 1),
(44, 1, 16, 2, 2, 23),
(45, 1, 16, 3, 3, 4),
(46, 1, 16, 4, 4, 43),
(47, 1, 16, 5, 5, 43),
(48, 1, 16, 6, 6, 43),
(49, 1, 16, 7, 7, 43),
(50, 1, 16, 8, 8, 43),
(51, 1, 16, 9, 9, 43),
(52, 1, 16, 10, 0, 43),
(53, 1, 16, 11, 1, 34),
(54, 1, 16, 12, 0, 0),
(55, 1, 16, 13, 3, 34),
(56, 1, 16, 14, 4, 34),
(57, 1, 23, 1, 2, 1),
(58, 1, 23, 2, 5, 1),
(59, 1, 23, 3, 7, 1),
(60, 1, 23, 4, 8, 1),
(61, 1, 23, 5, 9, 1),
(62, 1, 23, 6, 0, 1),
(63, 1, 23, 7, 0, 1),
(64, 1, 23, 8, 6, 1),
(65, 1, 23, 9, 8, 1),
(66, 1, 23, 10, 9, 1),
(67, 1, 23, 11, 9, 1),
(68, 1, 23, 12, 9, 1),
(69, 1, 23, 13, 9, 1),
(70, 1, 23, 14, 9, 1),
(71, 1, 24, 1, 1, 10),
(72, 1, 24, 2, 1, 12),
(73, 1, 24, 3, 1, 11),
(74, 1, 24, 4, 1, 10),
(75, 1, 24, 5, 1, 10),
(76, 1, 24, 6, 1, 10),
(77, 1, 24, 7, 1, 10),
(78, 1, 24, 8, 1, 10),
(79, 1, 24, 9, 1, 10),
(80, 1, 24, 10, 1, 10),
(81, 1, 24, 11, 1, 10),
(82, 1, 24, 12, 1, 10),
(83, 1, 24, 13, 1, 10),
(84, 1, 24, 14, 1, 10),
(85, 1, 27, 1, 2, 20),
(86, 1, 27, 2, 2, 0),
(87, 1, 27, 3, 2, 0),
(88, 1, 27, 4, 1, 20),
(89, 1, 27, 5, 2, 40),
(90, 1, 27, 6, 2, 40),
(91, 1, 27, 7, 1, 20),
(92, 1, 27, 8, 1, 20),
(93, 1, 27, 9, 1, 20),
(94, 1, 27, 10, 1, 20),
(95, 1, 27, 11, 1, 20),
(96, 1, 27, 12, 1, 20),
(97, 1, 27, 13, 1, 20),
(98, 1, 27, 14, 1, 30),
(99, 1, 28, 1, 0, 0),
(100, 1, 28, 2, 0, 0),
(101, 1, 28, 3, 0, 0),
(102, 1, 28, 4, 10, 300),
(103, 1, 28, 5, 9, 270),
(104, 1, 28, 6, 9, 270),
(105, 1, 28, 7, 8, 240),
(106, 1, 28, 8, 9, 270),
(107, 1, 28, 9, 0, 0),
(108, 1, 28, 10, 0, 0),
(109, 1, 28, 11, 0, 0),
(110, 1, 28, 12, 0, 0),
(111, 1, 28, 13, 0, 0),
(112, 1, 28, 14, 0, 0),
(113, 1, 29, 1, 0, 0),
(114, 1, 29, 2, 3, 105),
(115, 1, 29, 3, 4, 140),
(116, 1, 29, 4, 4, 140),
(117, 1, 29, 5, 5, 175),
(118, 1, 29, 6, 5, 165),
(119, 1, 29, 7, 5, 160),
(120, 1, 29, 8, 5, 175),
(121, 1, 29, 9, 5, 175),
(122, 1, 29, 10, 5, 165),
(123, 1, 29, 11, 4, 140),
(124, 1, 29, 12, 4, 120),
(125, 1, 29, 13, 4, 138),
(126, 1, 29, 14, 4, 140),
(127, 1, 30, 1, 0, 0),
(128, 1, 30, 2, 1, 32),
(129, 1, 30, 3, 2, 42),
(130, 1, 30, 4, 5, 125),
(131, 1, 30, 5, 5, 132),
(132, 1, 30, 6, 4, 100),
(133, 1, 30, 7, 4, 106),
(134, 1, 30, 8, 4, 110),
(135, 1, 30, 9, 4, 110),
(136, 1, 30, 10, 4, 106),
(137, 1, 30, 11, 5, 130),
(138, 1, 30, 12, 3, 75),
(139, 1, 30, 13, 4, 105),
(140, 1, 30, 14, 4, 110),
(141, 1, 32, 1, 0, 0),
(142, 1, 32, 2, 0, 0),
(143, 1, 32, 3, 0, 0),
(144, 1, 32, 4, 4, 120),
(145, 1, 32, 5, 4, 115),
(146, 1, 32, 6, 4, 128),
(147, 1, 32, 7, 4, 125),
(148, 1, 32, 8, 4, 132),
(149, 1, 32, 9, 4, 128),
(150, 1, 32, 10, 3, 96),
(151, 1, 32, 11, 3, 90),
(152, 1, 32, 12, 3, 94),
(153, 1, 32, 13, 3, 93),
(154, 1, 32, 14, 3, 98),
(155, 1, 33, 1, 0, 0),
(156, 1, 33, 2, 1, 20),
(157, 1, 33, 3, 1, 20),
(158, 1, 33, 4, 2, 44),
(159, 1, 33, 5, 2, 40),
(160, 1, 33, 6, 2, 43),
(161, 1, 33, 7, 2, 44),
(162, 1, 33, 8, 2, 45),
(163, 1, 33, 9, 2, 80),
(164, 1, 33, 10, 2, 78),
(165, 1, 33, 11, 2, 75),
(166, 1, 33, 12, 2, 80),
(167, 1, 33, 13, 2, 76),
(168, 1, 33, 14, 2, 78),
(169, 1, 35, 1, 1, 8),
(170, 1, 35, 2, 1, 24),
(171, 1, 35, 3, 2, 56),
(172, 1, 35, 4, 1, 36),
(173, 1, 35, 5, 2, 45),
(174, 1, 35, 6, 2, 43),
(175, 1, 35, 7, 2, 55),
(176, 1, 35, 8, 2, 60),
(177, 1, 35, 9, 2, 70),
(178, 1, 35, 10, 1, 25),
(179, 1, 35, 11, 1, 23),
(180, 1, 35, 12, 1, 25),
(181, 1, 35, 13, 1, 20),
(182, 1, 35, 14, 1, 22),
(183, 1, 36, 1, 1, 7),
(184, 1, 36, 2, 1, 10),
(185, 1, 36, 3, 1, 22),
(186, 1, 36, 4, 1, 20),
(187, 1, 36, 5, 1, 26),
(188, 1, 36, 6, 1, 23),
(189, 1, 36, 7, 1, 24),
(190, 1, 36, 8, 1, 26),
(191, 1, 36, 9, 1, 35),
(192, 1, 36, 10, 2, 60),
(193, 1, 36, 11, 2, 40),
(194, 1, 36, 12, 2, 49),
(195, 1, 36, 13, 2, 39),
(196, 1, 36, 14, 2, 50),
(197, 1, 39, 1, 0, 0),
(198, 1, 39, 2, 1, 30),
(199, 1, 39, 3, 2, 60),
(200, 1, 39, 4, 2, 56),
(201, 1, 39, 5, 2, 50),
(202, 1, 39, 6, 1, 35),
(203, 1, 39, 7, 1, 32),
(204, 1, 39, 8, 1, 25),
(205, 1, 39, 9, 0, 0),
(206, 1, 39, 10, 0, 0),
(207, 1, 39, 11, 0, 0),
(208, 1, 39, 12, 0, 0),
(209, 1, 39, 13, 0, 0),
(210, 1, 39, 14, 0, 0),
(211, 1, 38, 1, 2, 39),
(212, 1, 38, 2, 3, 93),
(213, 1, 38, 3, 4, 92),
(214, 1, 38, 4, 4, 130),
(215, 1, 38, 5, 4, 140),
(216, 1, 38, 6, 5, 201),
(217, 1, 38, 7, 5, 205),
(218, 1, 38, 8, 5, 177),
(219, 1, 38, 9, 6, 248),
(220, 1, 38, 10, 6, 198),
(221, 1, 38, 11, 5, 182),
(222, 1, 38, 12, 5, 223),
(223, 1, 38, 13, 5, 198),
(224, 1, 38, 14, 5, 184),
(225, 1, 41, 1, 0, 0),
(226, 1, 41, 2, 0, 0),
(227, 1, 41, 3, 0, 0),
(228, 1, 41, 4, 2, 50),
(229, 1, 41, 5, 1, 20),
(230, 1, 41, 6, 1, 22),
(231, 1, 41, 7, 1, 18),
(232, 1, 41, 8, 1, 19),
(233, 1, 41, 9, 0, 0),
(234, 1, 41, 10, 0, 0),
(235, 1, 41, 11, 0, 0),
(236, 1, 41, 12, 0, 0),
(237, 1, 41, 13, 0, 0),
(238, 1, 41, 14, 0, 0),
(239, 1, 40, 1, 1, 6),
(240, 1, 40, 2, 1, 35),
(241, 1, 40, 3, 2, 40),
(242, 1, 40, 4, 2, 38),
(243, 1, 40, 5, 2, 39),
(244, 1, 40, 6, 2, 37),
(245, 1, 40, 7, 2, 40),
(246, 1, 40, 8, 2, 38),
(247, 1, 40, 9, 2, 42),
(248, 1, 40, 10, 2, 35),
(249, 1, 40, 11, 2, 32),
(250, 1, 40, 12, 1, 20),
(251, 1, 40, 13, 1, 26),
(252, 1, 40, 14, 1, 17),
(253, 1, 42, 1, 0, 0),
(254, 1, 42, 2, 2, 41),
(255, 1, 42, 3, 3, 65),
(256, 1, 42, 4, 4, 110),
(257, 1, 42, 5, 4, 124),
(258, 1, 42, 6, 4, 128),
(259, 1, 42, 7, 4, 110),
(260, 1, 42, 8, 4, 120),
(261, 1, 42, 9, 4, 132),
(262, 1, 42, 10, 4, 132),
(263, 1, 42, 11, 3, 80),
(264, 1, 42, 12, 4, 106),
(265, 1, 42, 13, 3, 100),
(266, 1, 42, 14, 3, 100),
(267, 1, 37, 1, 0, 0),
(268, 1, 37, 2, 0, 0),
(269, 1, 37, 3, 1, 20),
(270, 1, 37, 4, 1, 30),
(271, 1, 37, 5, 2, 54),
(272, 1, 37, 6, 1, 37),
(273, 1, 37, 7, 1, 30),
(274, 1, 37, 8, 1, 35),
(275, 1, 37, 9, 2, 60),
(276, 1, 37, 10, 2, 60),
(277, 1, 37, 11, 1, 45),
(278, 1, 37, 12, 2, 56),
(279, 1, 37, 13, 1, 30),
(280, 1, 37, 14, 1, 40),
(281, 1, 43, 1, 0, 0),
(282, 1, 43, 2, 1, 15),
(283, 1, 43, 3, 1, 20),
(284, 1, 43, 4, 2, 65),
(285, 1, 43, 5, 2, 70),
(286, 1, 43, 6, 2, 67),
(287, 1, 43, 7, 2, 70),
(288, 1, 43, 8, 2, 70),
(289, 1, 43, 9, 3, 90),
(290, 1, 43, 10, 3, 101),
(291, 1, 43, 11, 3, 103),
(292, 1, 43, 12, 3, 95),
(293, 1, 43, 13, 3, 85),
(294, 1, 43, 14, 3, 97),
(295, 1, 45, 1, 0, 0),
(296, 1, 45, 2, 1, 15),
(297, 1, 45, 3, 1, 20),
(298, 1, 45, 4, 2, 65),
(299, 1, 45, 5, 2, 70),
(300, 1, 45, 6, 2, 67),
(301, 1, 45, 7, 2, 70),
(302, 1, 45, 8, 2, 70),
(303, 1, 45, 9, 3, 90),
(304, 1, 45, 10, 3, 1),
(305, 1, 45, 11, 3, 103),
(306, 1, 45, 12, 3, 95),
(307, 1, 45, 13, 3, 85),
(308, 1, 45, 14, 3, 97),
(309, 1, 44, 1, 1, 20),
(310, 1, 44, 2, 2, 33),
(311, 1, 44, 3, 2, 57),
(312, 1, 44, 4, 2, 38),
(313, 1, 44, 5, 2, 43),
(314, 1, 44, 6, 2, 49),
(315, 1, 44, 7, 2, 47),
(316, 1, 44, 8, 2, 45),
(317, 1, 44, 9, 0, 0),
(318, 1, 44, 10, 0, 0),
(319, 1, 44, 11, 0, 0),
(320, 1, 44, 12, 0, 0),
(321, 1, 44, 13, 0, 0),
(322, 1, 44, 14, 0, 0),
(323, 1, 46, 1, 0, 0),
(324, 1, 46, 2, 2, 41),
(325, 1, 46, 3, 3, 66),
(326, 1, 46, 4, 4, 110),
(327, 1, 46, 5, 4, 129),
(328, 1, 46, 6, 4, 128),
(329, 1, 46, 7, 4, 110),
(330, 1, 46, 8, 4, 124),
(331, 1, 46, 9, 4, 132),
(332, 1, 46, 10, 4, 132),
(333, 1, 46, 11, 3, 74),
(334, 1, 46, 12, 4, 106),
(335, 1, 46, 13, 3, 102),
(336, 1, 46, 14, 3, 90),
(337, 1, 47, 1, 1, 8),
(338, 1, 47, 2, 1, 20),
(339, 1, 47, 3, 2, 55),
(340, 1, 47, 4, 2, 60),
(341, 1, 47, 5, 2, 52),
(342, 1, 47, 6, 2, 40),
(343, 1, 47, 7, 1, 30),
(344, 1, 47, 8, 1, 20),
(345, 1, 47, 9, 0, 0),
(346, 1, 47, 10, 0, 0),
(347, 1, 47, 11, 0, 0),
(348, 1, 47, 12, 0, 0),
(349, 1, 47, 13, 0, 0),
(350, 1, 47, 14, 0, 0),
(351, 1, 48, 1, 1, 3),
(352, 1, 48, 2, 1, 13),
(353, 1, 48, 3, 2, 55),
(354, 1, 48, 4, 3, 85),
(355, 1, 48, 5, 3, 101),
(356, 1, 48, 6, 3, 99),
(357, 1, 48, 7, 3, 108),
(358, 1, 48, 8, 3, 102),
(359, 1, 48, 9, 2, 96),
(360, 1, 48, 10, 3, 100),
(361, 1, 48, 11, 2, 95),
(362, 1, 48, 12, 2, 87),
(363, 1, 48, 13, 2, 86),
(364, 1, 48, 14, 3, 108),
(365, 1, 49, 1, 1, 20),
(366, 1, 49, 2, 2, 45),
(367, 1, 49, 3, 2, 45),
(368, 1, 49, 4, 2, 37),
(369, 1, 49, 5, 2, 53),
(370, 1, 49, 6, 2, 50),
(371, 1, 49, 7, 2, 46),
(372, 1, 49, 8, 2, 49),
(373, 1, 49, 9, 2, 56),
(374, 1, 49, 10, 2, 48),
(375, 1, 49, 11, 2, 40),
(376, 1, 49, 12, 2, 45),
(377, 1, 49, 13, 2, 44),
(378, 1, 49, 14, 1, 40),
(379, 1, 52, 1, 1, 5),
(380, 1, 52, 2, 1, 10),
(381, 1, 52, 3, 1, 29),
(382, 1, 52, 4, 1, 29),
(383, 1, 52, 5, 1, 17),
(384, 1, 52, 6, 1, 19),
(385, 1, 52, 7, 1, 18),
(386, 1, 52, 8, 1, 14),
(387, 1, 52, 9, 1, 32),
(388, 1, 52, 10, 1, 20),
(389, 1, 52, 11, 1, 29),
(390, 1, 52, 12, 1, 20),
(391, 1, 52, 13, 1, 15),
(392, 1, 52, 14, 1, 15),
(393, 1, 50, 1, 0, 0),
(394, 1, 50, 2, 0, 0),
(395, 1, 50, 3, 7, 190),
(396, 1, 50, 4, 9, 302),
(397, 1, 50, 5, 9, 280),
(398, 1, 50, 6, 9, 328),
(399, 1, 50, 7, 9, 331),
(400, 1, 50, 8, 9, 291),
(401, 1, 50, 9, 10, 378),
(402, 1, 50, 10, 9, 336),
(403, 1, 50, 11, 9, 336),
(404, 1, 50, 12, 9, 335),
(405, 1, 50, 13, 9, 343),
(406, 1, 50, 14, 9, 262),
(407, 1, 54, 1, 1, 16),
(408, 1, 54, 2, 1, 36),
(409, 1, 54, 3, 2, 61),
(410, 1, 54, 4, 2, 63),
(411, 1, 54, 5, 3, 86),
(412, 1, 54, 6, 2, 69),
(413, 1, 54, 7, 2, 71),
(414, 1, 54, 8, 2, 78),
(415, 1, 54, 9, 2, 76),
(416, 1, 54, 10, 2, 77),
(417, 1, 54, 11, 2, 60),
(418, 1, 54, 12, 2, 53),
(419, 1, 54, 13, 2, 48),
(420, 1, 54, 14, 1, 36),
(421, 1, 53, 1, 1, 30),
(422, 1, 53, 2, 1, 30),
(423, 1, 53, 3, 1, 22),
(424, 1, 53, 4, 1, 28),
(425, 1, 53, 5, 1, 36),
(426, 1, 53, 6, 1, 23),
(427, 1, 53, 7, 1, 26),
(428, 1, 53, 8, 1, 19),
(429, 1, 53, 9, 0, 0),
(430, 1, 53, 10, 0, 0),
(431, 1, 53, 11, 0, 0),
(432, 1, 53, 12, 0, 0),
(433, 1, 53, 13, 0, 0),
(434, 1, 53, 14, 0, 0),
(435, 1, 56, 1, 0, 0),
(436, 1, 56, 2, 1, 8),
(437, 1, 56, 3, 1, 12),
(438, 1, 56, 4, 1, 20),
(439, 1, 56, 5, 2, 32),
(440, 1, 56, 6, 2, 37),
(441, 1, 56, 7, 1, 27),
(442, 1, 56, 8, 1, 26),
(443, 1, 56, 9, 1, 28),
(444, 1, 56, 10, 2, 32),
(445, 1, 56, 11, 1, 18),
(446, 1, 56, 12, 1, 21),
(447, 1, 56, 13, 1, 19),
(448, 1, 56, 14, 1, 14),
(449, 1, 58, 1, 1, 17),
(450, 1, 58, 2, 1, 16),
(451, 1, 58, 3, 2, 30),
(452, 1, 58, 4, 3, 67),
(453, 1, 58, 5, 3, 54),
(454, 1, 58, 6, 3, 58),
(455, 1, 58, 7, 3, 68),
(456, 1, 58, 8, 3, 78),
(457, 1, 58, 9, 3, 61),
(458, 1, 58, 10, 3, 71),
(459, 1, 58, 11, 2, 54),
(460, 1, 58, 12, 2, 54),
(461, 1, 58, 13, 2, 44),
(462, 1, 58, 14, 1, 32),
(463, 1, 59, 1, 1, 2),
(464, 1, 59, 2, 2, 8),
(465, 1, 59, 3, 1, 15),
(466, 1, 59, 4, 1, 22),
(467, 1, 59, 5, 2, 31),
(468, 1, 59, 6, 2, 30),
(469, 1, 59, 7, 1, 22),
(470, 1, 59, 8, 2, 41),
(471, 1, 59, 9, 2, 32),
(472, 1, 59, 10, 2, 50),
(473, 1, 59, 11, 2, 61),
(474, 1, 59, 12, 2, 62),
(475, 1, 59, 13, 3, 60),
(476, 1, 59, 14, 2, 60),
(477, 1, 60, 1, 1, 9),
(478, 1, 60, 2, 2, 26),
(479, 1, 60, 3, 2, 49),
(480, 1, 60, 4, 2, 61),
(481, 1, 60, 5, 2, 79),
(482, 1, 60, 6, 2, 62),
(483, 1, 60, 7, 2, 77),
(484, 1, 60, 8, 2, 70),
(485, 1, 60, 9, 2, 47),
(486, 1, 60, 10, 2, 46),
(487, 1, 60, 11, 2, 58),
(488, 1, 60, 12, 2, 46),
(489, 1, 60, 13, 2, 55),
(490, 1, 60, 14, 1, 39),
(491, 1, 61, 1, 1, 8),
(492, 1, 61, 2, 1, 10),
(493, 1, 61, 3, 1, 30),
(494, 1, 61, 4, 1, 35),
(495, 1, 61, 5, 1, 32),
(496, 1, 61, 6, 1, 30),
(497, 1, 61, 7, 1, 30),
(498, 1, 61, 8, 1, 30),
(499, 1, 61, 9, 0, 0),
(500, 1, 61, 10, 0, 0),
(501, 1, 61, 11, 0, 0),
(502, 1, 61, 12, 0, 0),
(503, 1, 61, 13, 0, 0),
(504, 1, 61, 14, 0, 0),
(505, 1, 63, 1, 1, 12),
(506, 1, 63, 2, 1, 16),
(507, 1, 63, 3, 1, 18),
(508, 1, 63, 4, 1, 16),
(509, 1, 63, 5, 1, 18),
(510, 1, 63, 6, 1, 19),
(511, 1, 63, 7, 1, 21),
(512, 1, 63, 8, 1, 12),
(513, 1, 63, 9, 0, 0),
(514, 1, 63, 10, 0, 0),
(515, 1, 63, 11, 0, 0),
(516, 1, 63, 12, 0, 0),
(517, 1, 63, 13, 0, 0),
(518, 1, 63, 14, 0, 0),
(519, 1, 64, 1, 1, 5),
(520, 1, 64, 2, 1, 17),
(521, 1, 64, 3, 1, 17),
(522, 1, 64, 4, 1, 21),
(523, 1, 64, 5, 1, 26),
(524, 1, 64, 6, 1, 18),
(525, 1, 64, 7, 1, 17),
(526, 1, 64, 8, 1, 8),
(527, 1, 64, 9, 0, 0),
(528, 1, 64, 10, 0, 0),
(529, 1, 64, 11, 0, 0),
(530, 1, 64, 12, 0, 0),
(531, 1, 64, 13, 0, 0),
(532, 1, 64, 14, 0, 0),
(533, 1, 65, 1, 0, 0),
(534, 1, 65, 2, 0, 0),
(535, 1, 65, 3, 0, 0),
(536, 1, 65, 4, 1, 18),
(537, 1, 65, 5, 1, 22),
(538, 1, 65, 6, 1, 19),
(539, 1, 65, 7, 1, 21),
(540, 1, 65, 8, 1, 20),
(541, 1, 65, 9, 1, 30),
(542, 1, 65, 10, 1, 28),
(543, 1, 65, 11, 1, 31),
(544, 1, 65, 12, 1, 29),
(545, 1, 65, 13, 1, 28),
(546, 1, 65, 14, 1, 27),
(547, 1, 66, 1, 0, 0),
(548, 1, 66, 2, 0, 0),
(549, 1, 66, 3, 0, 0),
(550, 1, 66, 4, 1, 25),
(551, 1, 66, 5, 1, 30),
(552, 1, 66, 6, 1, 26),
(553, 1, 66, 7, 1, 30),
(554, 1, 66, 8, 1, 14),
(555, 1, 66, 9, 0, 0),
(556, 1, 66, 10, 0, 0),
(557, 1, 66, 11, 0, 0),
(558, 1, 66, 12, 0, 0),
(559, 1, 66, 13, 0, 0),
(560, 1, 66, 14, 0, 0),
(561, 1, 67, 1, 5, 70),
(562, 1, 67, 2, 5, 70),
(563, 1, 67, 3, 3, 45),
(564, 1, 67, 4, 0, 0),
(565, 1, 67, 5, 0, 0),
(566, 1, 67, 6, 0, 0),
(567, 1, 67, 7, 0, 0),
(568, 1, 67, 8, 0, 0),
(569, 1, 67, 9, 0, 0),
(570, 1, 67, 10, 0, 0),
(571, 1, 67, 11, 0, 0),
(572, 1, 67, 12, 0, 0),
(573, 1, 67, 13, 0, 0),
(574, 1, 67, 14, 0, 0),
(575, 1, 69, 1, 0, 0),
(576, 1, 69, 2, 1, 20),
(577, 1, 69, 3, 1, 20),
(578, 1, 69, 4, 1, 30),
(579, 1, 69, 5, 1, 32),
(580, 1, 69, 6, 1, 36),
(581, 1, 69, 7, 1, 35),
(582, 1, 69, 8, 1, 28),
(583, 1, 69, 9, 0, 0),
(584, 1, 69, 10, 0, 0),
(585, 1, 69, 11, 0, 0),
(586, 1, 69, 12, 0, 0),
(587, 1, 69, 13, 0, 0),
(588, 1, 69, 14, 0, 0),
(589, 1, 68, 1, 0, 0),
(590, 1, 68, 2, 2, 35),
(591, 1, 68, 3, 3, 74),
(592, 1, 68, 4, 3, 117),
(593, 1, 68, 5, 3, 111),
(594, 1, 68, 6, 4, 144),
(595, 1, 68, 7, 4, 148),
(596, 1, 68, 8, 4, 150),
(597, 1, 68, 9, 5, 196),
(598, 1, 68, 10, 5, 200),
(599, 1, 68, 11, 5, 198),
(600, 1, 68, 12, 5, 200),
(601, 1, 68, 13, 5, 187),
(602, 1, 68, 14, 6, 226),
(603, 1, 70, 1, 0, 0),
(604, 1, 70, 2, 1, 12),
(605, 1, 70, 3, 1, 21),
(606, 1, 70, 4, 2, 45),
(607, 1, 70, 5, 2, 36),
(608, 1, 70, 6, 2, 35),
(609, 1, 70, 7, 2, 34),
(610, 1, 70, 8, 2, 35),
(611, 1, 70, 9, 2, 40),
(612, 1, 70, 10, 2, 48),
(613, 1, 70, 11, 2, 53),
(614, 1, 70, 12, 2, 66),
(615, 1, 70, 13, 2, 48),
(616, 1, 70, 14, 3, 70),
(617, 1, 72, 1, 1, 5),
(618, 1, 72, 2, 1, 6),
(619, 1, 72, 3, 1, 10),
(620, 1, 72, 4, 1, 18),
(621, 1, 72, 5, 1, 29),
(622, 1, 72, 6, 1, 36),
(623, 1, 72, 7, 2, 40),
(624, 1, 72, 8, 2, 49),
(625, 1, 72, 9, 2, 52),
(626, 1, 72, 10, 2, 42),
(627, 1, 72, 11, 2, 65),
(628, 1, 72, 12, 2, 65),
(629, 1, 72, 13, 2, 54),
(630, 1, 72, 14, 2, 63),
(631, 1, 71, 1, 0, 0),
(632, 1, 71, 2, 0, 0),
(633, 1, 71, 3, 2, 60),
(634, 1, 71, 4, 4, 160),
(635, 1, 71, 5, 4, 160),
(636, 1, 71, 6, 4, 160),
(637, 1, 71, 7, 4, 160),
(638, 1, 71, 8, 2, 60),
(639, 1, 71, 9, 2, 60),
(640, 1, 71, 10, 2, 60),
(641, 1, 71, 11, 4, 120),
(642, 1, 71, 12, 3, 90),
(643, 1, 71, 13, 4, 120),
(644, 1, 71, 14, 4, 120),
(645, 1, 73, 1, 1, 4),
(646, 1, 73, 2, 1, 19),
(647, 1, 73, 3, 1, 21),
(648, 1, 73, 4, 2, 45),
(649, 1, 73, 5, 1, 44),
(650, 1, 73, 6, 1, 28),
(651, 1, 73, 7, 2, 51),
(652, 1, 73, 8, 1, 29),
(653, 1, 73, 9, 2, 43),
(654, 1, 73, 10, 2, 30),
(655, 1, 73, 11, 1, 28),
(656, 1, 73, 12, 1, 20),
(657, 1, 73, 13, 1, 27),
(658, 1, 73, 14, 1, 23),
(659, 1, 74, 1, 0, 0),
(660, 1, 74, 2, 0, 0),
(661, 1, 74, 3, 1, 20),
(662, 1, 74, 4, 2, 52),
(663, 1, 74, 5, 2, 50),
(664, 1, 74, 6, 1, 28),
(665, 1, 74, 7, 1, 36),
(666, 1, 74, 8, 1, 24),
(667, 1, 74, 9, 2, 35),
(668, 1, 74, 10, 2, 40),
(669, 1, 74, 11, 2, 38),
(670, 1, 74, 12, 2, 40),
(671, 1, 74, 13, 3, 70),
(672, 1, 74, 14, 3, 80),
(673, 1, 75, 1, 0, 0),
(674, 1, 75, 2, 0, 0),
(675, 1, 75, 3, 1, 27),
(676, 1, 75, 4, 2, 46),
(677, 1, 75, 5, 2, 55),
(678, 1, 75, 6, 2, 53),
(679, 1, 75, 7, 2, 29),
(680, 1, 75, 8, 1, 33),
(681, 1, 75, 9, 0, 0),
(682, 1, 75, 10, 0, 0),
(683, 1, 75, 11, 0, 0),
(684, 1, 75, 12, 0, 0),
(685, 1, 75, 13, 0, 0),
(686, 1, 75, 14, 0, 0),
(687, 1, 77, 1, 1, 17),
(688, 1, 77, 2, 2, 40),
(689, 1, 77, 3, 2, 60),
(690, 1, 77, 4, 2, 70),
(691, 1, 77, 5, 2, 69),
(692, 1, 77, 6, 2, 71),
(693, 1, 77, 7, 2, 78),
(694, 1, 77, 8, 2, 76),
(695, 1, 77, 9, 2, 77),
(696, 1, 77, 10, 2, 70),
(697, 1, 77, 11, 2, 60),
(698, 1, 77, 12, 2, 50),
(699, 1, 77, 13, 1, 40),
(700, 1, 77, 14, 1, 42),
(701, 1, 78, 1, 1, 15),
(702, 1, 78, 2, 1, 20),
(703, 1, 78, 3, 1, 30),
(704, 1, 78, 4, 1, 30),
(705, 1, 78, 5, 1, 32),
(706, 1, 78, 6, 1, 30),
(707, 1, 78, 7, 1, 33),
(708, 1, 78, 8, 1, 25),
(709, 1, 78, 9, 1, 28),
(710, 1, 78, 10, 1, 30),
(711, 1, 78, 11, 1, 29),
(712, 1, 78, 12, 1, 30),
(713, 1, 78, 13, 1, 30),
(714, 1, 78, 14, 1, 28),
(715, 1, 79, 1, 1, 8),
(716, 1, 79, 2, 1, 10),
(717, 1, 79, 3, 1, 20),
(718, 1, 79, 4, 1, 24),
(719, 1, 79, 5, 2, 26),
(720, 1, 79, 6, 2, 37),
(721, 1, 79, 7, 2, 50),
(722, 1, 79, 8, 1, 38),
(723, 1, 79, 9, 1, 26),
(724, 1, 79, 10, 2, 55),
(725, 1, 79, 11, 1, 30),
(726, 1, 79, 12, 2, 42),
(727, 1, 79, 13, 2, 56),
(728, 1, 79, 14, 2, 68),
(729, 1, 80, 1, 1, 4),
(730, 1, 80, 2, 1, 6),
(731, 1, 80, 3, 1, 14),
(732, 1, 80, 4, 1, 25),
(733, 1, 80, 5, 1, 27),
(734, 1, 80, 6, 1, 26),
(735, 1, 80, 7, 1, 32),
(736, 1, 80, 8, 1, 32),
(737, 1, 80, 9, 1, 31),
(738, 1, 80, 10, 1, 36),
(739, 1, 80, 11, 1, 34),
(740, 1, 80, 12, 1, 35),
(741, 1, 80, 13, 1, 34),
(742, 1, 80, 14, 38, 0),
(743, 1, 81, 1, 0, 0),
(744, 1, 81, 2, 1, 5),
(745, 1, 81, 3, 1, 12),
(746, 1, 81, 4, 1, 15),
(747, 1, 81, 5, 1, 16),
(748, 1, 81, 6, 1, 22),
(749, 1, 81, 7, 1, 20),
(750, 1, 81, 8, 1, 19),
(751, 1, 81, 9, 1, 22),
(752, 1, 81, 10, 1, 18),
(753, 1, 81, 11, 1, 14),
(754, 1, 81, 12, 1, 13),
(755, 1, 81, 13, 1, 18),
(756, 1, 81, 14, 1, 12),
(757, 1, 82, 1, 0, 0),
(758, 1, 82, 2, 1, 14),
(759, 1, 82, 3, 1, 20),
(760, 1, 82, 4, 1, 29),
(761, 1, 82, 5, 1, 28),
(762, 1, 82, 6, 1, 32),
(763, 1, 82, 7, 1, 30),
(764, 1, 82, 8, 1, 34),
(765, 1, 82, 9, 2, 40),
(766, 1, 82, 10, 2, 43),
(767, 1, 82, 11, 2, 53),
(768, 1, 82, 12, 2, 50),
(769, 1, 82, 13, 2, 50),
(770, 1, 82, 14, 1, 40),
(771, 1, 83, 1, 0, 0),
(772, 1, 83, 2, 1, 4),
(773, 1, 83, 3, 1, 22),
(774, 1, 83, 4, 1, 32),
(775, 1, 83, 5, 1, 37),
(776, 1, 83, 6, 1, 35),
(777, 1, 83, 7, 1, 32),
(778, 1, 83, 8, 2, 50),
(779, 1, 83, 9, 2, 49),
(780, 1, 83, 10, 2, 60),
(781, 1, 83, 11, 2, 70),
(782, 1, 83, 12, 2, 68),
(783, 1, 83, 13, 2, 60),
(784, 1, 83, 14, 2, 60),
(785, 1, 84, 1, 1, 23),
(786, 1, 84, 2, 2, 33),
(787, 1, 84, 3, 2, 40),
(788, 1, 84, 4, 0, 0),
(789, 1, 84, 5, 0, 0),
(790, 1, 84, 6, 0, 0),
(791, 1, 84, 7, 0, 0),
(792, 1, 84, 8, 0, 0),
(793, 1, 84, 9, 0, 0),
(794, 1, 84, 10, 0, 0),
(795, 1, 84, 11, 0, 0),
(796, 1, 84, 12, 0, 0),
(797, 1, 84, 13, 0, 0),
(798, 1, 84, 14, 0, 0),
(799, 1, 85, 1, 0, 0),
(800, 1, 85, 2, 0, 0),
(801, 1, 85, 3, 1, 25),
(802, 1, 85, 4, 2, 60),
(803, 1, 85, 5, 2, 58),
(804, 1, 85, 6, 2, 60),
(805, 1, 85, 7, 2, 65),
(806, 1, 85, 8, 2, 56),
(807, 1, 85, 9, 2, 60),
(808, 1, 85, 10, 2, 70),
(809, 1, 85, 11, 2, 70),
(810, 1, 85, 12, 2, 64),
(811, 1, 85, 13, 2, 60),
(812, 1, 85, 14, 2, 70),
(813, 1, 86, 1, 0, 0),
(814, 1, 86, 2, 0, 0),
(815, 1, 86, 3, 1, 20),
(816, 1, 86, 4, 1, 25),
(817, 1, 86, 5, 2, 42),
(818, 1, 86, 6, 1, 28),
(819, 1, 86, 7, 1, 35),
(820, 1, 86, 8, 1, 24),
(821, 1, 86, 9, 0, 0),
(822, 1, 86, 10, 0, 0),
(823, 1, 86, 11, 0, 0),
(824, 1, 86, 12, 0, 0),
(825, 1, 86, 13, 0, 0),
(826, 1, 86, 14, 0, 0),
(827, 1, 87, 1, 0, 0),
(828, 1, 87, 2, 0, 0),
(829, 1, 87, 3, 1, 25),
(830, 1, 87, 4, 1, 28),
(831, 1, 87, 5, 1, 27),
(832, 1, 87, 6, 1, 25),
(833, 1, 87, 7, 1, 25),
(834, 1, 87, 8, 1, 25),
(835, 1, 87, 9, 0, 0),
(836, 1, 87, 10, 0, 0),
(837, 1, 87, 11, 0, 0),
(838, 1, 87, 12, 0, 0),
(839, 1, 87, 13, 0, 0),
(840, 1, 87, 14, 0, 0),
(841, 1, 88, 1, 1, 15),
(842, 1, 88, 2, 2, 29),
(843, 1, 88, 3, 2, 31),
(844, 1, 88, 4, 2, 43),
(845, 1, 88, 5, 2, 38),
(846, 1, 88, 6, 2, 49),
(847, 1, 88, 7, 2, 45),
(848, 1, 88, 8, 2, 40),
(849, 1, 88, 9, 0, 0),
(850, 1, 88, 10, 0, 0),
(851, 1, 88, 11, 0, 0),
(852, 1, 88, 12, 0, 0),
(853, 1, 88, 13, 0, 0),
(854, 1, 88, 14, 0, 0),
(855, 1, 89, 1, 1, 10),
(856, 1, 89, 2, 1, 26),
(857, 1, 89, 3, 2, 49),
(858, 1, 89, 4, 1, 15),
(859, 1, 89, 5, 1, 20),
(860, 1, 89, 6, 1, 24),
(861, 1, 89, 7, 1, 22),
(862, 1, 89, 8, 1, 25),
(863, 1, 89, 9, 0, 0),
(864, 1, 89, 10, 0, 0),
(865, 1, 89, 11, 0, 0),
(866, 1, 89, 12, 0, 0),
(867, 1, 89, 13, 0, 0),
(868, 1, 89, 14, 0, 0),
(869, 1, 90, 1, 0, 0),
(870, 1, 90, 2, 2, 33),
(871, 1, 90, 3, 5, 145),
(872, 1, 90, 4, 9, 230),
(873, 1, 90, 5, 7, 196),
(874, 1, 90, 6, 7, 210),
(875, 1, 90, 7, 7, 219),
(876, 1, 90, 8, 7, 215),
(877, 1, 90, 9, 7, 246),
(878, 1, 90, 10, 7, 235),
(879, 1, 90, 11, 7, 242),
(880, 1, 90, 12, 6, 184),
(881, 1, 90, 13, 5, 179),
(882, 1, 90, 14, 5, 161),
(883, 1, 91, 1, 0, 0),
(884, 1, 91, 2, 2, 48),
(885, 1, 91, 3, 2, 50),
(886, 1, 91, 4, 3, 76),
(887, 1, 91, 5, 3, 75),
(888, 1, 91, 6, 3, 88),
(889, 1, 91, 7, 2, 74),
(890, 1, 91, 8, 2, 67),
(891, 1, 91, 9, 3, 91),
(892, 1, 91, 10, 3, 93),
(893, 1, 91, 11, 2, 64),
(894, 1, 91, 12, 3, 87),
(895, 1, 91, 13, 2, 65),
(896, 1, 91, 14, 2, 60),
(897, 1, 92, 1, 1, 15),
(898, 1, 92, 2, 1, 20),
(899, 1, 92, 3, 1, 22),
(900, 1, 92, 4, 1, 27),
(901, 1, 92, 5, 1, 26),
(902, 1, 92, 6, 1, 27),
(903, 1, 92, 7, 1, 24),
(904, 1, 92, 8, 1, 23),
(905, 1, 92, 9, 0, 0),
(906, 1, 92, 10, 0, 0),
(907, 1, 92, 11, 0, 0),
(908, 1, 92, 12, 0, 0),
(909, 1, 92, 13, 0, 0),
(910, 1, 92, 14, 0, 0),
(911, 1, 93, 1, 0, 0),
(912, 1, 93, 2, 3, 75),
(913, 1, 93, 3, 3, 75),
(914, 1, 93, 4, 4, 135),
(915, 1, 93, 5, 4, 132),
(916, 1, 93, 6, 4, 142),
(917, 1, 93, 7, 4, 138),
(918, 1, 93, 8, 4, 138),
(919, 1, 93, 9, 4, 146),
(920, 1, 93, 10, 4, 147),
(921, 1, 93, 11, 4, 148),
(922, 1, 93, 12, 4, 151),
(923, 1, 93, 13, 4, 148),
(924, 1, 93, 14, 4, 146),
(925, 1, 94, 1, 1, 20),
(926, 1, 94, 2, 1, 25),
(927, 1, 94, 3, 1, 22),
(928, 1, 94, 4, 1, 20),
(929, 1, 94, 5, 1, 22),
(930, 1, 94, 6, 1, 23),
(931, 1, 94, 7, 1, 24),
(932, 1, 94, 8, 1, 22),
(933, 1, 94, 9, 0, 0),
(934, 1, 94, 10, 0, 0),
(935, 1, 94, 11, 0, 0),
(936, 1, 94, 12, 0, 0),
(937, 1, 94, 13, 0, 0),
(938, 1, 94, 14, 0, 0),
(939, 1, 95, 1, 1, 25),
(940, 1, 95, 2, 1, 20),
(941, 1, 95, 3, 1, 28),
(942, 1, 95, 4, 1, 30),
(943, 1, 95, 5, 1, 32),
(944, 1, 95, 6, 2, 63),
(945, 1, 95, 7, 1, 27),
(946, 1, 95, 8, 1, 26),
(947, 1, 95, 9, 0, 0),
(948, 1, 95, 10, 0, 0),
(949, 1, 95, 11, 0, 0),
(950, 1, 95, 12, 0, 0),
(951, 1, 95, 13, 0, 0),
(952, 1, 95, 14, 0, 0),
(953, 1, 96, 1, 1, 12),
(954, 1, 96, 2, 1, 13),
(955, 1, 96, 3, 1, 15),
(956, 1, 96, 4, 1, 15),
(957, 1, 96, 5, 1, 18),
(958, 1, 96, 6, 1, 20),
(959, 1, 96, 7, 1, 17),
(960, 1, 96, 8, 1, 20),
(961, 1, 96, 9, 0, 0),
(962, 1, 96, 10, 0, 0),
(963, 1, 96, 11, 0, 0),
(964, 1, 96, 12, 0, 0),
(965, 1, 96, 13, 0, 0),
(966, 1, 96, 14, 0, 0),
(967, 1, 97, 1, 1, 15),
(968, 1, 97, 2, 2, 35),
(969, 1, 97, 3, 2, 40),
(970, 1, 97, 4, 2, 50),
(971, 1, 97, 5, 2, 66),
(972, 1, 97, 6, 2, 70),
(973, 1, 97, 7, 2, 68),
(974, 1, 97, 8, 2, 100),
(975, 1, 97, 9, 2, 60),
(976, 1, 97, 10, 2, 60),
(977, 1, 97, 11, 2, 75),
(978, 1, 97, 12, 2, 65),
(979, 1, 97, 13, 1, 40),
(980, 1, 97, 14, 1, 30),
(981, 1, 98, 1, 0, 0),
(982, 1, 98, 2, 1, 10),
(983, 1, 98, 3, 1, 20),
(984, 1, 98, 4, 1, 27),
(985, 1, 98, 5, 1, 20),
(986, 1, 98, 6, 2, 40),
(987, 1, 98, 7, 2, 48),
(988, 1, 98, 8, 1, 25),
(989, 1, 98, 9, 1, 26),
(990, 1, 98, 10, 2, 50),
(991, 1, 98, 11, 2, 56),
(992, 1, 98, 12, 2, 59),
(993, 1, 98, 13, 2, 60),
(994, 1, 98, 14, 2, 60),
(995, 1, 99, 1, 0, 0),
(996, 1, 99, 2, 1, 15),
(997, 1, 99, 3, 1, 20),
(998, 1, 99, 4, 1, 20),
(999, 1, 99, 5, 1, 29),
(1000, 1, 99, 6, 1, 28),
(1001, 1, 99, 7, 1, 32),
(1002, 1, 99, 8, 1, 30),
(1003, 1, 99, 9, 1, 30),
(1004, 1, 99, 10, 1, 35),
(1005, 1, 99, 11, 1, 38),
(1006, 1, 99, 12, 1, 40),
(1007, 1, 99, 13, 1, 39),
(1008, 1, 99, 14, 1, 35),
(1009, 1, 100, 1, 1, 15),
(1010, 1, 100, 2, 1, 25),
(1011, 1, 100, 3, 1, 33),
(1012, 1, 100, 4, 2, 65),
(1013, 1, 100, 5, 2, 63),
(1014, 1, 100, 6, 2, 60),
(1015, 1, 100, 7, 2, 64),
(1016, 1, 100, 8, 2, 53),
(1017, 1, 100, 9, 2, 60),
(1018, 1, 100, 10, 1, 36),
(1019, 1, 100, 11, 1, 28),
(1020, 1, 100, 12, 1, 27),
(1021, 1, 100, 13, 1, 18),
(1022, 1, 100, 14, 1, 8),
(1023, 1, 101, 1, 0, 0),
(1024, 1, 101, 2, 1, 15),
(1025, 1, 101, 3, 1, 20),
(1026, 1, 101, 4, 1, 22),
(1027, 1, 101, 5, 1, 28),
(1028, 1, 101, 6, 1, 33),
(1029, 1, 101, 7, 1, 29),
(1030, 1, 101, 8, 1, 30),
(1031, 1, 101, 9, 0, 0),
(1032, 1, 101, 10, 0, 0),
(1033, 1, 101, 11, 0, 0),
(1034, 1, 101, 12, 0, 0),
(1035, 1, 101, 13, 0, 0),
(1036, 1, 101, 14, 0, 0),
(1037, 1, 103, 1, 0, 0),
(1038, 1, 103, 2, 0, 0),
(1039, 1, 103, 3, 1, 15),
(1040, 1, 103, 4, 1, 22),
(1041, 1, 103, 5, 1, 25),
(1042, 1, 103, 6, 1, 20),
(1043, 1, 103, 7, 11, 21),
(1044, 1, 103, 8, 1, 27),
(1045, 1, 103, 9, 0, 0),
(1046, 1, 103, 10, 0, 0),
(1047, 1, 103, 11, 0, 0),
(1048, 1, 103, 12, 0, 0),
(1049, 1, 103, 13, 0, 0),
(1050, 1, 103, 14, 0, 0),
(1051, 1, 105, 1, 0, 0),
(1052, 1, 105, 2, 1, 10),
(1053, 1, 105, 3, 1, 19),
(1054, 1, 105, 4, 2, 40),
(1055, 1, 105, 5, 2, 44),
(1056, 1, 105, 6, 2, 50),
(1057, 1, 105, 7, 2, 46),
(1058, 1, 105, 8, 2, 49),
(1059, 1, 105, 9, 2, 52),
(1060, 1, 105, 10, 2, 74),
(1061, 1, 105, 11, 2, 90),
(1062, 1, 105, 12, 3, 114),
(1063, 1, 105, 13, 3, 107),
(1064, 1, 105, 14, 4, 151),
(1065, 1, 106, 1, 1, 13),
(1066, 1, 106, 2, 1, 28),
(1067, 1, 106, 3, 2, 48),
(1068, 1, 106, 4, 2, 68),
(1069, 1, 106, 5, 3, 88),
(1070, 1, 106, 6, 2, 61),
(1071, 1, 106, 7, 3, 83),
(1072, 1, 106, 8, 2, 48),
(1073, 1, 106, 9, 2, 67),
(1074, 1, 106, 10, 2, 68),
(1075, 1, 106, 11, 2, 61),
(1076, 1, 106, 12, 2, 49),
(1077, 1, 106, 13, 2, 40),
(1078, 1, 106, 14, 2, 41),
(1079, 1, 107, 1, 0, 0),
(1080, 1, 107, 2, 1, 6),
(1081, 1, 107, 3, 1, 8),
(1082, 1, 107, 4, 1, 16),
(1083, 1, 107, 5, 1, 14),
(1084, 1, 107, 6, 1, 22),
(1085, 1, 107, 7, 1, 20),
(1086, 1, 107, 8, 1, 19),
(1087, 1, 107, 9, 0, 0),
(1088, 1, 107, 10, 0, 0),
(1089, 1, 107, 11, 0, 0),
(1090, 1, 107, 12, 0, 0),
(1091, 1, 107, 13, 0, 0),
(1092, 1, 107, 14, 0, 0),
(1093, 1, 108, 1, 1, 3),
(1094, 1, 108, 2, 1, 5),
(1095, 1, 108, 3, 1, 7),
(1096, 1, 108, 4, 1, 11),
(1097, 1, 108, 5, 1, 17),
(1098, 1, 108, 6, 2, 20),
(1099, 1, 108, 7, 1, 18),
(1100, 1, 108, 8, 2, 35),
(1101, 1, 108, 9, 2, 31),
(1102, 1, 108, 10, 2, 33),
(1103, 1, 108, 11, 2, 34),
(1104, 1, 108, 12, 2, 29),
(1105, 1, 108, 13, 2, 34),
(1106, 1, 108, 14, 2, 40),
(1107, 1, 109, 1, 0, 0),
(1108, 1, 109, 2, 0, 0),
(1109, 1, 109, 3, 1, 17),
(1110, 1, 109, 4, 2, 42),
(1111, 1, 109, 5, 2, 49),
(1112, 1, 109, 6, 2, 55),
(1113, 1, 109, 7, 2, 68),
(1114, 1, 109, 8, 2, 66),
(1115, 1, 109, 9, 2, 70),
(1116, 1, 109, 10, 2, 82),
(1117, 1, 109, 11, 2, 71),
(1118, 1, 109, 12, 2, 71),
(1119, 1, 109, 13, 2, 54),
(1120, 1, 109, 14, 2, 68),
(1121, 1, 110, 1, 0, 0),
(1122, 1, 110, 2, 0, 0),
(1123, 1, 110, 3, 1, 9),
(1124, 1, 110, 4, 1, 15),
(1125, 1, 110, 5, 1, 16),
(1126, 1, 110, 6, 1, 15),
(1127, 1, 110, 7, 1, 9),
(1128, 1, 110, 8, 1, 12),
(1129, 1, 110, 9, 1, 18),
(1130, 1, 110, 10, 1, 14),
(1131, 1, 110, 11, 1, 14),
(1132, 1, 110, 12, 1, 16),
(1133, 1, 110, 13, 1, 16),
(1134, 1, 110, 14, 1, 22),
(1135, 1, 111, 1, 1, 8),
(1136, 1, 111, 2, 1, 8),
(1137, 1, 111, 3, 1, 20),
(1138, 1, 111, 4, 1, 28),
(1139, 1, 111, 5, 1, 24),
(1140, 1, 111, 6, 1, 33),
(1141, 1, 111, 7, 1, 28),
(1142, 1, 111, 8, 2, 50),
(1143, 1, 111, 9, 2, 50),
(1144, 1, 111, 10, 2, 50),
(1145, 1, 111, 11, 2, 49),
(1146, 1, 111, 12, 2, 51),
(1147, 1, 111, 13, 1, 30),
(1148, 1, 111, 14, 1, 35),
(1149, 1, 112, 1, 1, 6),
(1150, 1, 112, 2, 1, 28),
(1151, 1, 112, 3, 2, 55),
(1152, 1, 112, 4, 2, 45),
(1153, 1, 112, 5, 2, 28),
(1154, 1, 112, 6, 2, 66),
(1155, 1, 112, 7, 2, 46),
(1156, 1, 112, 8, 2, 45),
(1157, 1, 112, 9, 1, 30),
(1158, 1, 112, 10, 1, 19),
(1159, 1, 112, 11, 1, 20),
(1160, 1, 112, 12, 1, 24),
(1161, 1, 112, 13, 1, 20),
(1162, 1, 112, 14, 1, 18),
(1163, 1, 115, 1, 1, 24),
(1164, 1, 115, 2, 2, 32),
(1165, 1, 115, 3, 1, 26),
(1166, 1, 115, 4, 2, 40),
(1167, 1, 115, 5, 2, 36),
(1168, 1, 115, 6, 2, 51),
(1169, 1, 115, 7, 2, 50),
(1170, 1, 115, 8, 2, 58),
(1171, 1, 115, 9, 4, 114),
(1172, 1, 115, 10, 4, 105),
(1173, 1, 115, 11, 3, 97),
(1174, 1, 115, 12, 3, 104),
(1175, 1, 115, 13, 2, 87),
(1176, 1, 115, 14, 2, 78),
(1177, 1, 114, 1, 0, 0),
(1178, 1, 114, 2, 1, 16),
(1179, 1, 114, 3, 1, 15),
(1180, 1, 114, 4, 2, 41),
(1181, 1, 114, 5, 2, 37),
(1182, 1, 114, 6, 2, 39),
(1183, 1, 114, 7, 2, 40),
(1184, 1, 114, 8, 2, 42),
(1185, 1, 114, 9, 2, 47),
(1186, 1, 114, 10, 2, 43),
(1187, 1, 114, 11, 2, 46),
(1188, 1, 114, 12, 2, 42),
(1189, 1, 114, 13, 2, 39),
(1190, 1, 114, 14, 2, 40),
(1191, 1, 116, 1, 0, 0),
(1192, 1, 116, 2, 0, 0),
(1193, 1, 116, 3, 0, 0),
(1194, 1, 116, 4, 1, 26),
(1195, 1, 116, 5, 1, 22),
(1196, 1, 116, 6, 1, 19),
(1197, 1, 116, 7, 1, 24),
(1198, 1, 116, 8, 1, 19),
(1199, 1, 116, 9, 1, 33),
(1200, 1, 116, 10, 1, 29),
(1201, 1, 116, 11, 1, 32),
(1202, 1, 116, 12, 1, 33),
(1203, 1, 116, 13, 1, 33),
(1204, 1, 116, 14, 1, 33),
(1205, 1, 117, 1, 1, 8),
(1206, 1, 117, 2, 1, 10),
(1207, 1, 117, 3, 1, 13),
(1208, 1, 117, 4, 2, 35),
(1209, 1, 117, 5, 2, 36),
(1210, 1, 117, 6, 2, 39),
(1211, 1, 117, 7, 2, 45),
(1212, 1, 117, 8, 2, 39),
(1213, 1, 117, 9, 2, 40),
(1214, 1, 117, 10, 2, 43),
(1215, 1, 117, 11, 2, 39),
(1216, 1, 117, 12, 1, 30),
(1217, 1, 117, 13, 1, 19),
(1218, 1, 117, 14, 1, 18),
(1219, 1, 118, 1, 0, 0),
(1220, 1, 118, 2, 0, 0),
(1221, 1, 118, 3, 0, 0),
(1222, 1, 118, 4, 1, 20),
(1223, 1, 118, 5, 1, 20),
(1224, 1, 118, 6, 1, 20),
(1225, 1, 118, 7, 1, 17),
(1226, 1, 118, 8, 1, 18),
(1227, 1, 118, 9, 1, 24),
(1228, 1, 118, 10, 1, 22),
(1229, 1, 118, 11, 1, 25),
(1230, 1, 118, 12, 1, 20),
(1231, 1, 118, 13, 1, 25),
(1232, 1, 118, 14, 1, 24),
(1233, 1, 122, 1, 0, 0),
(1234, 1, 122, 2, 2, 42),
(1235, 1, 122, 3, 2, 43),
(1236, 1, 122, 4, 3, 78),
(1237, 1, 122, 5, 3, 82),
(1238, 1, 122, 6, 3, 76),
(1239, 1, 122, 7, 3, 81),
(1240, 1, 122, 8, 3, 80),
(1241, 1, 122, 9, 0, 0),
(1242, 1, 122, 10, 0, 0),
(1243, 1, 122, 11, 0, 0),
(1244, 1, 122, 12, 0, 0),
(1245, 1, 122, 13, 0, 0),
(1246, 1, 122, 14, 0, 0),
(1247, 1, 126, 1, 0, 0),
(1248, 1, 126, 2, 1, 15),
(1249, 1, 126, 3, 1, 16),
(1250, 1, 126, 4, 2, 34),
(1251, 1, 126, 5, 2, 41),
(1252, 1, 126, 6, 2, 39),
(1253, 1, 126, 7, 2, 42),
(1254, 1, 126, 8, 2, 38),
(1255, 1, 126, 9, 0, 0),
(1256, 1, 126, 10, 0, 0),
(1257, 1, 126, 11, 0, 0),
(1258, 1, 126, 12, 0, 0),
(1259, 1, 126, 13, 0, 0),
(1260, 1, 126, 14, 0, 0),
(1261, 1, 134, 1, 0, 0),
(1262, 1, 134, 2, 0, 0),
(1263, 1, 134, 3, 2, 37),
(1264, 1, 134, 4, 3, 97),
(1265, 1, 134, 5, 3, 87),
(1266, 1, 134, 6, 4, 102),
(1267, 1, 134, 7, 3, 86),
(1268, 1, 134, 8, 5, 146),
(1269, 1, 134, 9, 0, 0),
(1270, 1, 134, 10, 0, 0),
(1271, 1, 134, 11, 0, 0),
(1272, 1, 134, 12, 0, 0),
(1273, 1, 134, 13, 0, 0),
(1274, 1, 134, 14, 0, 0),
(1275, 1, 128, 1, 0, 0),
(1276, 1, 128, 2, 1, 20),
(1277, 1, 128, 3, 1, 26),
(1278, 1, 128, 4, 1, 25),
(1279, 1, 128, 5, 2, 45),
(1280, 1, 128, 6, 1, 25),
(1281, 1, 128, 7, 1, 41),
(1282, 1, 128, 8, 2, 50),
(1283, 1, 128, 9, 3, 80),
(1284, 1, 128, 10, 3, 90),
(1285, 1, 128, 11, 3, 90),
(1286, 1, 128, 12, 3, 70),
(1287, 1, 128, 13, 2, 55),
(1288, 1, 128, 14, 1, 35),
(1289, 1, 133, 1, 0, 0),
(1290, 1, 133, 2, 0, 0),
(1291, 1, 133, 3, 1, 15),
(1292, 1, 133, 4, 2, 38),
(1293, 1, 133, 5, 2, 40),
(1294, 1, 133, 6, 2, 45),
(1295, 1, 133, 7, 2, 43),
(1296, 1, 133, 8, 2, 40),
(1297, 1, 133, 9, 2, 42),
(1298, 1, 133, 10, 2, 41),
(1299, 1, 133, 11, 2, 40),
(1300, 1, 133, 12, 2, 40),
(1301, 1, 133, 13, 2, 43),
(1302, 1, 133, 14, 2, 40),
(1303, 1, 139, 1, 0, 0),
(1304, 1, 139, 2, 1, 13),
(1305, 1, 139, 3, 1, 21),
(1306, 1, 139, 4, 2, 52),
(1307, 1, 139, 5, 2, 56),
(1308, 1, 139, 6, 2, 54),
(1309, 1, 139, 7, 2, 50),
(1310, 1, 139, 8, 2, 53),
(1311, 1, 139, 9, 2, 60),
(1312, 1, 139, 10, 2, 58),
(1313, 1, 139, 11, 2, 55),
(1314, 1, 139, 12, 2, 60),
(1315, 1, 139, 13, 2, 56),
(1316, 1, 139, 14, 2, 55),
(1317, 1, 141, 1, 1, 10),
(1318, 1, 141, 2, 1, 12),
(1319, 1, 141, 3, 1, 14),
(1320, 1, 141, 4, 0, 0),
(1321, 1, 141, 5, 0, 0),
(1322, 1, 141, 6, 0, 0),
(1323, 1, 141, 7, 0, 0),
(1324, 1, 141, 8, 0, 0),
(1325, 1, 141, 9, 0, 0),
(1326, 1, 141, 10, 0, 0),
(1327, 1, 141, 11, 0, 0),
(1328, 1, 141, 12, 0, 0),
(1329, 1, 141, 13, 0, 0),
(1330, 1, 141, 14, 0, 0),
(1331, 1, 140, 1, 0, 0),
(1332, 1, 140, 2, 2, 30),
(1333, 1, 140, 3, 1, 20),
(1334, 1, 140, 4, 2, 40),
(1335, 1, 140, 5, 2, 45),
(1336, 1, 140, 6, 2, 44),
(1337, 1, 140, 7, 2, 42),
(1338, 1, 140, 8, 2, 50),
(1339, 1, 140, 9, 2, 60),
(1340, 1, 140, 10, 2, 56),
(1341, 1, 140, 11, 2, 58),
(1342, 1, 140, 12, 2, 60),
(1343, 1, 140, 13, 2, 55),
(1344, 1, 140, 14, 2, 54),
(1345, 1, 142, 1, 1, 3),
(1346, 1, 142, 2, 1, 5),
(1347, 1, 142, 3, 1, 9),
(1348, 1, 142, 4, 1, 20),
(1349, 1, 142, 5, 1, 25),
(1350, 1, 142, 6, 1, 30),
(1351, 1, 142, 7, 1, 20),
(1352, 1, 142, 8, 1, 25),
(1353, 1, 142, 9, 1, 30),
(1354, 1, 142, 10, 1, 23),
(1355, 1, 142, 11, 1, 19),
(1356, 1, 142, 12, 1, 25),
(1357, 1, 142, 13, 1, 30),
(1358, 1, 142, 14, 1, 25),
(1359, 1, 144, 1, 2, 26),
(1360, 1, 144, 2, 3, 49),
(1361, 1, 144, 3, 2, 36),
(1362, 1, 144, 4, 2, 30),
(1363, 1, 144, 5, 2, 30),
(1364, 1, 144, 6, 2, 30),
(1365, 1, 144, 7, 2, 30),
(1366, 1, 144, 8, 1, 12),
(1367, 1, 144, 9, 0, 0),
(1368, 1, 144, 10, 0, 0),
(1369, 1, 144, 11, 0, 0),
(1370, 1, 144, 12, 0, 0),
(1371, 1, 144, 13, 0, 0),
(1372, 1, 144, 14, 0, 0),
(1373, 1, 145, 1, 0, 0),
(1374, 1, 145, 2, 1, 12),
(1375, 1, 145, 3, 1, 15),
(1376, 1, 145, 4, 1, 27),
(1377, 1, 145, 5, 1, 28),
(1378, 1, 145, 6, 1, 32),
(1379, 1, 145, 7, 1, 35),
(1380, 1, 145, 8, 1, 30),
(1381, 1, 145, 9, 2, 40),
(1382, 1, 145, 10, 2, 45),
(1383, 1, 145, 11, 2, 42),
(1384, 1, 145, 12, 2, 45),
(1385, 1, 145, 13, 2, 54),
(1386, 1, 145, 14, 2, 51),
(1387, 1, 146, 1, 2, 50),
(1388, 1, 146, 2, 2, 45),
(1389, 1, 146, 3, 3, 70),
(1390, 1, 146, 4, 3, 75),
(1391, 1, 146, 5, 3, 72),
(1392, 1, 146, 6, 3, 74),
(1393, 1, 146, 7, 3, 74),
(1394, 1, 146, 8, 3, 75),
(1395, 1, 146, 9, 2, 50),
(1396, 1, 146, 10, 2, 50),
(1397, 1, 146, 11, 2, 49),
(1398, 1, 146, 12, 2, 52),
(1399, 1, 146, 13, 1, 30),
(1400, 1, 146, 14, 1, 25),
(1401, 1, 147, 1, 0, 0),
(1402, 1, 147, 2, 0, 0),
(1403, 1, 147, 3, 1, 10),
(1404, 1, 147, 4, 1, 25),
(1405, 1, 147, 5, 1, 22),
(1406, 1, 147, 6, 1, 25),
(1407, 1, 147, 7, 1, 24),
(1408, 1, 147, 8, 1, 23),
(1409, 1, 147, 9, 1, 30),
(1410, 1, 147, 10, 1, 32),
(1411, 1, 147, 11, 1, 31),
(1412, 1, 147, 12, 1, 35),
(1413, 1, 147, 13, 1, 30),
(1414, 1, 147, 14, 1, 34),
(1415, 1, 148, 1, 3, 60),
(1416, 1, 148, 2, 3, 56),
(1417, 1, 148, 3, 3, 50),
(1418, 1, 148, 4, 0, 0),
(1419, 1, 148, 5, 0, 0),
(1420, 1, 148, 6, 0, 0),
(1421, 1, 148, 7, 0, 0),
(1422, 1, 148, 8, 0, 0),
(1423, 1, 148, 9, 0, 0),
(1424, 1, 148, 10, 0, 0),
(1425, 1, 148, 11, 0, 0),
(1426, 1, 148, 12, 0, 0),
(1427, 1, 148, 13, 0, 0),
(1428, 1, 148, 14, 0, 0),
(1429, 1, 149, 1, 0, 0),
(1430, 1, 149, 2, 1, 7),
(1431, 1, 149, 3, 1, 12),
(1432, 1, 149, 4, 1, 18),
(1433, 1, 149, 5, 1, 20),
(1434, 1, 149, 6, 1, 20),
(1435, 1, 149, 7, 1, 32),
(1436, 1, 149, 8, 1, 27),
(1437, 1, 149, 9, 1, 28),
(1438, 1, 149, 10, 1, 29),
(1439, 1, 149, 11, 2, 51),
(1440, 1, 149, 12, 2, 52),
(1441, 1, 149, 13, 2, 52),
(1442, 1, 149, 14, 2, 50),
(1443, 1, 150, 1, 0, 0),
(1444, 1, 150, 2, 3, 85),
(1445, 1, 150, 3, 2, 62),
(1446, 1, 150, 4, 2, 57),
(1447, 1, 150, 5, 2, 58),
(1448, 1, 150, 6, 2, 60),
(1449, 1, 150, 7, 2, 58),
(1450, 1, 150, 8, 2, 56),
(1451, 1, 150, 9, 0, 0),
(1452, 1, 150, 10, 0, 0),
(1453, 1, 150, 11, 0, 0),
(1454, 1, 150, 12, 0, 0),
(1455, 1, 150, 13, 0, 0),
(1456, 1, 150, 14, 0, 0),
(1457, 1, 151, 1, 0, 0),
(1458, 1, 151, 2, 1, 15),
(1459, 1, 151, 3, 1, 15),
(1460, 1, 151, 4, 1, 20),
(1461, 1, 151, 5, 1, 21),
(1462, 1, 151, 6, 1, 22),
(1463, 1, 151, 7, 1, 20),
(1464, 1, 151, 8, 1, 18),
(1465, 1, 151, 9, 0, 0),
(1466, 1, 151, 10, 0, 0),
(1467, 1, 151, 11, 0, 0),
(1468, 1, 151, 12, 0, 0),
(1469, 1, 151, 13, 0, 0),
(1470, 1, 151, 14, 0, 0),
(1471, 1, 152, 1, 1, 15),
(1472, 1, 152, 2, 1, 12),
(1473, 1, 152, 3, 1, 18),
(1474, 1, 152, 4, 1, 20),
(1475, 1, 152, 5, 1, 18),
(1476, 1, 152, 6, 1, 20),
(1477, 1, 152, 7, 1, 20),
(1478, 1, 152, 8, 1, 18),
(1479, 1, 152, 9, 0, 0),
(1480, 1, 152, 10, 0, 0),
(1481, 1, 152, 11, 0, 0),
(1482, 1, 152, 12, 0, 0),
(1483, 1, 152, 13, 0, 0),
(1484, 1, 152, 14, 0, 0),
(1485, 1, 153, 1, 2, 45),
(1486, 1, 153, 2, 4, 90),
(1487, 1, 153, 3, 3, 70),
(1488, 1, 153, 4, 5, 120),
(1489, 1, 153, 5, 5, 122),
(1490, 1, 153, 6, 4, 95),
(1491, 1, 153, 7, 4, 98),
(1492, 1, 153, 8, 3, 73),
(1493, 1, 153, 9, 3, 72),
(1494, 1, 153, 10, 4, 97),
(1495, 1, 153, 11, 2, 52),
(1496, 1, 153, 12, 3, 73),
(1497, 1, 153, 13, 2, 51),
(1498, 1, 153, 14, 2, 54),
(1499, 1, 154, 1, 0, 0),
(1500, 1, 154, 2, 1, 8),
(1501, 1, 154, 3, 1, 18),
(1502, 1, 154, 4, 2, 44),
(1503, 1, 154, 5, 1, 40),
(1504, 1, 154, 6, 1, 38),
(1505, 1, 154, 7, 1, 35),
(1506, 1, 154, 8, 1, 40),
(1507, 1, 154, 9, 2, 56),
(1508, 1, 154, 10, 2, 67),
(1509, 1, 154, 11, 3, 78),
(1510, 1, 154, 12, 3, 86),
(1511, 1, 154, 13, 3, 115),
(1512, 1, 154, 14, 4, 100),
(1513, 1, 155, 1, 1, 10),
(1514, 1, 155, 2, 1, 10),
(1515, 1, 155, 3, 1, 10),
(1516, 1, 155, 4, 1, 30),
(1517, 1, 155, 5, 1, 25),
(1518, 1, 155, 6, 1, 27),
(1519, 1, 155, 7, 1, 26),
(1520, 1, 155, 8, 1, 20),
(1521, 1, 155, 9, 0, 0),
(1522, 1, 155, 10, 0, 0),
(1523, 1, 155, 11, 0, 0),
(1524, 1, 155, 12, 0, 0),
(1525, 1, 155, 13, 0, 0),
(1526, 1, 155, 14, 0, 0),
(1527, 1, 156, 1, 1, 24),
(1528, 1, 156, 2, 1, 35),
(1529, 1, 156, 3, 1, 38),
(1530, 1, 156, 4, 1, 36),
(1531, 1, 156, 5, 2, 68),
(1532, 1, 156, 6, 2, 80),
(1533, 1, 156, 7, 2, 65),
(1534, 1, 156, 8, 3, 100),
(1535, 1, 156, 9, 3, 115),
(1536, 1, 156, 10, 3, 111),
(1537, 1, 156, 11, 3, 90),
(1538, 1, 156, 12, 2, 71),
(1539, 1, 156, 13, 2, 76),
(1540, 1, 156, 14, 2, 52),
(1541, 1, 158, 1, 2, 40),
(1542, 1, 158, 2, 2, 42),
(1543, 1, 158, 3, 3, 60),
(1544, 1, 158, 4, 3, 105),
(1545, 1, 158, 5, 2, 64),
(1546, 1, 158, 6, 2, 60),
(1547, 1, 158, 7, 2, 58),
(1548, 1, 158, 8, 2, 54),
(1549, 1, 158, 9, 0, 0),
(1550, 1, 158, 10, 0, 0),
(1551, 1, 158, 11, 0, 0),
(1552, 1, 158, 12, 0, 0),
(1553, 1, 158, 13, 0, 0),
(1554, 1, 158, 14, 0, 0),
(1555, 1, 160, 1, 0, 0),
(1556, 1, 160, 2, 0, 0),
(1557, 1, 160, 3, 0, 0),
(1558, 1, 160, 4, 1, 25),
(1559, 1, 160, 5, 1, 32),
(1560, 1, 160, 6, 1, 30),
(1561, 1, 160, 7, 2, 25),
(1562, 1, 160, 8, 1, 32),
(1563, 1, 160, 9, 2, 64),
(1564, 1, 160, 10, 2, 60),
(1565, 1, 160, 11, 1, 29),
(1566, 1, 160, 12, 1, 28),
(1567, 1, 160, 13, 1, 32),
(1568, 1, 160, 14, 1, 31),
(1569, 1, 161, 1, 0, 0),
(1570, 1, 161, 2, 2, 38),
(1571, 1, 161, 3, 2, 37),
(1572, 1, 161, 4, 3, 93),
(1573, 1, 161, 5, 3, 95),
(1574, 1, 161, 6, 3, 96),
(1575, 1, 161, 7, 3, 98),
(1576, 1, 161, 8, 3, 94),
(1577, 1, 161, 9, 3, 98),
(1578, 1, 161, 10, 3, 95),
(1579, 1, 161, 11, 3, 95),
(1580, 1, 161, 12, 3, 94),
(1581, 1, 161, 13, 3, 93),
(1582, 1, 161, 14, 2, 68),
(1583, 1, 162, 1, 1, 19),
(1584, 1, 162, 2, 1, 24),
(1585, 1, 162, 3, 2, 52),
(1586, 1, 162, 4, 2, 48),
(1587, 1, 162, 5, 2, 46),
(1588, 1, 162, 6, 2, 40),
(1589, 1, 162, 7, 2, 42),
(1590, 1, 162, 8, 2, 38),
(1591, 1, 162, 9, 2, 52),
(1592, 1, 162, 10, 2, 50),
(1593, 1, 162, 11, 1, 40),
(1594, 1, 162, 12, 1, 38),
(1595, 1, 162, 13, 1, 36),
(1596, 1, 162, 14, 1, 35),
(1597, 1, 163, 1, 0, 0),
(1598, 1, 163, 2, 0, 0),
(1599, 1, 163, 3, 2, 24),
(1600, 1, 163, 4, 1, 36),
(1601, 1, 163, 5, 2, 28),
(1602, 1, 163, 6, 2, 27),
(1603, 1, 163, 7, 1, 35),
(1604, 1, 163, 8, 2, 30),
(1605, 1, 163, 9, 2, 32),
(1606, 1, 163, 10, 2, 30),
(1607, 1, 163, 11, 2, 32),
(1608, 1, 163, 12, 1, 35),
(1609, 1, 163, 13, 1, 38),
(1610, 1, 163, 14, 2, 28),
(1611, 1, 164, 1, 3, 60),
(1612, 1, 164, 2, 3, 68),
(1613, 1, 164, 3, 3, 89),
(1614, 1, 164, 4, 3, 92),
(1615, 1, 164, 5, 3, 90),
(1616, 1, 164, 6, 3, 92),
(1617, 1, 164, 7, 3, 88),
(1618, 1, 164, 8, 3, 86),
(1619, 1, 164, 9, 4, 120),
(1620, 1, 164, 10, 3, 96),
(1621, 1, 164, 11, 3, 90),
(1622, 1, 164, 12, 3, 92),
(1623, 1, 164, 13, 3, 84),
(1624, 1, 164, 14, 3, 80),
(1625, 1, 165, 1, 3, 70),
(1626, 1, 165, 2, 3, 72),
(1627, 1, 165, 3, 3, 70),
(1628, 1, 165, 4, 3, 85),
(1629, 1, 165, 5, 3, 75),
(1630, 1, 165, 6, 3, 70),
(1631, 1, 165, 7, 3, 75),
(1632, 1, 165, 8, 3, 70),
(1633, 1, 165, 9, 3, 85),
(1634, 1, 165, 10, 3, 80),
(1635, 1, 165, 11, 3, 73),
(1636, 1, 165, 12, 3, 75),
(1637, 1, 165, 13, 3, 80),
(1638, 1, 165, 14, 3, 75),
(1639, 1, 167, 1, 3, 74),
(1640, 1, 167, 2, 3, 76),
(1641, 1, 167, 3, 4, 120),
(1642, 1, 167, 4, 4, 135),
(1643, 1, 167, 5, 4, 130),
(1644, 1, 167, 6, 4, 132),
(1645, 1, 167, 7, 4, 128),
(1646, 1, 167, 8, 4, 130),
(1647, 1, 167, 9, 4, 140),
(1648, 1, 167, 10, 4, 136),
(1649, 1, 167, 11, 4, 134),
(1650, 1, 167, 12, 4, 130),
(1651, 1, 167, 13, 4, 128),
(1652, 1, 167, 14, 4, 117),
(1653, 1, 168, 1, 0, 0),
(1654, 1, 168, 2, 0, 0),
(1655, 1, 168, 3, 0, 0),
(1656, 1, 168, 4, 2, 64),
(1657, 1, 168, 5, 3, 80),
(1658, 1, 168, 6, 3, 82),
(1659, 1, 168, 7, 3, 80),
(1660, 1, 168, 8, 3, 90),
(1661, 1, 168, 9, 4, 150),
(1662, 1, 168, 10, 4, 140),
(1663, 1, 168, 11, 4, 150),
(1664, 1, 168, 12, 4, 160),
(1665, 1, 168, 13, 4, 130),
(1666, 1, 168, 14, 4, 123),
(1667, 1, 172, 1, 0, 0),
(1668, 1, 172, 2, 0, 0),
(1669, 1, 172, 3, 1, 30),
(1670, 1, 172, 4, 1, 35),
(1671, 1, 172, 5, 1, 30),
(1672, 1, 172, 6, 1, 30),
(1673, 1, 172, 7, 1, 30),
(1674, 1, 172, 8, 1, 30),
(1675, 1, 172, 9, 1, 35),
(1676, 1, 172, 10, 1, 30),
(1677, 1, 172, 11, 1, 30),
(1678, 1, 172, 12, 1, 30),
(1679, 1, 172, 13, 1, 30),
(1680, 1, 172, 14, 1, 30),
(1681, 1, 177, 1, 1, 18),
(1682, 1, 177, 2, 1, 15),
(1683, 1, 177, 3, 1, 20),
(1684, 1, 177, 4, 1, 28),
(1685, 1, 177, 5, 1, 27),
(1686, 1, 177, 6, 1, 28),
(1687, 1, 177, 7, 1, 27),
(1688, 1, 177, 8, 1, 27),
(1689, 1, 177, 9, 0, 0),
(1690, 1, 177, 10, 0, 0),
(1691, 1, 177, 11, 0, 0),
(1692, 1, 177, 12, 0, 0),
(1693, 1, 177, 13, 0, 0),
(1694, 1, 177, 14, 0, 0),
(1695, 1, 170, 1, 0, 0),
(1696, 1, 170, 2, 2, 49),
(1697, 1, 170, 3, 2, 62),
(1698, 1, 170, 4, 2, 53),
(1699, 1, 170, 5, 2, 54),
(1700, 1, 170, 6, 2, 50),
(1701, 1, 170, 7, 2, 52),
(1702, 1, 170, 8, 2, 55),
(1703, 1, 170, 9, 2, 58),
(1704, 1, 170, 10, 2, 54),
(1705, 1, 170, 11, 2, 53),
(1706, 1, 170, 12, 2, 50),
(1707, 1, 170, 13, 2, 51),
(1708, 1, 170, 14, 2, 51),
(1709, 1, 180, 1, 0, 0),
(1710, 1, 180, 2, 1, 14),
(1711, 1, 180, 3, 1, 15),
(1712, 1, 180, 4, 1, 13),
(1713, 1, 180, 5, 1, 14),
(1714, 1, 180, 6, 1, 12),
(1715, 1, 180, 7, 1, 15),
(1716, 1, 180, 8, 1, 15),
(1717, 1, 180, 9, 1, 14),
(1718, 1, 180, 10, 1, 14),
(1719, 1, 180, 11, 1, 15),
(1720, 1, 180, 12, 1, 14),
(1721, 1, 180, 13, 1, 13),
(1722, 1, 180, 14, 1, 12),
(1723, 1, 182, 1, 1, 20),
(1724, 1, 182, 2, 1, 22),
(1725, 1, 182, 3, 1, 17),
(1726, 1, 182, 4, 1, 20),
(1727, 1, 182, 5, 1, 21),
(1728, 1, 182, 6, 1, 17),
(1729, 1, 182, 7, 1, 18),
(1730, 1, 182, 8, 1, 20),
(1731, 1, 182, 9, 0, 0),
(1732, 1, 182, 10, 0, 0),
(1733, 1, 182, 11, 0, 0),
(1734, 1, 182, 12, 0, 0),
(1735, 1, 182, 13, 0, 0),
(1736, 1, 182, 14, 0, 0),
(1737, 1, 183, 1, 0, 0),
(1738, 1, 183, 2, 0, 0),
(1739, 1, 183, 3, 1, 10),
(1740, 1, 183, 4, 1, 12),
(1741, 1, 183, 5, 1, 18),
(1742, 1, 183, 6, 1, 21),
(1743, 1, 183, 7, 1, 16),
(1744, 1, 183, 8, 1, 10),
(1745, 1, 183, 9, 0, 0),
(1746, 1, 183, 10, 0, 0),
(1747, 1, 183, 11, 0, 0),
(1748, 1, 183, 12, 0, 0),
(1749, 1, 183, 13, 0, 0),
(1750, 1, 183, 14, 0, 0),
(1751, 1, 181, 1, 2, 44),
(1752, 1, 181, 2, 2, 40),
(1753, 1, 181, 3, 2, 62),
(1754, 1, 181, 4, 2, 64),
(1755, 1, 181, 5, 2, 57),
(1756, 1, 181, 6, 2, 50),
(1757, 1, 181, 7, 2, 52),
(1758, 1, 181, 8, 2, 53),
(1759, 1, 181, 9, 2, 60),
(1760, 1, 181, 10, 2, 57),
(1761, 1, 181, 11, 2, 54),
(1762, 1, 181, 12, 2, 53),
(1763, 1, 181, 13, 2, 50),
(1764, 1, 181, 14, 2, 46),
(1765, 1, 184, 1, 0, 0),
(1766, 1, 184, 2, 0, 0),
(1767, 1, 184, 3, 1, 10),
(1768, 1, 184, 4, 1, 17),
(1769, 1, 184, 5, 1, 28),
(1770, 1, 184, 6, 1, 24),
(1771, 1, 184, 7, 1, 32),
(1772, 1, 184, 8, 1, 26),
(1773, 1, 184, 9, 1, 34),
(1774, 1, 184, 10, 1, 36),
(1775, 1, 184, 11, 1, 34),
(1776, 1, 184, 12, 1, 32),
(1777, 1, 184, 13, 1, 19),
(1778, 1, 184, 14, 1, 24),
(1779, 1, 186, 1, 0, 0),
(1780, 1, 186, 2, 0, 0),
(1781, 1, 186, 3, 1, 14),
(1782, 1, 186, 4, 1, 19),
(1783, 1, 186, 5, 1, 14),
(1784, 1, 186, 6, 1, 25),
(1785, 1, 186, 7, 1, 27),
(1786, 1, 186, 8, 1, 22),
(1787, 1, 186, 9, 1, 25),
(1788, 1, 186, 10, 1, 26),
(1789, 1, 186, 11, 1, 27),
(1790, 1, 186, 12, 1, 30),
(1791, 1, 186, 13, 1, 32),
(1792, 1, 186, 14, 1, 40),
(1793, 1, 185, 1, 3, 75),
(1794, 1, 185, 2, 4, 94),
(1795, 1, 185, 3, 4, 100),
(1796, 1, 185, 4, 4, 94),
(1797, 1, 185, 5, 4, 96),
(1798, 1, 185, 6, 4, 104),
(1799, 1, 185, 7, 2, 98),
(1800, 1, 185, 8, 2, 68),
(1801, 1, 185, 9, 0, 0),
(1802, 1, 185, 10, 0, 0),
(1803, 1, 185, 11, 0, 0),
(1804, 1, 185, 12, 0, 0),
(1805, 1, 185, 13, 0, 0),
(1806, 1, 185, 14, 0, 0),
(1807, 1, 187, 1, 1, 12),
(1808, 1, 187, 2, 1, 15),
(1809, 1, 187, 3, 1, 14),
(1810, 1, 187, 4, 1, 17),
(1811, 1, 187, 5, 1, 18),
(1812, 1, 187, 6, 1, 20),
(1813, 1, 187, 7, 1, 20),
(1814, 1, 187, 8, 1, 18),
(1815, 1, 187, 9, 1, 18),
(1816, 1, 187, 10, 1, 17),
(1817, 1, 187, 11, 1, 18),
(1818, 1, 187, 12, 1, 20),
(1819, 1, 187, 13, 1, 18),
(1820, 1, 187, 14, 1, 17),
(1821, 1, 188, 1, 2, 40),
(1822, 1, 188, 2, 2, 40),
(1823, 1, 188, 3, 2, 48),
(1824, 1, 188, 4, 2, 46),
(1825, 1, 188, 5, 2, 42),
(1826, 1, 188, 6, 2, 40),
(1827, 1, 188, 7, 2, 42),
(1828, 1, 188, 8, 2, 40),
(1829, 1, 188, 9, 2, 48),
(1830, 1, 188, 10, 2, 40),
(1831, 1, 188, 11, 2, 40),
(1832, 1, 188, 12, 2, 41),
(1833, 1, 188, 13, 2, 40),
(1834, 1, 188, 14, 2, 38),
(1835, 1, 189, 1, 0, 0),
(1836, 1, 189, 2, 1, 20),
(1837, 1, 189, 3, 2, 65),
(1838, 1, 189, 4, 2, 60),
(1839, 1, 189, 5, 2, 65),
(1840, 1, 189, 6, 2, 63),
(1841, 1, 189, 7, 2, 65),
(1842, 1, 189, 8, 2, 67),
(1843, 1, 189, 9, 2, 70),
(1844, 1, 189, 10, 2, 68),
(1845, 1, 189, 11, 2, 70),
(1846, 1, 189, 12, 2, 66),
(1847, 1, 189, 13, 2, 70),
(1848, 1, 189, 14, 2, 65),
(1849, 1, 191, 1, 0, 0),
(1850, 1, 191, 2, 1, 19),
(1851, 1, 191, 3, 1, 22),
(1852, 1, 191, 4, 3, 95),
(1853, 1, 191, 5, 4, 119),
(1854, 1, 191, 6, 3, 93),
(1855, 1, 191, 7, 4, 106),
(1856, 1, 191, 8, 2, 66),
(1857, 1, 191, 9, 3, 99),
(1858, 1, 191, 10, 2, 71),
(1859, 1, 191, 11, 2, 64),
(1860, 1, 191, 12, 2, 67),
(1861, 1, 191, 13, 2, 55),
(1862, 1, 191, 14, 2, 52),
(1863, 1, 195, 1, 0, 0),
(1864, 1, 195, 2, 2, 28),
(1865, 1, 195, 3, 2, 48),
(1866, 1, 195, 4, 2, 63),
(1867, 1, 195, 5, 2, 64),
(1868, 1, 195, 6, 2, 60),
(1869, 1, 195, 7, 2, 61),
(1870, 1, 195, 8, 2, 65),
(1871, 1, 195, 9, 2, 70),
(1872, 1, 195, 10, 2, 72),
(1873, 1, 195, 11, 2, 64),
(1874, 1, 195, 12, 2, 66),
(1875, 1, 195, 13, 2, 60),
(1876, 1, 195, 14, 2, 60),
(1877, 1, 196, 1, 0, 0),
(1878, 1, 196, 2, 1, 21),
(1879, 1, 196, 3, 1, 20),
(1880, 1, 196, 4, 1, 22),
(1881, 1, 196, 5, 1, 21),
(1882, 1, 196, 6, 1, 20),
(1883, 1, 196, 7, 1, 21),
(1884, 1, 196, 8, 1, 19),
(1885, 1, 196, 9, 1, 22),
(1886, 1, 196, 10, 1, 22),
(1887, 1, 196, 11, 1, 21),
(1888, 1, 196, 12, 1, 20),
(1889, 1, 196, 13, 1, 19),
(1890, 1, 196, 14, 1, 18),
(1891, 1, 197, 1, 0, 0),
(1892, 1, 197, 2, 2, 40),
(1893, 1, 197, 3, 2, 40),
(1894, 1, 197, 4, 1, 35),
(1895, 1, 197, 5, 1, 34),
(1896, 1, 197, 6, 1, 32),
(1897, 1, 197, 7, 1, 36),
(1898, 1, 197, 8, 1, 35),
(1899, 1, 197, 9, 1, 40),
(1900, 1, 197, 10, 1, 38),
(1901, 1, 197, 11, 1, 36),
(1902, 1, 197, 12, 1, 35),
(1903, 1, 197, 13, 1, 34),
(1904, 1, 197, 14, 1, 30),
(1905, 1, 198, 1, 1, 10),
(1906, 1, 198, 2, 1, 10),
(1907, 1, 198, 3, 1, 10),
(1908, 1, 198, 4, 2, 25),
(1909, 1, 198, 5, 2, 25),
(1910, 1, 198, 6, 2, 25),
(1911, 1, 198, 7, 2, 25),
(1912, 1, 198, 8, 2, 25),
(1913, 1, 198, 9, 2, 27),
(1914, 1, 198, 10, 2, 27),
(1915, 1, 198, 11, 2, 27),
(1916, 1, 198, 12, 2, 27),
(1917, 1, 198, 13, 2, 27),
(1918, 1, 198, 14, 3, 75),
(1919, 1, 199, 1, 0, 0),
(1920, 1, 199, 2, 1, 23),
(1921, 1, 199, 3, 1, 32),
(1922, 1, 199, 4, 1, 29),
(1923, 1, 199, 5, 1, 27),
(1924, 1, 199, 6, 1, 24),
(1925, 1, 199, 7, 1, 20),
(1926, 1, 199, 8, 1, 21),
(1927, 1, 199, 9, 1, 26),
(1928, 1, 199, 10, 1, 20),
(1929, 1, 199, 11, 1, 24),
(1930, 1, 199, 12, 1, 20),
(1931, 1, 199, 13, 0, 0),
(1932, 1, 199, 14, 0, 0),
(1933, 1, 119, 1, 1, 3),
(1934, 1, 119, 2, 1, 4),
(1935, 1, 119, 3, 1, 10),
(1936, 1, 119, 4, 1, 19),
(1937, 1, 119, 5, 1, 20),
(1938, 1, 119, 6, 1, 19),
(1939, 1, 119, 7, 1, 20),
(1940, 1, 119, 8, 1, 24),
(1941, 1, 119, 9, 2, 31),
(1942, 1, 119, 10, 1, 25),
(1943, 1, 119, 11, 2, 40),
(1944, 1, 119, 12, 2, 41),
(1945, 1, 119, 13, 2, 34),
(1946, 1, 119, 14, 2, 38),
(1947, 1, 203, 1, 0, 0),
(1948, 1, 203, 2, 1, 5),
(1949, 1, 203, 3, 1, 10),
(1950, 1, 203, 4, 1, 13),
(1951, 1, 203, 5, 1, 12),
(1952, 1, 203, 6, 1, 20),
(1953, 1, 203, 7, 1, 29),
(1954, 1, 203, 8, 1, 20),
(1955, 1, 203, 9, 1, 22),
(1956, 1, 203, 10, 1, 23),
(1957, 1, 203, 11, 1, 18),
(1958, 1, 203, 12, 1, 25),
(1959, 1, 203, 13, 1, 38),
(1960, 1, 203, 14, 1, 34),
(1961, 1, 204, 1, 1, 7),
(1962, 1, 204, 2, 1, 8),
(1963, 1, 204, 3, 1, 18),
(1964, 1, 204, 4, 1, 10),
(1965, 1, 204, 5, 1, 16),
(1966, 1, 204, 6, 1, 7),
(1967, 1, 204, 7, 1, 17),
(1968, 1, 204, 8, 1, 15),
(1969, 1, 204, 9, 0, 0),
(1970, 1, 204, 10, 0, 0),
(1971, 1, 204, 11, 0, 0),
(1972, 1, 204, 12, 0, 0),
(1973, 1, 204, 13, 0, 0),
(1974, 1, 204, 14, 0, 0),
(1975, 1, 205, 1, 0, 0),
(1976, 1, 205, 2, 0, 0),
(1977, 1, 205, 3, 0, 0),
(1978, 1, 205, 4, 0, 0),
(1979, 1, 205, 5, 0, 0),
(1980, 1, 205, 6, 0, 0),
(1981, 1, 205, 7, 0, 0),
(1982, 1, 205, 8, 0, 0),
(1983, 1, 205, 9, 0, 0),
(1984, 1, 205, 10, 0, 0),
(1985, 1, 205, 11, 0, 0),
(1986, 1, 205, 12, 0, 0),
(1987, 1, 205, 13, 0, 0),
(1988, 1, 205, 14, 0, 0),
(1989, 1, 206, 1, 0, 0),
(1990, 1, 206, 2, 0, 10),
(1991, 1, 206, 3, 0, 13),
(1992, 1, 206, 4, 0, 21),
(1993, 1, 206, 5, 0, 18),
(1994, 1, 206, 6, 0, 18),
(1995, 1, 206, 7, 0, 20),
(1996, 1, 206, 8, 0, 16),
(1997, 1, 206, 9, 0, 0),
(1998, 1, 206, 10, 0, 0),
(1999, 1, 206, 11, 0, 0),
(2000, 1, 206, 12, 0, 0),
(2001, 1, 206, 13, 0, 0),
(2002, 1, 206, 14, 0, 0),
(2003, 1, 207, 1, 1, 3),
(2004, 1, 207, 2, 1, 12),
(2005, 1, 207, 3, 1, 16),
(2006, 1, 207, 4, 0, 0),
(2007, 1, 207, 5, 0, 0),
(2008, 1, 207, 6, 0, 0),
(2009, 1, 207, 7, 0, 0),
(2010, 1, 207, 8, 0, 0),
(2011, 1, 207, 9, 0, 0),
(2012, 1, 207, 10, 0, 0),
(2013, 1, 207, 11, 0, 0),
(2014, 1, 207, 12, 0, 0),
(2015, 1, 207, 13, 0, 0),
(2016, 1, 207, 14, 0, 0),
(2017, 1, 209, 1, 0, 0),
(2018, 1, 209, 2, 2, 30),
(2019, 1, 209, 3, 3, 51),
(2020, 1, 209, 4, 4, 90),
(2021, 1, 209, 5, 4, 100),
(2022, 1, 209, 6, 4, 105),
(2023, 1, 209, 7, 4, 117),
(2024, 1, 209, 8, 3, 113),
(2025, 1, 209, 9, 3, 105),
(2026, 1, 209, 10, 3, 110),
(2027, 1, 209, 11, 3, 97),
(2028, 1, 209, 12, 3, 109),
(2029, 1, 209, 13, 3, 85),
(2030, 1, 209, 14, 3, 96),
(2031, 1, 210, 1, 0, 0),
(2032, 1, 210, 2, 0, 0),
(2033, 1, 210, 3, 0, 0),
(2034, 1, 210, 4, 1, 26),
(2035, 1, 210, 5, 1, 22),
(2036, 1, 210, 6, 1, 19),
(2037, 1, 210, 7, 1, 24),
(2038, 1, 210, 8, 1, 19),
(2039, 1, 210, 9, 1, 32),
(2040, 1, 210, 10, 1, 29),
(2041, 1, 210, 11, 1, 32),
(2042, 1, 210, 12, 1, 33),
(2043, 1, 210, 13, 1, 33),
(2044, 1, 210, 14, 1, 34),
(2045, 1, 211, 1, 1, 3),
(2046, 1, 211, 2, 1, 11),
(2047, 1, 211, 3, 1, 23),
(2048, 1, 211, 4, 1, 25),
(2049, 1, 211, 5, 1, 32),
(2050, 1, 211, 6, 1, 35),
(2051, 1, 211, 7, 1, 35),
(2052, 1, 211, 8, 1, 32),
(2053, 1, 211, 9, 1, 30),
(2054, 1, 211, 10, 1, 31),
(2055, 1, 211, 11, 1, 29),
(2056, 1, 211, 12, 1, 24),
(2057, 1, 211, 13, 1, 32),
(2058, 1, 211, 14, 1, 21),
(2059, 1, 212, 1, 0, 0),
(2060, 1, 212, 2, 1, 3),
(2061, 1, 212, 3, 1, 20),
(2062, 1, 212, 4, 1, 20),
(2063, 1, 212, 5, 1, 26),
(2064, 1, 212, 6, 1, 24),
(2065, 1, 212, 7, 1, 28),
(2066, 1, 212, 8, 1, 22),
(2067, 1, 212, 9, 2, 38),
(2068, 1, 212, 10, 1, 30),
(2069, 1, 212, 11, 1, 30),
(2070, 1, 212, 12, 2, 25),
(2071, 1, 212, 13, 1, 25),
(2072, 1, 212, 14, 1, 30),
(2073, 1, 213, 1, 0, 0),
(2074, 1, 213, 2, 0, 0),
(2075, 1, 213, 3, 1, 5),
(2076, 1, 213, 4, 1, 11),
(2077, 1, 213, 5, 1, 19),
(2078, 1, 213, 6, 2, 27),
(2079, 1, 213, 7, 1, 18),
(2080, 1, 213, 8, 1, 13),
(2081, 1, 213, 9, 1, 16),
(2082, 1, 213, 10, 1, 20),
(2083, 1, 213, 11, 1, 19),
(2084, 1, 213, 12, 1, 17),
(2085, 1, 213, 13, 1, 16),
(2086, 1, 213, 14, 1, 14),
(2087, 1, 214, 1, 0, 0),
(2088, 1, 214, 2, 2, 43),
(2089, 1, 214, 3, 3, 70),
(2090, 1, 214, 4, 3, 73),
(2091, 1, 214, 5, 3, 71),
(2092, 1, 214, 6, 3, 69),
(2093, 1, 214, 7, 3, 68),
(2094, 1, 214, 8, 2, 64),
(2095, 1, 214, 9, 2, 57),
(2096, 1, 214, 10, 2, 60),
(2097, 1, 214, 11, 2, 69),
(2098, 1, 214, 12, 2, 57),
(2099, 1, 214, 13, 2, 55),
(2100, 1, 214, 14, 2, 47),
(2101, 1, 215, 1, 0, 0),
(2102, 1, 215, 2, 0, 0),
(2103, 1, 215, 3, 0, 0),
(2104, 1, 215, 4, 1, 16),
(2105, 1, 215, 5, 0, 19),
(2106, 1, 215, 6, 0, 14),
(2107, 1, 215, 7, 0, 21),
(2108, 1, 215, 8, 0, 8),
(2109, 1, 215, 9, 0, 0),
(2110, 1, 215, 10, 0, 0),
(2111, 1, 215, 11, 0, 0),
(2112, 1, 215, 12, 0, 0),
(2113, 1, 215, 13, 0, 0),
(2114, 1, 215, 14, 0, 0),
(2115, 1, 216, 1, 1, 6),
(2116, 1, 216, 2, 2, 35),
(2117, 1, 216, 3, 1, 22),
(2118, 1, 216, 4, 0, 0),
(2119, 1, 216, 5, 0, 0),
(2120, 1, 216, 6, 0, 0),
(2121, 1, 216, 7, 0, 0),
(2122, 1, 216, 8, 0, 0),
(2123, 1, 216, 9, 0, 0),
(2124, 1, 216, 10, 0, 0),
(2125, 1, 216, 11, 0, 0),
(2126, 1, 216, 12, 0, 0),
(2127, 1, 216, 13, 0, 0),
(2128, 1, 216, 14, 0, 0),
(2129, 1, 217, 1, 3, 60),
(2130, 1, 217, 2, 5, 104),
(2131, 1, 217, 3, 6, 130),
(2132, 1, 217, 4, 0, 0),
(2133, 1, 217, 5, 0, 0),
(2134, 1, 217, 6, 0, 0),
(2135, 1, 217, 7, 0, 0),
(2136, 1, 217, 8, 0, 0),
(2137, 1, 217, 9, 0, 0),
(2138, 1, 217, 10, 0, 0),
(2139, 1, 217, 11, 0, 0),
(2140, 1, 217, 12, 0, 0),
(2141, 1, 217, 13, 0, 0),
(2142, 1, 217, 14, 0, 0),
(2143, 1, 218, 1, 0, 0),
(2144, 1, 218, 2, 1, 7),
(2145, 1, 218, 3, 1, 18),
(2146, 1, 218, 4, 2, 26),
(2147, 1, 218, 5, 1, 29),
(2148, 1, 218, 6, 2, 37),
(2149, 1, 218, 7, 1, 31),
(2150, 1, 218, 8, 2, 35),
(2151, 1, 218, 9, 2, 68),
(2152, 1, 218, 10, 2, 64),
(2153, 1, 218, 11, 2, 56),
(2154, 1, 218, 12, 3, 74),
(2155, 1, 218, 13, 3, 71),
(2156, 1, 218, 14, 3, 75),
(2157, 1, 219, 1, 0, 0),
(2158, 1, 219, 2, 0, 0),
(2159, 1, 219, 3, 1, 10),
(2160, 1, 219, 4, 1, 14),
(2161, 1, 219, 5, 1, 13),
(2162, 1, 219, 6, 1, 20);
INSERT INTO `grados_paralelos` (`id`, `id_periodo`, `id_colegio`, `id_grado`, `paralelos`, `alumnos`) VALUES
(2163, 1, 219, 7, 1, 19),
(2164, 1, 219, 8, 1, 27),
(2165, 1, 219, 9, 1, 29),
(2166, 1, 219, 10, 1, 27),
(2167, 1, 219, 11, 1, 22),
(2168, 1, 219, 12, 1, 17),
(2169, 1, 219, 13, 1, 19),
(2170, 1, 219, 14, 1, 16),
(2171, 1, 208, 1, 0, 6),
(2172, 1, 208, 2, 0, 8),
(2173, 1, 208, 3, 0, 18),
(2174, 1, 208, 4, 1, 17),
(2175, 1, 208, 5, 2, 27),
(2176, 1, 208, 6, 2, 29),
(2177, 1, 208, 7, 2, 26),
(2178, 1, 208, 8, 2, 25),
(2179, 1, 208, 9, 2, 42),
(2180, 1, 208, 10, 2, 40),
(2181, 1, 208, 11, 3, 60),
(2182, 1, 208, 12, 3, 60),
(2183, 1, 208, 13, 3, 55),
(2184, 1, 208, 14, 2, 40),
(2185, 1, 220, 1, 1, 3),
(2186, 1, 220, 2, 1, 7),
(2187, 1, 220, 3, 1, 6),
(2188, 1, 220, 4, 1, 16),
(2189, 1, 220, 5, 1, 25),
(2190, 1, 220, 6, 1, 16),
(2191, 1, 220, 7, 1, 15),
(2192, 1, 220, 8, 1, 18),
(2193, 1, 220, 9, 1, 23),
(2194, 1, 220, 10, 1, 14),
(2195, 1, 220, 11, 1, 18),
(2196, 1, 220, 12, 1, 15),
(2197, 1, 220, 13, 1, 14),
(2198, 1, 220, 14, 1, 14),
(2199, 1, 221, 1, 0, 0),
(2200, 1, 221, 2, 0, 0),
(2201, 1, 221, 3, 1, 5),
(2202, 1, 221, 4, 0, 8),
(2203, 1, 221, 5, 0, 9),
(2204, 1, 221, 6, 0, 15),
(2205, 1, 221, 7, 0, 13),
(2206, 1, 221, 8, 0, 12),
(2207, 1, 221, 9, 0, 17),
(2208, 1, 221, 10, 0, 28),
(2209, 1, 221, 11, 0, 31),
(2210, 1, 221, 12, 0, 18),
(2211, 1, 221, 13, 0, 21),
(2212, 1, 221, 14, 0, 32),
(2213, 1, 222, 1, 0, 0),
(2214, 1, 222, 2, 0, 0),
(2215, 1, 222, 3, 1, 17),
(2216, 1, 222, 4, 1, 17),
(2217, 1, 222, 5, 1, 22),
(2218, 1, 222, 6, 1, 27),
(2219, 1, 222, 7, 1, 14),
(2220, 1, 222, 8, 1, 17),
(2221, 1, 222, 9, 1, 31),
(2222, 1, 222, 10, 1, 28),
(2223, 1, 222, 11, 1, 29),
(2224, 1, 222, 12, 1, 35),
(2225, 1, 222, 13, 1, 28),
(2226, 1, 222, 14, 1, 33),
(2227, 1, 223, 1, 1, 10),
(2228, 1, 223, 2, 1, 12),
(2229, 1, 223, 3, 1, 14),
(2230, 1, 223, 4, 0, 0),
(2231, 1, 223, 5, 0, 0),
(2232, 1, 223, 6, 0, 0),
(2233, 1, 223, 7, 0, 0),
(2234, 1, 223, 8, 0, 0),
(2235, 1, 223, 9, 0, 0),
(2236, 1, 223, 10, 0, 0),
(2237, 1, 223, 11, 0, 0),
(2238, 1, 223, 12, 0, 0),
(2239, 1, 223, 13, 0, 0),
(2240, 1, 223, 14, 0, 0),
(2241, 1, 224, 1, 1, 20),
(2242, 1, 224, 2, 1, 32),
(2243, 1, 224, 3, 1, 31),
(2244, 1, 224, 4, 1, 30),
(2245, 1, 224, 5, 1, 25),
(2246, 1, 224, 6, 1, 17),
(2247, 1, 224, 7, 1, 18),
(2248, 1, 224, 8, 1, 24),
(2249, 1, 224, 9, 0, 0),
(2250, 1, 224, 10, 0, 0),
(2251, 1, 224, 11, 0, 0),
(2252, 1, 224, 12, 0, 0),
(2253, 1, 224, 13, 0, 0),
(2254, 1, 224, 14, 0, 0),
(2255, 1, 225, 1, 0, 0),
(2256, 1, 225, 2, 0, 8),
(2257, 1, 225, 3, 0, 20),
(2258, 1, 225, 4, 0, 20),
(2259, 1, 225, 5, 0, 25),
(2260, 1, 225, 6, 0, 34),
(2261, 1, 225, 7, 0, 33),
(2262, 1, 225, 8, 0, 35),
(2263, 1, 225, 9, 0, 46),
(2264, 1, 225, 10, 0, 42),
(2265, 1, 225, 11, 0, 34),
(2266, 1, 225, 12, 0, 36),
(2267, 1, 225, 13, 0, 34),
(2268, 1, 225, 14, 0, 27),
(2269, 1, 226, 1, 1, 28),
(2270, 1, 226, 2, 2, 22),
(2271, 1, 226, 3, 1, 11),
(2272, 1, 226, 4, 0, 0),
(2273, 1, 226, 5, 0, 0),
(2274, 1, 226, 6, 0, 0),
(2275, 1, 226, 7, 0, 0),
(2276, 1, 226, 8, 0, 0),
(2277, 1, 226, 9, 0, 0),
(2278, 1, 226, 10, 0, 0),
(2279, 1, 226, 11, 0, 0),
(2280, 1, 226, 12, 0, 0),
(2281, 1, 226, 13, 0, 0),
(2282, 1, 226, 14, 0, 0),
(2283, 1, 227, 1, 0, 0),
(2284, 1, 227, 2, 1, 7),
(2285, 1, 227, 3, 1, 17),
(2286, 1, 227, 4, 1, 27),
(2287, 1, 227, 5, 1, 30),
(2288, 1, 227, 6, 1, 24),
(2289, 1, 227, 7, 1, 37),
(2290, 1, 227, 8, 2, 43),
(2291, 1, 227, 9, 1, 25),
(2292, 1, 227, 10, 1, 20),
(2293, 1, 227, 11, 1, 15),
(2294, 1, 227, 12, 11, 22),
(2295, 1, 227, 13, 1, 12),
(2296, 1, 227, 14, 1, 14),
(2297, 1, 228, 1, 0, 0),
(2298, 1, 228, 2, 1, 21),
(2299, 1, 228, 3, 1, 20),
(2300, 1, 228, 4, 1, 22),
(2301, 1, 228, 5, 1, 21),
(2302, 1, 228, 6, 1, 20),
(2303, 1, 228, 7, 1, 21),
(2304, 1, 228, 8, 1, 19),
(2305, 1, 228, 9, 1, 22),
(2306, 1, 228, 10, 1, 22),
(2307, 1, 228, 11, 1, 21),
(2308, 1, 228, 12, 1, 20),
(2309, 1, 228, 13, 1, 19),
(2310, 1, 228, 14, 1, 18),
(2311, 1, 229, 1, 0, 0),
(2312, 1, 229, 2, 2, 30),
(2313, 1, 229, 3, 2, 42),
(2314, 1, 229, 4, 3, 66),
(2315, 1, 229, 5, 3, 68),
(2316, 1, 229, 6, 3, 60),
(2317, 1, 229, 7, 2, 64),
(2318, 1, 229, 8, 0, 0),
(2319, 1, 229, 9, 0, 0),
(2320, 1, 229, 10, 0, 0),
(2321, 1, 229, 11, 0, 0),
(2322, 1, 229, 12, 0, 0),
(2323, 1, 229, 13, 0, 0),
(2324, 1, 229, 14, 0, 0),
(2325, 1, 230, 1, 0, 0),
(2326, 1, 230, 2, 1, 10),
(2327, 1, 230, 3, 1, 18),
(2328, 1, 230, 4, 1, 32),
(2329, 1, 230, 5, 1, 28),
(2330, 1, 230, 6, 1, 38),
(2331, 1, 230, 7, 1, 34),
(2332, 1, 230, 8, 1, 32),
(2333, 1, 230, 9, 2, 48),
(2334, 1, 230, 10, 2, 46),
(2335, 1, 230, 11, 1, 36),
(2336, 1, 230, 12, 1, 30),
(2337, 1, 230, 13, 1, 28),
(2338, 1, 230, 14, 1, 25),
(2339, 1, 231, 1, 1, 20),
(2340, 1, 231, 2, 1, 21),
(2341, 1, 231, 3, 1, 25),
(2342, 1, 231, 4, 1, 16),
(2343, 1, 231, 5, 1, 21),
(2344, 1, 231, 6, 1, 20),
(2345, 1, 231, 7, 1, 19),
(2346, 1, 231, 8, 1, 18),
(2347, 1, 231, 9, 1, 25),
(2348, 1, 231, 10, 1, 27),
(2349, 1, 231, 11, 1, 22),
(2350, 1, 231, 12, 1, 21),
(2351, 1, 231, 13, 1, 18),
(2352, 1, 231, 14, 1, 17),
(2353, 1, 232, 1, 1, 18),
(2354, 1, 232, 2, 1, 20),
(2355, 1, 232, 3, 1, 36),
(2356, 1, 232, 4, 1, 31),
(2357, 1, 232, 5, 1, 28),
(2358, 1, 232, 6, 1, 24),
(2359, 1, 232, 7, 1, 24),
(2360, 1, 232, 8, 1, 26),
(2361, 1, 232, 9, 0, 0),
(2362, 1, 232, 10, 0, 0),
(2363, 1, 232, 11, 0, 0),
(2364, 1, 232, 12, 0, 0),
(2365, 1, 232, 13, 0, 0),
(2366, 1, 232, 14, 0, 0),
(2367, 1, 233, 1, 0, 0),
(2368, 1, 233, 2, 0, 0),
(2369, 1, 233, 3, 1, 21),
(2370, 1, 233, 4, 1, 23),
(2371, 1, 233, 5, 1, 18),
(2372, 1, 233, 6, 1, 21),
(2373, 1, 233, 7, 1, 24),
(2374, 1, 233, 8, 1, 28),
(2375, 1, 233, 9, 1, 32),
(2376, 1, 233, 10, 1, 38),
(2377, 1, 233, 11, 1, 35),
(2378, 1, 233, 12, 1, 30),
(2379, 1, 233, 13, 1, 31),
(2380, 1, 233, 14, 1, 25),
(2381, 1, 234, 1, 0, 0),
(2382, 1, 234, 2, 0, 0),
(2383, 1, 234, 3, 1, 19),
(2384, 1, 234, 4, 1, 24),
(2385, 1, 234, 5, 1, 13),
(2386, 1, 234, 6, 1, 18),
(2387, 1, 234, 7, 1, 36),
(2388, 1, 234, 8, 2, 50),
(2389, 1, 234, 9, 2, 60),
(2390, 1, 234, 10, 2, 54),
(2391, 1, 234, 11, 2, 58),
(2392, 1, 234, 12, 2, 62),
(2393, 1, 234, 13, 2, 63),
(2394, 1, 234, 14, 2, 50),
(2395, 1, 235, 1, 3, 73),
(2396, 1, 235, 2, 3, 71),
(2397, 1, 235, 3, 4, 91),
(2398, 1, 235, 4, 3, 90),
(2399, 1, 235, 5, 3, 90),
(2400, 1, 235, 6, 2, 60),
(2401, 1, 235, 7, 2, 52),
(2402, 1, 235, 8, 2, 48),
(2403, 1, 235, 9, 0, 0),
(2404, 1, 235, 10, 0, 0),
(2405, 1, 235, 11, 0, 0),
(2406, 1, 235, 12, 0, 0),
(2407, 1, 235, 13, 0, 0),
(2408, 1, 235, 14, 0, 0),
(2409, 1, 236, 1, 1, 17),
(2410, 1, 236, 2, 1, 22),
(2411, 1, 236, 3, 1, 30),
(2412, 1, 236, 4, 1, 21),
(2413, 1, 236, 5, 1, 20),
(2414, 1, 236, 6, 1, 21),
(2415, 1, 236, 7, 1, 18),
(2416, 1, 236, 8, 1, 19),
(2417, 1, 236, 9, 0, 0),
(2418, 1, 236, 10, 0, 0),
(2419, 1, 236, 11, 0, 0),
(2420, 1, 236, 12, 0, 0),
(2421, 1, 236, 13, 0, 0),
(2422, 1, 236, 14, 0, 0),
(2423, 1, 237, 1, 1, 10),
(2424, 1, 237, 2, 1, 15),
(2425, 1, 237, 3, 1, 25),
(2426, 1, 237, 4, 1, 26),
(2427, 1, 237, 5, 1, 26),
(2428, 1, 237, 6, 1, 24),
(2429, 1, 237, 7, 1, 26),
(2430, 1, 237, 8, 1, 20),
(2431, 1, 237, 9, 0, 0),
(2432, 1, 237, 10, 0, 0),
(2433, 1, 237, 11, 0, 0),
(2434, 1, 237, 12, 0, 0),
(2435, 1, 237, 13, 0, 0),
(2436, 1, 237, 14, 0, 0),
(2437, 1, 238, 1, 0, 0),
(2438, 1, 238, 2, 1, 28),
(2439, 1, 238, 3, 1, 32),
(2440, 1, 238, 4, 2, 48),
(2441, 1, 238, 5, 2, 40),
(2442, 1, 238, 6, 1, 21),
(2443, 1, 238, 7, 1, 24),
(2444, 1, 238, 8, 1, 20),
(2445, 1, 238, 9, 0, 0),
(2446, 1, 238, 10, 0, 0),
(2447, 1, 238, 11, 0, 0),
(2448, 1, 238, 12, 0, 0),
(2449, 1, 238, 13, 0, 0),
(2450, 1, 238, 14, 0, 0),
(2451, 1, 239, 1, 0, 0),
(2452, 1, 239, 2, 1, 12),
(2453, 1, 239, 3, 1, 20),
(2454, 1, 239, 4, 1, 24),
(2455, 1, 239, 5, 1, 21),
(2456, 1, 239, 6, 1, 18),
(2457, 1, 239, 7, 1, 19),
(2458, 1, 239, 8, 1, 22),
(2459, 1, 239, 9, 1, 25),
(2460, 1, 239, 10, 1, 24),
(2461, 1, 239, 11, 1, 18),
(2462, 1, 239, 12, 1, 17),
(2463, 1, 239, 13, 1, 20),
(2464, 1, 239, 14, 1, 15),
(2465, 1, 240, 1, 0, 0),
(2466, 1, 240, 2, 1, 15),
(2467, 1, 240, 3, 1, 20),
(2468, 1, 240, 4, 1, 21),
(2469, 1, 240, 5, 1, 20),
(2470, 1, 240, 6, 1, 15),
(2471, 1, 240, 7, 1, 18),
(2472, 1, 240, 8, 1, 15),
(2473, 1, 240, 9, 0, 0),
(2474, 1, 240, 10, 0, 0),
(2475, 1, 240, 11, 0, 0),
(2476, 1, 240, 12, 0, 0),
(2477, 1, 240, 13, 0, 0),
(2478, 1, 240, 14, 0, 0),
(2479, 1, 241, 1, 2, 34),
(2480, 1, 241, 2, 2, 38),
(2481, 1, 241, 3, 2, 40),
(2482, 1, 241, 4, 1, 21),
(2483, 1, 241, 5, 1, 23),
(2484, 1, 241, 6, 1, 22),
(2485, 1, 241, 7, 1, 20),
(2486, 1, 241, 8, 1, 21),
(2487, 1, 241, 9, 0, 0),
(2488, 1, 241, 10, 0, 0),
(2489, 1, 241, 11, 0, 0),
(2490, 1, 241, 12, 0, 0),
(2491, 1, 241, 13, 0, 0),
(2492, 1, 241, 14, 0, 0),
(2493, 1, 242, 1, 1, 19),
(2494, 1, 242, 2, 1, 20),
(2495, 1, 242, 3, 1, 30),
(2496, 1, 242, 4, 1, 25),
(2497, 1, 242, 5, 1, 24),
(2498, 1, 242, 6, 1, 22),
(2499, 1, 242, 7, 1, 21),
(2500, 1, 242, 8, 1, 19),
(2501, 1, 242, 9, 1, 30),
(2502, 1, 242, 10, 1, 25),
(2503, 1, 242, 11, 1, 22),
(2504, 1, 242, 12, 1, 20),
(2505, 1, 242, 13, 1, 21),
(2506, 1, 242, 14, 1, 22),
(2507, 1, 243, 1, 2, 36),
(2508, 1, 243, 2, 2, 40),
(2509, 1, 243, 3, 2, 60),
(2510, 1, 243, 4, 2, 68),
(2511, 1, 243, 5, 2, 64),
(2512, 1, 243, 6, 2, 63),
(2513, 1, 243, 7, 2, 60),
(2514, 1, 243, 8, 2, 61),
(2515, 1, 243, 9, 2, 75),
(2516, 1, 243, 10, 2, 70),
(2517, 1, 243, 11, 2, 64),
(2518, 1, 243, 12, 2, 64),
(2519, 1, 243, 13, 2, 60),
(2520, 1, 243, 14, 2, 54),
(2521, 1, 244, 1, 2, 30),
(2522, 1, 244, 2, 2, 38),
(2523, 1, 244, 3, 2, 54),
(2524, 1, 244, 4, 2, 52),
(2525, 1, 244, 5, 2, 50),
(2526, 1, 244, 6, 2, 48),
(2527, 1, 244, 7, 2, 40),
(2528, 1, 244, 8, 2, 42),
(2529, 1, 244, 9, 2, 64),
(2530, 1, 244, 10, 2, 60),
(2531, 1, 244, 11, 2, 54),
(2532, 1, 244, 12, 2, 50),
(2533, 1, 244, 13, 2, 48),
(2534, 1, 244, 14, 2, 40),
(2535, 1, 245, 1, 1, 20),
(2536, 1, 245, 2, 1, 24),
(2537, 1, 245, 3, 1, 32),
(2538, 1, 245, 4, 1, 30),
(2539, 1, 245, 5, 1, 32),
(2540, 1, 245, 6, 1, 28),
(2541, 1, 245, 7, 1, 24),
(2542, 1, 245, 8, 1, 25),
(2543, 1, 245, 9, 0, 0),
(2544, 1, 245, 10, 0, 0),
(2545, 1, 245, 11, 0, 0),
(2546, 1, 245, 12, 0, 0),
(2547, 1, 245, 13, 0, 0),
(2548, 1, 245, 14, 0, 0),
(2549, 1, 246, 1, 0, 0),
(2550, 1, 246, 2, 2, 38),
(2551, 1, 246, 3, 2, 45),
(2552, 1, 246, 4, 2, 38),
(2553, 1, 246, 5, 2, 35),
(2554, 1, 246, 6, 2, 39),
(2555, 1, 246, 7, 2, 41),
(2556, 1, 246, 8, 2, 37),
(2557, 1, 246, 9, 0, 0),
(2558, 1, 246, 10, 0, 0),
(2559, 1, 246, 11, 0, 0),
(2560, 1, 246, 12, 0, 0),
(2561, 1, 246, 13, 0, 0),
(2562, 1, 246, 14, 0, 0),
(2563, 1, 247, 1, 2, 28),
(2564, 1, 247, 2, 3, 59),
(2565, 1, 247, 3, 3, 68),
(2566, 1, 247, 4, 0, 0),
(2567, 1, 247, 5, 0, 0),
(2568, 1, 247, 6, 0, 0),
(2569, 1, 247, 7, 0, 0),
(2570, 1, 247, 8, 0, 0),
(2571, 1, 247, 9, 0, 0),
(2572, 1, 247, 10, 0, 0),
(2573, 1, 247, 11, 0, 0),
(2574, 1, 247, 12, 0, 0),
(2575, 1, 247, 13, 0, 0),
(2576, 1, 247, 14, 0, 0),
(2577, 1, 248, 1, 1, 3),
(2578, 1, 248, 2, 1, 10),
(2579, 1, 248, 3, 1, 12),
(2580, 1, 248, 4, 1, 23),
(2581, 1, 248, 5, 1, 32),
(2582, 1, 248, 6, 1, 30),
(2583, 1, 248, 7, 1, 32),
(2584, 1, 248, 8, 1, 16),
(2585, 1, 248, 9, 0, 0),
(2586, 1, 248, 10, 0, 0),
(2587, 1, 248, 11, 0, 0),
(2588, 1, 248, 12, 0, 0),
(2589, 1, 248, 13, 0, 0),
(2590, 1, 248, 14, 0, 0),
(2591, 1, 249, 1, 4, 84),
(2592, 1, 249, 2, 4, 90),
(2593, 1, 249, 3, 4, 110),
(2594, 1, 249, 4, 3, 92),
(2595, 1, 249, 5, 3, 86),
(2596, 1, 249, 6, 3, 64),
(2597, 1, 249, 7, 2, 61),
(2598, 1, 249, 8, 2, 60),
(2599, 1, 249, 9, 0, 0),
(2600, 1, 249, 10, 0, 0),
(2601, 1, 249, 11, 0, 0),
(2602, 1, 249, 12, 0, 0),
(2603, 1, 249, 13, 0, 0),
(2604, 1, 249, 14, 0, 0),
(2605, 1, 250, 1, 0, 0),
(2606, 1, 250, 2, 0, 0),
(2607, 1, 250, 3, 1, 28),
(2608, 1, 250, 4, 2, 61),
(2609, 1, 250, 5, 2, 56),
(2610, 1, 250, 6, 1, 32),
(2611, 1, 250, 7, 1, 30),
(2612, 1, 250, 8, 1, 28),
(2613, 1, 250, 9, 2, 64),
(2614, 1, 250, 10, 1, 31),
(2615, 1, 250, 11, 1, 28),
(2616, 1, 250, 12, 1, 25),
(2617, 1, 250, 13, 1, 34),
(2618, 1, 250, 14, 1, 25),
(2619, 1, 251, 1, 1, 15),
(2620, 1, 251, 2, 1, 20),
(2621, 1, 251, 3, 1, 25),
(2622, 1, 251, 4, 1, 28),
(2623, 1, 251, 5, 1, 24),
(2624, 1, 251, 6, 1, 23),
(2625, 1, 251, 7, 1, 19),
(2626, 1, 251, 8, 1, 20),
(2627, 1, 251, 9, 0, 0),
(2628, 1, 251, 10, 0, 0),
(2629, 1, 251, 11, 0, 0),
(2630, 1, 251, 12, 0, 0),
(2631, 1, 251, 13, 0, 0),
(2632, 1, 251, 14, 0, 0),
(2633, 1, 252, 1, 1, 10),
(2634, 1, 252, 2, 1, 12),
(2635, 1, 252, 3, 1, 14),
(2636, 1, 252, 4, 1, 17),
(2637, 1, 252, 5, 1, 18),
(2638, 1, 252, 6, 1, 17),
(2639, 1, 252, 7, 1, 15),
(2640, 1, 252, 8, 1, 12),
(2641, 1, 252, 9, 0, 0),
(2642, 1, 252, 10, 0, 0),
(2643, 1, 252, 11, 0, 0),
(2644, 1, 252, 12, 0, 0),
(2645, 1, 252, 13, 0, 0),
(2646, 1, 252, 14, 0, 0),
(2647, 1, 253, 1, 1, 19),
(2648, 1, 253, 2, 1, 18),
(2649, 1, 253, 3, 1, 24),
(2650, 1, 253, 4, 1, 28),
(2651, 1, 253, 5, 1, 21),
(2652, 1, 253, 6, 1, 20),
(2653, 1, 253, 7, 1, 24),
(2654, 1, 253, 8, 1, 25),
(2655, 1, 253, 9, 2, 59),
(2656, 1, 253, 10, 1, 40),
(2657, 1, 253, 11, 1, 42),
(2658, 1, 253, 12, 1, 40),
(2659, 1, 253, 13, 1, 37),
(2660, 1, 253, 14, 1, 34),
(2661, 1, 254, 1, 1, 10),
(2662, 1, 254, 2, 1, 10),
(2663, 1, 254, 3, 1, 20),
(2664, 1, 254, 4, 1, 15),
(2665, 1, 254, 5, 1, 12),
(2666, 1, 254, 6, 1, 17),
(2667, 1, 254, 7, 1, 18),
(2668, 1, 254, 8, 1, 15),
(2669, 1, 254, 9, 0, 0),
(2670, 1, 254, 10, 0, 0),
(2671, 1, 254, 11, 0, 0),
(2672, 1, 254, 12, 0, 0),
(2673, 1, 254, 13, 0, 0),
(2674, 1, 254, 14, 0, 0),
(2675, 1, 255, 1, 1, 21),
(2676, 1, 255, 2, 1, 24),
(2677, 1, 255, 3, 1, 32),
(2678, 1, 255, 4, 1, 40),
(2679, 1, 255, 5, 1, 42),
(2680, 1, 255, 6, 1, 35),
(2681, 1, 255, 7, 1, 30),
(2682, 1, 255, 8, 1, 31),
(2683, 1, 255, 9, 1, 42),
(2684, 1, 255, 10, 1, 40),
(2685, 1, 255, 11, 1, 35),
(2686, 1, 255, 12, 1, 34),
(2687, 1, 255, 13, 1, 30),
(2688, 1, 255, 14, 1, 31),
(2689, 1, 256, 1, 0, 0),
(2690, 1, 256, 2, 0, 0),
(2691, 1, 256, 3, 1, 15),
(2692, 1, 256, 4, 1, 11),
(2693, 1, 256, 5, 1, 18),
(2694, 1, 256, 6, 1, 20),
(2695, 1, 256, 7, 1, 15),
(2696, 1, 256, 8, 1, 18),
(2697, 1, 256, 9, 0, 0),
(2698, 1, 256, 10, 0, 0),
(2699, 1, 256, 11, 0, 0),
(2700, 1, 256, 12, 0, 0),
(2701, 1, 256, 13, 0, 0),
(2702, 1, 256, 14, 0, 0),
(2703, 1, 257, 1, 0, 0),
(2704, 1, 257, 2, 0, 0),
(2705, 1, 257, 3, 1, 18),
(2706, 1, 257, 4, 1, 21),
(2707, 1, 257, 5, 1, 20),
(2708, 1, 257, 6, 1, 16),
(2709, 1, 257, 7, 1, 14),
(2710, 1, 257, 8, 1, 12),
(2711, 1, 257, 9, 0, 0),
(2712, 1, 257, 10, 0, 0),
(2713, 1, 257, 11, 0, 0),
(2714, 1, 257, 12, 0, 0),
(2715, 1, 257, 13, 0, 0),
(2716, 1, 257, 14, 0, 0),
(2717, 1, 258, 1, 1, 19),
(2718, 1, 258, 2, 2, 44),
(2719, 1, 258, 3, 2, 52),
(2720, 1, 258, 4, 2, 54),
(2721, 1, 258, 5, 2, 50),
(2722, 1, 258, 6, 2, 44),
(2723, 1, 258, 7, 1, 22),
(2724, 1, 258, 8, 1, 24),
(2725, 1, 258, 9, 0, 0),
(2726, 1, 258, 10, 0, 0),
(2727, 1, 258, 11, 0, 0),
(2728, 1, 258, 12, 0, 0),
(2729, 1, 258, 13, 0, 0),
(2730, 1, 258, 14, 0, 0),
(2731, 1, 259, 1, 0, 0),
(2732, 1, 259, 2, 1, 15),
(2733, 1, 259, 3, 1, 24),
(2734, 1, 259, 4, 1, 20),
(2735, 1, 259, 5, 1, 18),
(2736, 1, 259, 6, 1, 19),
(2737, 1, 259, 7, 1, 17),
(2738, 1, 259, 8, 1, 15),
(2739, 1, 259, 9, 0, 0),
(2740, 1, 259, 10, 0, 0),
(2741, 1, 259, 11, 0, 0),
(2742, 1, 259, 12, 0, 0),
(2743, 1, 259, 13, 0, 0),
(2744, 1, 259, 14, 0, 0),
(2745, 1, 260, 1, 1, 15),
(2746, 1, 260, 2, 1, 10),
(2747, 1, 260, 3, 1, 18),
(2748, 1, 260, 4, 0, 0),
(2749, 1, 260, 5, 0, 0),
(2750, 1, 260, 6, 0, 0),
(2751, 1, 260, 7, 0, 0),
(2752, 1, 260, 8, 0, 0),
(2753, 1, 260, 9, 0, 0),
(2754, 1, 260, 10, 0, 0),
(2755, 1, 260, 11, 0, 0),
(2756, 1, 260, 12, 0, 0),
(2757, 1, 260, 13, 0, 0),
(2758, 1, 260, 14, 0, 0),
(2759, 1, 261, 1, 1, 20),
(2760, 1, 261, 2, 1, 28),
(2761, 1, 261, 3, 1, 30),
(2762, 1, 261, 4, 0, 0),
(2763, 1, 261, 5, 0, 0),
(2764, 1, 261, 6, 0, 0),
(2765, 1, 261, 7, 0, 0),
(2766, 1, 261, 8, 0, 0),
(2767, 1, 261, 9, 0, 0),
(2768, 1, 261, 10, 0, 0),
(2769, 1, 261, 11, 0, 0),
(2770, 1, 261, 12, 0, 0),
(2771, 1, 261, 13, 0, 0),
(2772, 1, 261, 14, 0, 0),
(2773, 1, 262, 1, 1, 28),
(2774, 1, 262, 2, 1, 29),
(2775, 1, 262, 3, 1, 35),
(2776, 1, 262, 4, 0, 0),
(2777, 1, 262, 5, 0, 0),
(2778, 1, 262, 6, 0, 0),
(2779, 1, 262, 7, 0, 0),
(2780, 1, 262, 8, 0, 0),
(2781, 1, 262, 9, 0, 0),
(2782, 1, 262, 10, 0, 0),
(2783, 1, 262, 11, 0, 0),
(2784, 1, 262, 12, 0, 0),
(2785, 1, 262, 13, 0, 0),
(2786, 1, 262, 14, 0, 0),
(2787, 1, 263, 1, 1, 28),
(2788, 1, 263, 2, 1, 27),
(2789, 1, 263, 3, 1, 32),
(2790, 1, 263, 4, 0, 0),
(2791, 1, 263, 5, 0, 0),
(2792, 1, 263, 6, 0, 0),
(2793, 1, 263, 7, 0, 0),
(2794, 1, 263, 8, 0, 0),
(2795, 1, 263, 9, 0, 0),
(2796, 1, 263, 10, 0, 0),
(2797, 1, 263, 11, 0, 0),
(2798, 1, 263, 12, 0, 0),
(2799, 1, 263, 13, 0, 0),
(2800, 1, 263, 14, 0, 0),
(2801, 1, 264, 1, 0, 0),
(2802, 1, 264, 2, 0, 0),
(2803, 1, 264, 3, 1, 34),
(2804, 1, 264, 4, 1, 26),
(2805, 1, 264, 5, 1, 24),
(2806, 1, 264, 6, 1, 21),
(2807, 1, 264, 7, 1, 20),
(2808, 1, 264, 8, 1, 20),
(2809, 1, 264, 9, 0, 0),
(2810, 1, 264, 10, 0, 0),
(2811, 1, 264, 11, 0, 0),
(2812, 1, 264, 12, 0, 0),
(2813, 1, 264, 13, 0, 0),
(2814, 1, 264, 14, 0, 0),
(2815, 1, 265, 1, 0, 0),
(2816, 1, 265, 2, 0, 0),
(2817, 1, 265, 3, 1, 21),
(2818, 1, 265, 4, 1, 18),
(2819, 1, 265, 5, 1, 15),
(2820, 1, 265, 6, 1, 14),
(2821, 1, 265, 7, 1, 12),
(2822, 1, 265, 8, 1, 10),
(2823, 1, 265, 9, 0, 0),
(2824, 1, 265, 10, 0, 0),
(2825, 1, 265, 11, 0, 0),
(2826, 1, 265, 12, 0, 0),
(2827, 1, 265, 13, 0, 0),
(2828, 1, 265, 14, 0, 0),
(2829, 1, 266, 1, 1, 18),
(2830, 1, 266, 2, 2, 35),
(2831, 1, 266, 3, 2, 42),
(2832, 1, 266, 4, 2, 40),
(2833, 1, 266, 5, 2, 45),
(2834, 1, 266, 6, 2, 44),
(2835, 1, 266, 7, 2, 46),
(2836, 1, 266, 8, 2, 41),
(2837, 1, 266, 9, 2, 54),
(2838, 1, 266, 10, 2, 51),
(2839, 1, 266, 11, 2, 52),
(2840, 1, 266, 12, 2, 50),
(2841, 1, 266, 13, 2, 42),
(2842, 1, 266, 14, 2, 40),
(2843, 1, 268, 1, 0, 0),
(2844, 1, 268, 2, 1, 22),
(2845, 1, 268, 3, 2, 50),
(2846, 1, 268, 4, 2, 50),
(2847, 1, 268, 5, 2, 48),
(2848, 1, 268, 6, 2, 46),
(2849, 1, 268, 7, 2, 50),
(2850, 1, 268, 8, 2, 52),
(2851, 1, 268, 9, 3, 75),
(2852, 1, 268, 10, 2, 48),
(2853, 1, 268, 11, 2, 51),
(2854, 1, 268, 12, 2, 40),
(2855, 1, 268, 13, 1, 22),
(2856, 1, 268, 14, 1, 21),
(2857, 1, 269, 1, 0, 0),
(2858, 1, 269, 2, 1, 6),
(2859, 1, 269, 3, 1, 26),
(2860, 1, 269, 4, 1, 32),
(2861, 1, 269, 5, 1, 32),
(2862, 1, 269, 6, 1, 26),
(2863, 1, 269, 7, 1, 26),
(2864, 1, 269, 8, 1, 28),
(2865, 1, 269, 9, 0, 0),
(2866, 1, 269, 10, 0, 0),
(2867, 1, 269, 11, 0, 0),
(2868, 1, 269, 12, 0, 0),
(2869, 1, 269, 13, 0, 0),
(2870, 1, 269, 14, 0, 0),
(2871, 1, 270, 1, 1, 24),
(2872, 1, 270, 2, 1, 30),
(2873, 1, 270, 3, 1, 36),
(2874, 1, 270, 4, 1, 30),
(2875, 1, 270, 5, 1, 30),
(2876, 1, 270, 6, 1, 22),
(2877, 1, 270, 7, 1, 24),
(2878, 1, 270, 8, 1, 22),
(2879, 1, 270, 9, 0, 0),
(2880, 1, 270, 10, 0, 0),
(2881, 1, 270, 11, 0, 0),
(2882, 1, 270, 12, 0, 0),
(2883, 1, 270, 13, 0, 0),
(2884, 1, 270, 14, 0, 0),
(2885, 1, 271, 1, 0, 0),
(2886, 1, 271, 2, 2, 50),
(2887, 1, 271, 3, 2, 50),
(2888, 1, 271, 4, 2, 70),
(2889, 1, 271, 5, 2, 70),
(2890, 1, 271, 6, 2, 70),
(2891, 1, 271, 7, 2, 70),
(2892, 1, 271, 8, 2, 70),
(2893, 1, 271, 9, 2, 70),
(2894, 1, 271, 10, 2, 70),
(2895, 1, 271, 11, 2, 70),
(2896, 1, 271, 12, 2, 70),
(2897, 1, 271, 13, 2, 70),
(2898, 1, 271, 14, 2, 70),
(2899, 1, 272, 1, 0, 0),
(2900, 1, 272, 2, 0, 0),
(2901, 1, 272, 3, 0, 0),
(2902, 1, 272, 4, 4, 160),
(2903, 1, 272, 5, 4, 160),
(2904, 1, 272, 6, 4, 160),
(2905, 1, 272, 7, 4, 160),
(2906, 1, 272, 8, 4, 160),
(2907, 1, 272, 9, 3, 120),
(2908, 1, 272, 10, 2, 80),
(2909, 1, 272, 11, 3, 90),
(2910, 1, 272, 12, 3, 90),
(2911, 1, 272, 13, 3, 90),
(2912, 1, 272, 14, 3, 90),
(2913, 1, 273, 1, 0, 0),
(2914, 1, 273, 2, 0, 0),
(2915, 1, 273, 3, 2, 50),
(2916, 1, 273, 4, 1, 35),
(2917, 1, 273, 5, 2, 70),
(2918, 1, 273, 6, 2, 70),
(2919, 1, 273, 7, 2, 70),
(2920, 1, 273, 8, 2, 70),
(2921, 1, 273, 9, 2, 70),
(2922, 1, 273, 10, 2, 70),
(2923, 1, 273, 11, 2, 70),
(2924, 1, 273, 12, 2, 70),
(2925, 1, 273, 13, 2, 70),
(2926, 1, 273, 14, 2, 70),
(2927, 1, 274, 1, 1, 15),
(2928, 1, 274, 2, 1, 15),
(2929, 1, 274, 3, 1, 15),
(2930, 1, 274, 4, 1, 25),
(2931, 1, 274, 5, 1, 20),
(2932, 1, 274, 6, 1, 26),
(2933, 1, 274, 7, 1, 22),
(2934, 1, 274, 8, 1, 24),
(2935, 1, 274, 9, 0, 0),
(2936, 1, 274, 10, 0, 0),
(2937, 1, 274, 11, 0, 0),
(2938, 1, 274, 12, 0, 0),
(2939, 1, 274, 13, 0, 0),
(2940, 1, 274, 14, 0, 0),
(2941, 1, 275, 1, 1, 10),
(2942, 1, 275, 2, 1, 15),
(2943, 1, 275, 3, 1, 15),
(2944, 1, 275, 4, 2, 50),
(2945, 1, 275, 5, 2, 50),
(2946, 1, 275, 6, 1, 35),
(2947, 1, 275, 7, 1, 30),
(2948, 1, 275, 8, 1, 30),
(2949, 1, 275, 9, 2, 60),
(2950, 1, 275, 10, 2, 60),
(2951, 1, 275, 11, 2, 60),
(2952, 1, 275, 12, 1, 35),
(2953, 1, 275, 13, 1, 35),
(2954, 1, 275, 14, 1, 35),
(2955, 1, 276, 1, 0, 0),
(2956, 1, 276, 2, 1, 15),
(2957, 1, 276, 3, 1, 15),
(2958, 1, 276, 4, 1, 15),
(2959, 1, 276, 5, 1, 15),
(2960, 1, 276, 6, 1, 15),
(2961, 1, 276, 7, 1, 15),
(2962, 1, 276, 8, 1, 15),
(2963, 1, 276, 9, 0, 0),
(2964, 1, 276, 10, 0, 0),
(2965, 1, 276, 11, 0, 0),
(2966, 1, 276, 12, 0, 0),
(2967, 1, 276, 13, 0, 0),
(2968, 1, 276, 14, 0, 0),
(2969, 1, 277, 1, 3, 59),
(2970, 1, 277, 2, 3, 66),
(2971, 1, 277, 3, 3, 70),
(2972, 1, 277, 4, 3, 56),
(2973, 1, 277, 5, 3, 63),
(2974, 1, 277, 6, 3, 73),
(2975, 1, 277, 7, 3, 76),
(2976, 1, 277, 8, 3, 62),
(2977, 1, 277, 9, 3, 73),
(2978, 1, 277, 10, 3, 79),
(2979, 1, 277, 11, 3, 76),
(2980, 1, 277, 12, 3, 78),
(2981, 1, 277, 13, 3, 73),
(2982, 1, 277, 14, 3, 79),
(2983, 1, 278, 1, 0, 0),
(2984, 1, 278, 2, 2, 70),
(2985, 1, 278, 3, 2, 70),
(2986, 1, 278, 4, 2, 70),
(2987, 1, 278, 5, 2, 70),
(2988, 1, 278, 6, 2, 70),
(2989, 1, 278, 7, 2, 70),
(2990, 1, 278, 8, 2, 70),
(2991, 1, 278, 9, 3, 90),
(2992, 1, 278, 10, 2, 70),
(2993, 1, 278, 11, 3, 90),
(2994, 1, 278, 12, 2, 70),
(2995, 1, 278, 13, 2, 70),
(2996, 1, 278, 14, 2, 70),
(2997, 1, 279, 1, 0, 0),
(2998, 1, 279, 2, 1, 15),
(2999, 1, 279, 3, 1, 15),
(3000, 1, 279, 4, 1, 27),
(3001, 1, 279, 5, 1, 25),
(3002, 1, 279, 6, 1, 26),
(3003, 1, 279, 7, 1, 24),
(3004, 1, 279, 8, 1, 23),
(3005, 1, 279, 9, 1, 22),
(3006, 1, 279, 10, 1, 21),
(3007, 1, 279, 11, 1, 27),
(3008, 1, 279, 12, 1, 25),
(3009, 1, 279, 13, 1, 24),
(3010, 1, 279, 14, 1, 24),
(3011, 1, 280, 1, 0, 0),
(3012, 1, 280, 2, 0, 0),
(3013, 1, 280, 3, 0, 0),
(3014, 1, 280, 4, 0, 0),
(3015, 1, 280, 5, 0, 0),
(3016, 1, 280, 6, 0, 0),
(3017, 1, 280, 7, 0, 0),
(3018, 1, 280, 8, 0, 0),
(3019, 1, 280, 9, 4, 120),
(3020, 1, 280, 10, 9, 270),
(3021, 1, 280, 11, 9, 270),
(3022, 1, 280, 12, 9, 270),
(3023, 1, 280, 13, 9, 270),
(3024, 1, 280, 14, 9, 270),
(3025, 1, 281, 1, 0, 0),
(3026, 1, 281, 2, 0, 0),
(3027, 1, 281, 3, 1, 15),
(3028, 1, 281, 4, 1, 15),
(3029, 1, 281, 5, 1, 15),
(3030, 1, 281, 6, 1, 17),
(3031, 1, 281, 7, 1, 14),
(3032, 1, 281, 8, 1, 16),
(3033, 1, 281, 9, 1, 17),
(3034, 1, 281, 10, 1, 18),
(3035, 1, 281, 11, 1, 16),
(3036, 1, 281, 12, 1, 12),
(3037, 1, 281, 13, 1, 14),
(3038, 1, 281, 14, 1, 15),
(3039, 1, 282, 1, 2, 50),
(3040, 1, 282, 2, 2, 50),
(3041, 1, 282, 3, 2, 50),
(3042, 1, 282, 4, 2, 48),
(3043, 1, 282, 5, 2, 52),
(3044, 1, 282, 6, 1, 43),
(3045, 1, 282, 7, 2, 54),
(3046, 1, 282, 8, 1, 32),
(3047, 1, 282, 9, 0, 0),
(3048, 1, 282, 10, 0, 0),
(3049, 1, 282, 11, 0, 0),
(3050, 1, 282, 12, 0, 0),
(3051, 1, 282, 13, 0, 0),
(3052, 1, 282, 14, 0, 0),
(3053, 1, 283, 1, 1, 20),
(3054, 1, 283, 2, 1, 20),
(3055, 1, 283, 3, 2, 50),
(3056, 1, 283, 4, 2, 57),
(3057, 1, 283, 5, 2, 60),
(3058, 1, 283, 6, 2, 62),
(3059, 1, 283, 7, 2, 57),
(3060, 1, 283, 8, 2, 63),
(3061, 1, 283, 9, 0, 0),
(3062, 1, 283, 10, 0, 0),
(3063, 1, 283, 11, 0, 0),
(3064, 1, 283, 12, 0, 0),
(3065, 1, 283, 13, 0, 0),
(3066, 1, 283, 14, 0, 0),
(3067, 1, 284, 1, 0, 0),
(3068, 1, 284, 2, 0, 0),
(3069, 1, 284, 3, 0, 0),
(3070, 1, 284, 4, 3, 126),
(3071, 1, 284, 5, 3, 126),
(3072, 1, 284, 6, 3, 126),
(3073, 1, 284, 7, 3, 120),
(3074, 1, 284, 8, 3, 120),
(3075, 1, 284, 9, 3, 117),
(3076, 1, 284, 10, 3, 117),
(3077, 1, 284, 11, 3, 117),
(3078, 1, 284, 12, 3, 117),
(3079, 1, 284, 13, 3, 116),
(3080, 1, 284, 14, 3, 115),
(3081, 1, 285, 1, 0, 0),
(3082, 1, 285, 2, 1, 20),
(3083, 1, 285, 3, 2, 40),
(3084, 1, 285, 4, 2, 60),
(3085, 1, 285, 5, 2, 60),
(3086, 1, 285, 6, 2, 60),
(3087, 1, 285, 7, 2, 60),
(3088, 1, 285, 8, 2, 60),
(3089, 1, 285, 9, 2, 70),
(3090, 1, 285, 10, 2, 65),
(3091, 1, 285, 11, 2, 63),
(3092, 1, 285, 12, 2, 72),
(3093, 1, 285, 13, 2, 75),
(3094, 1, 285, 14, 2, 76),
(3095, 1, 286, 1, 1, 4),
(3096, 1, 286, 2, 1, 20),
(3097, 1, 286, 3, 2, 32),
(3098, 1, 286, 4, 3, 69),
(3099, 1, 286, 5, 2, 46),
(3100, 1, 286, 6, 3, 75),
(3101, 1, 286, 7, 2, 65),
(3102, 1, 286, 8, 2, 75),
(3103, 1, 286, 9, 3, 92),
(3104, 1, 286, 10, 2, 69),
(3105, 1, 286, 11, 3, 87),
(3106, 1, 286, 12, 3, 88),
(3107, 1, 286, 13, 2, 68),
(3108, 1, 286, 14, 2, 64),
(3109, 1, 288, 1, 1, 7),
(3110, 1, 288, 2, 1, 10),
(3111, 1, 288, 3, 1, 25),
(3112, 1, 288, 4, 2, 50),
(3113, 1, 288, 5, 2, 50),
(3114, 1, 288, 6, 2, 50),
(3115, 1, 288, 7, 2, 50),
(3116, 1, 288, 8, 2, 50),
(3117, 1, 288, 9, 2, 50),
(3118, 1, 288, 10, 2, 50),
(3119, 1, 288, 11, 2, 50),
(3120, 1, 288, 12, 2, 50),
(3121, 1, 288, 13, 1, 25),
(3122, 1, 288, 14, 2, 50),
(3123, 1, 289, 1, 0, 0),
(3124, 1, 289, 2, 0, 0),
(3125, 1, 289, 3, 0, 0),
(3126, 1, 289, 4, 2, 40),
(3127, 1, 289, 5, 2, 40),
(3128, 1, 289, 6, 2, 40),
(3129, 1, 289, 7, 2, 40),
(3130, 1, 289, 8, 2, 40),
(3131, 1, 289, 9, 2, 40),
(3132, 1, 289, 10, 2, 40),
(3133, 1, 289, 11, 2, 40),
(3134, 1, 289, 12, 2, 40),
(3135, 1, 289, 13, 2, 40),
(3136, 1, 289, 14, 2, 40),
(3137, 1, 290, 1, 0, 0),
(3138, 1, 290, 2, 0, 0),
(3139, 1, 290, 3, 1, 15),
(3140, 1, 290, 4, 1, 27),
(3141, 1, 290, 5, 2, 51),
(3142, 1, 290, 6, 2, 58),
(3143, 1, 290, 7, 2, 60),
(3144, 1, 290, 8, 2, 50),
(3145, 1, 290, 9, 2, 58),
(3146, 1, 290, 10, 3, 81),
(3147, 1, 290, 11, 3, 98),
(3148, 1, 290, 12, 3, 76),
(3149, 1, 290, 13, 3, 99),
(3150, 1, 290, 14, 3, 86),
(3151, 1, 291, 1, 0, 0),
(3152, 1, 291, 2, 3, 46),
(3153, 1, 291, 3, 2, 45),
(3154, 1, 291, 4, 0, 0),
(3155, 1, 291, 5, 0, 0),
(3156, 1, 291, 6, 0, 0),
(3157, 1, 291, 7, 0, 0),
(3158, 1, 291, 8, 0, 0),
(3159, 1, 291, 9, 0, 0),
(3160, 1, 291, 10, 0, 0),
(3161, 1, 291, 11, 0, 0),
(3162, 1, 291, 12, 0, 0),
(3163, 1, 291, 13, 0, 0),
(3164, 1, 291, 14, 0, 0),
(3165, 1, 291, 1, 0, 0),
(3166, 1, 291, 2, 3, 46),
(3167, 1, 291, 3, 2, 45),
(3168, 1, 291, 4, 0, 0),
(3169, 1, 291, 5, 0, 0),
(3170, 1, 291, 6, 0, 0),
(3171, 1, 291, 7, 0, 0),
(3172, 1, 291, 8, 0, 0),
(3173, 1, 291, 9, 0, 0),
(3174, 1, 291, 10, 0, 0),
(3175, 1, 291, 11, 0, 0),
(3176, 1, 291, 12, 0, 0),
(3177, 1, 291, 13, 0, 0),
(3178, 1, 291, 14, 0, 0),
(3179, 1, 292, 1, 1, 12),
(3180, 1, 292, 2, 1, 14),
(3181, 1, 292, 3, 1, 17),
(3182, 1, 292, 4, 0, 0),
(3183, 1, 292, 5, 0, 0),
(3184, 1, 292, 6, 0, 0),
(3185, 1, 292, 7, 0, 0),
(3186, 1, 292, 8, 0, 0),
(3187, 1, 292, 9, 0, 0),
(3188, 1, 292, 10, 0, 0),
(3189, 1, 292, 11, 0, 0),
(3190, 1, 292, 12, 0, 0),
(3191, 1, 292, 13, 0, 0),
(3192, 1, 292, 14, 0, 0),
(3193, 1, 293, 1, 0, 0),
(3194, 1, 293, 2, 0, 0),
(3195, 1, 293, 3, 1, 20),
(3196, 1, 293, 4, 2, 50),
(3197, 1, 293, 5, 2, 51),
(3198, 1, 293, 6, 2, 50),
(3199, 1, 293, 7, 2, 49),
(3200, 1, 293, 8, 2, 48),
(3201, 1, 293, 9, 2, 61),
(3202, 1, 293, 10, 2, 60),
(3203, 1, 293, 11, 2, 58),
(3204, 1, 293, 12, 2, 57),
(3205, 1, 293, 13, 2, 55),
(3206, 1, 293, 14, 2, 50),
(3207, 1, 294, 1, 1, 3),
(3208, 1, 294, 2, 1, 99),
(3209, 1, 294, 3, 1, 0),
(3210, 1, 294, 4, 1, 14),
(3211, 1, 294, 5, 1, 13),
(3212, 1, 294, 6, 1, 15),
(3213, 1, 294, 7, 2, 23),
(3214, 1, 294, 8, 1, 21),
(3215, 1, 294, 9, 2, 27),
(3216, 1, 294, 10, 2, 26),
(3217, 1, 294, 11, 2, 35),
(3218, 1, 294, 12, 2, 42),
(3219, 1, 294, 13, 2, 39),
(3220, 1, 294, 14, 2, 34),
(3221, 1, 295, 1, 0, 0),
(3222, 1, 295, 2, 0, 0),
(3223, 1, 295, 3, 0, 0),
(3224, 1, 295, 4, 1, 28),
(3225, 1, 295, 5, 1, 30),
(3226, 1, 295, 6, 1, 29),
(3227, 1, 295, 7, 1, 32),
(3228, 1, 295, 8, 1, 27),
(3229, 1, 295, 9, 1, 35),
(3230, 1, 295, 10, 2, 70),
(3231, 1, 295, 11, 2, 70),
(3232, 1, 295, 12, 1, 37),
(3233, 1, 295, 13, 1, 38),
(3234, 1, 295, 14, 1, 32),
(3235, 1, 296, 1, 1, 10),
(3236, 1, 296, 2, 1, 8),
(3237, 1, 296, 3, 1, 12),
(3238, 1, 296, 4, 2, 54),
(3239, 1, 296, 5, 2, 60),
(3240, 1, 296, 6, 2, 57),
(3241, 1, 296, 7, 1, 28),
(3242, 1, 296, 8, 1, 27),
(3243, 1, 296, 9, 1, 32),
(3244, 1, 296, 10, 2, 57),
(3245, 1, 296, 11, 2, 58),
(3246, 1, 296, 12, 2, 62),
(3247, 1, 296, 13, 2, 63),
(3248, 1, 296, 14, 2, 57),
(3249, 1, 297, 1, 0, 0),
(3250, 1, 297, 2, 1, 25),
(3251, 1, 297, 3, 2, 50),
(3252, 1, 297, 4, 2, 65),
(3253, 1, 297, 5, 2, 70),
(3254, 1, 297, 6, 2, 73),
(3255, 1, 297, 7, 2, 70),
(3256, 1, 297, 8, 2, 58),
(3257, 1, 297, 9, 3, 81),
(3258, 1, 297, 10, 3, 84),
(3259, 1, 297, 11, 3, 78),
(3260, 1, 297, 12, 2, 64),
(3261, 1, 297, 13, 2, 67),
(3262, 1, 297, 14, 2, 66),
(3263, 1, 298, 1, 0, 0),
(3264, 1, 298, 2, 1, 13),
(3265, 1, 298, 3, 2, 22),
(3266, 1, 298, 4, 2, 41),
(3267, 1, 298, 5, 2, 39),
(3268, 1, 298, 6, 2, 44),
(3269, 1, 298, 7, 2, 40),
(3270, 1, 298, 8, 2, 26),
(3271, 1, 298, 9, 2, 43),
(3272, 1, 298, 10, 1, 30),
(3273, 1, 298, 11, 1, 29),
(3274, 1, 298, 12, 1, 30),
(3275, 1, 298, 13, 1, 35),
(3276, 1, 298, 14, 1, 23),
(3277, 1, 299, 1, 0, 0),
(3278, 1, 299, 2, 0, 0),
(3279, 1, 299, 3, 2, 70),
(3280, 1, 299, 4, 3, 90),
(3281, 1, 299, 5, 3, 90),
(3282, 1, 299, 6, 3, 90),
(3283, 1, 299, 7, 3, 90),
(3284, 1, 299, 8, 3, 90),
(3285, 1, 299, 9, 2, 70),
(3286, 1, 299, 10, 2, 70),
(3287, 1, 299, 11, 2, 70),
(3288, 1, 299, 12, 2, 70),
(3289, 1, 299, 13, 2, 70),
(3290, 1, 299, 14, 2, 70),
(3291, 1, 304, 1, 2, 32),
(3292, 1, 304, 2, 2, 30),
(3293, 1, 304, 3, 1, 18),
(3294, 1, 304, 4, 0, 0),
(3295, 1, 304, 5, 0, 0),
(3296, 1, 304, 6, 0, 0),
(3297, 1, 304, 7, 0, 0),
(3298, 1, 304, 8, 0, 0),
(3299, 1, 304, 9, 0, 0),
(3300, 1, 304, 10, 0, 0),
(3301, 1, 304, 11, 0, 0),
(3302, 1, 304, 12, 0, 0),
(3303, 1, 304, 13, 0, 0),
(3304, 1, 304, 14, 0, 0),
(3305, 1, 305, 1, 0, 0),
(3306, 1, 305, 2, 1, 13),
(3307, 1, 305, 3, 2, 42),
(3308, 1, 305, 4, 2, 41),
(3309, 1, 305, 5, 2, 39),
(3310, 1, 305, 6, 2, 44),
(3311, 1, 305, 7, 2, 40),
(3312, 1, 305, 8, 1, 26),
(3313, 1, 305, 9, 2, 43),
(3314, 1, 305, 10, 1, 30),
(3315, 1, 305, 11, 1, 29),
(3316, 1, 305, 12, 1, 30),
(3317, 1, 305, 13, 1, 35),
(3318, 1, 305, 14, 1, 23),
(3319, 1, 306, 1, 1, 16),
(3320, 1, 306, 2, 1, 22),
(3321, 1, 306, 3, 1, 25),
(3322, 1, 306, 4, 1, 30),
(3323, 1, 306, 5, 1, 30),
(3324, 1, 306, 6, 1, 30),
(3325, 1, 306, 7, 1, 30),
(3326, 1, 306, 8, 1, 30),
(3327, 1, 306, 9, 1, 30),
(3328, 1, 306, 10, 2, 60),
(3329, 1, 306, 11, 2, 60),
(3330, 1, 306, 12, 2, 60),
(3331, 1, 306, 13, 2, 60),
(3332, 1, 306, 14, 2, 60),
(3333, 1, 311, 1, 0, 0),
(3334, 1, 311, 2, 0, 0),
(3335, 1, 311, 3, 2, 80),
(3336, 1, 311, 4, 2, 70),
(3337, 1, 311, 5, 2, 70),
(3338, 1, 311, 6, 2, 70),
(3339, 1, 311, 7, 2, 70),
(3340, 1, 311, 8, 2, 70),
(3341, 1, 311, 9, 3, 114),
(3342, 1, 311, 10, 3, 114),
(3343, 1, 311, 11, 3, 114),
(3344, 1, 311, 12, 3, 114),
(3345, 1, 311, 13, 3, 98),
(3346, 1, 311, 14, 3, 102),
(3347, 1, 301, 1, 0, 0),
(3348, 1, 301, 2, 1, 23),
(3349, 1, 301, 3, 1, 22),
(3350, 1, 301, 4, 1, 25),
(3351, 1, 301, 5, 1, 30),
(3352, 1, 301, 6, 1, 32),
(3353, 1, 301, 7, 1, 30),
(3354, 1, 301, 8, 1, 27),
(3355, 1, 301, 9, 0, 0),
(3356, 1, 301, 10, 0, 0),
(3357, 1, 301, 11, 0, 0),
(3358, 1, 301, 12, 0, 0),
(3359, 1, 301, 13, 0, 0),
(3360, 1, 301, 14, 0, 0),
(3361, 1, 322, 1, 0, 0),
(3362, 1, 322, 2, 1, 15),
(3363, 1, 322, 3, 2, 38),
(3364, 1, 322, 4, 2, 42),
(3365, 1, 322, 5, 2, 45),
(3366, 1, 322, 6, 2, 40),
(3367, 1, 322, 7, 2, 45),
(3368, 1, 322, 8, 2, 42),
(3369, 1, 322, 9, 2, 40),
(3370, 1, 322, 10, 2, 50),
(3371, 1, 322, 11, 2, 48),
(3372, 1, 322, 12, 2, 45),
(3373, 1, 322, 13, 2, 46),
(3374, 1, 322, 14, 2, 43),
(3375, 1, 313, 1, 0, 0),
(3376, 1, 313, 2, 2, 50),
(3377, 1, 313, 3, 2, 55),
(3378, 1, 313, 4, 3, 100),
(3379, 1, 313, 5, 3, 98),
(3380, 1, 313, 6, 3, 100),
(3381, 1, 313, 7, 3, 97),
(3382, 1, 313, 8, 3, 105),
(3383, 1, 313, 9, 0, 0),
(3384, 1, 313, 10, 0, 0),
(3385, 1, 313, 11, 0, 0),
(3386, 1, 313, 12, 0, 0),
(3387, 1, 313, 13, 0, 0),
(3388, 1, 313, 14, 0, 0),
(3389, 1, 327, 1, 1, 18),
(3390, 1, 327, 2, 1, 22),
(3391, 1, 327, 3, 1, 25),
(3392, 1, 327, 4, 1, 25),
(3393, 1, 327, 5, 1, 25),
(3394, 1, 327, 6, 1, 25),
(3395, 1, 327, 7, 1, 25),
(3396, 1, 327, 8, 1, 25),
(3397, 1, 327, 9, 1, 20),
(3398, 1, 327, 10, 1, 20),
(3399, 1, 327, 11, 1, 20),
(3400, 1, 327, 12, 1, 20),
(3401, 1, 327, 13, 1, 15),
(3402, 1, 327, 14, 1, 15),
(3403, 1, 323, 1, 0, 0),
(3404, 1, 323, 2, 0, 0),
(3405, 1, 323, 3, 0, 0),
(3406, 1, 323, 4, 1, 19),
(3407, 1, 323, 5, 1, 27),
(3408, 1, 323, 6, 1, 29),
(3409, 1, 323, 7, 1, 31),
(3410, 1, 323, 8, 1, 30),
(3411, 1, 323, 9, 1, 73),
(3412, 1, 323, 10, 2, 60),
(3413, 1, 323, 11, 2, 70),
(3414, 1, 323, 12, 2, 78),
(3415, 1, 323, 13, 2, 65),
(3416, 1, 323, 14, 2, 60),
(3417, 1, 315, 1, 2, 45),
(3418, 1, 315, 2, 2, 70),
(3419, 1, 315, 3, 3, 100),
(3420, 1, 315, 4, 2, 60),
(3421, 1, 315, 5, 2, 65),
(3422, 1, 315, 6, 2, 70),
(3423, 1, 315, 7, 2, 68),
(3424, 1, 315, 8, 2, 65),
(3425, 1, 315, 9, 2, 70),
(3426, 1, 315, 10, 2, 68),
(3427, 1, 315, 11, 2, 70),
(3428, 1, 315, 12, 2, 68),
(3429, 1, 315, 13, 2, 75),
(3430, 1, 315, 14, 2, 70),
(3431, 1, 331, 1, 0, 0),
(3432, 1, 331, 2, 1, 18),
(3433, 1, 331, 3, 1, 16),
(3434, 1, 331, 4, 1, 22),
(3435, 1, 331, 5, 1, 23),
(3436, 1, 331, 6, 1, 22),
(3437, 1, 331, 7, 1, 26),
(3438, 1, 331, 8, 1, 25),
(3439, 1, 331, 9, 1, 26),
(3440, 1, 331, 10, 1, 26),
(3441, 1, 331, 11, 1, 22),
(3442, 1, 331, 12, 1, 23),
(3443, 1, 331, 13, 1, 24),
(3444, 1, 331, 14, 1, 28),
(3445, 1, 314, 1, 1, 10),
(3446, 1, 314, 2, 1, 15),
(3447, 1, 314, 3, 1, 30),
(3448, 1, 314, 4, 1, 38),
(3449, 1, 314, 5, 1, 32),
(3450, 1, 314, 6, 1, 33),
(3451, 1, 314, 7, 1, 30),
(3452, 1, 314, 8, 1, 32),
(3453, 1, 314, 9, 0, 0),
(3454, 1, 314, 10, 0, 0),
(3455, 1, 314, 11, 0, 0),
(3456, 1, 314, 12, 0, 0),
(3457, 1, 314, 13, 0, 0),
(3458, 1, 314, 14, 0, 0),
(3459, 1, 317, 1, 0, 0),
(3460, 1, 317, 2, 1, 15),
(3461, 1, 317, 3, 1, 25),
(3462, 1, 317, 4, 2, 40),
(3463, 1, 317, 5, 2, 50),
(3464, 1, 317, 6, 2, 55),
(3465, 1, 317, 7, 2, 51),
(3466, 1, 317, 8, 2, 48),
(3467, 1, 317, 9, 2, 50),
(3468, 1, 317, 10, 2, 60),
(3469, 1, 317, 11, 2, 60),
(3470, 1, 317, 12, 2, 56),
(3471, 1, 317, 13, 2, 67),
(3472, 1, 317, 14, 2, 65),
(3473, 1, 321, 1, 1, 12),
(3474, 1, 321, 2, 1, 15),
(3475, 1, 321, 3, 1, 20),
(3476, 1, 321, 4, 2, 55),
(3477, 1, 321, 5, 2, 60),
(3478, 1, 321, 6, 2, 62),
(3479, 1, 321, 7, 2, 66),
(3480, 1, 321, 8, 2, 66),
(3481, 1, 321, 9, 2, 55),
(3482, 1, 321, 10, 2, 60),
(3483, 1, 321, 11, 2, 55),
(3484, 1, 321, 12, 2, 58),
(3485, 1, 321, 13, 1, 30),
(3486, 1, 321, 14, 1, 30),
(3487, 1, 340, 1, 0, 0),
(3488, 1, 340, 2, 0, 0),
(3489, 1, 340, 3, 1, 17),
(3490, 1, 340, 4, 1, 30),
(3491, 1, 340, 5, 1, 30),
(3492, 1, 340, 6, 1, 30),
(3493, 1, 340, 7, 1, 30),
(3494, 1, 340, 8, 1, 30),
(3495, 1, 340, 9, 2, 70),
(3496, 1, 340, 10, 2, 66),
(3497, 1, 340, 11, 3, 98),
(3498, 1, 340, 12, 2, 72),
(3499, 1, 340, 13, 2, 70),
(3500, 1, 340, 14, 2, 75),
(3501, 1, 344, 1, 1, 20),
(3502, 1, 344, 2, 1, 18),
(3503, 1, 344, 3, 1, 18),
(3504, 1, 344, 4, 2, 40),
(3505, 1, 344, 5, 2, 36),
(3506, 1, 344, 6, 2, 44),
(3507, 1, 344, 7, 2, 40),
(3508, 1, 344, 8, 2, 40),
(3509, 1, 344, 9, 0, 0),
(3510, 1, 344, 10, 0, 0),
(3511, 1, 344, 11, 0, 0),
(3512, 1, 344, 12, 0, 0),
(3513, 1, 344, 13, 0, 0),
(3514, 1, 344, 14, 0, 0),
(3515, 1, 300, 1, 0, 0),
(3516, 1, 300, 2, 1, 13),
(3517, 1, 300, 3, 1, 16),
(3518, 1, 300, 4, 1, 14),
(3519, 1, 300, 5, 1, 16),
(3520, 1, 300, 6, 1, 18),
(3521, 1, 300, 7, 1, 15),
(3522, 1, 300, 8, 1, 15),
(3523, 1, 300, 9, 1, 18),
(3524, 1, 300, 10, 1, 18),
(3525, 1, 300, 11, 1, 20),
(3526, 1, 300, 12, 1, 18),
(3527, 1, 300, 13, 1, 20),
(3528, 1, 300, 14, 11, 17),
(3529, 1, 319, 1, 0, 0),
(3530, 1, 319, 2, 2, 50),
(3531, 1, 319, 3, 2, 50),
(3532, 1, 319, 4, 2, 60),
(3533, 1, 319, 5, 2, 55),
(3534, 1, 319, 6, 2, 56),
(3535, 1, 319, 7, 2, 60),
(3536, 1, 319, 8, 2, 58),
(3537, 1, 319, 9, 2, 65),
(3538, 1, 319, 10, 2, 60),
(3539, 1, 319, 11, 2, 60),
(3540, 1, 319, 12, 2, 55),
(3541, 1, 319, 13, 2, 65),
(3542, 1, 319, 14, 2, 60),
(3543, 1, 347, 1, 1, 13),
(3544, 1, 347, 2, 1, 15),
(3545, 1, 347, 3, 1, 15),
(3546, 1, 347, 4, 2, 60),
(3547, 1, 347, 5, 2, 60),
(3548, 1, 347, 6, 2, 60),
(3549, 1, 347, 7, 2, 60),
(3550, 1, 347, 8, 2, 60),
(3551, 1, 347, 9, 0, 0),
(3552, 1, 347, 10, 0, 0),
(3553, 1, 347, 11, 0, 0),
(3554, 1, 347, 12, 0, 0),
(3555, 1, 347, 13, 0, 0),
(3556, 1, 347, 14, 0, 0),
(3557, 1, 302, 1, 0, 0),
(3558, 1, 302, 2, 0, 0),
(3559, 1, 302, 3, 0, 0),
(3560, 1, 302, 4, 2, 48),
(3561, 1, 302, 5, 2, 50),
(3562, 1, 302, 6, 2, 50),
(3563, 1, 302, 7, 2, 55),
(3564, 1, 302, 8, 2, 60),
(3565, 1, 302, 9, 2, 65),
(3566, 1, 302, 10, 2, 70),
(3567, 1, 302, 11, 2, 70),
(3568, 1, 302, 12, 2, 55),
(3569, 1, 302, 13, 2, 60),
(3570, 1, 302, 14, 2, 65),
(3571, 1, 320, 1, 0, 0),
(3572, 1, 320, 2, 0, 0),
(3573, 1, 320, 3, 0, 0),
(3574, 1, 320, 4, 3, 90),
(3575, 1, 320, 5, 3, 75),
(3576, 1, 320, 6, 3, 89),
(3577, 1, 320, 7, 3, 95),
(3578, 1, 320, 8, 3, 90),
(3579, 1, 320, 9, 3, 90),
(3580, 1, 320, 10, 3, 85),
(3581, 1, 320, 11, 3, 94),
(3582, 1, 320, 12, 3, 89),
(3583, 1, 320, 13, 3, 95),
(3584, 1, 320, 14, 3, 86),
(3585, 1, 316, 1, 1, 12),
(3586, 1, 316, 2, 1, 25),
(3587, 1, 316, 3, 2, 31),
(3588, 1, 316, 4, 3, 55),
(3589, 1, 316, 5, 4, 100),
(3590, 1, 316, 6, 4, 106),
(3591, 1, 316, 7, 4, 123),
(3592, 1, 316, 8, 4, 130),
(3593, 1, 316, 9, 4, 123),
(3594, 1, 316, 10, 4, 138),
(3595, 1, 316, 11, 3, 120),
(3596, 1, 316, 12, 3, 90),
(3597, 1, 316, 13, 2, 60),
(3598, 1, 316, 14, 2, 60),
(3599, 1, 349, 1, 1, 22),
(3600, 1, 349, 2, 2, 40),
(3601, 1, 349, 3, 2, 45),
(3602, 1, 349, 4, 2, 60),
(3603, 1, 349, 5, 2, 65),
(3604, 1, 349, 6, 2, 58),
(3605, 1, 349, 7, 2, 63),
(3606, 1, 349, 8, 2, 65),
(3607, 1, 349, 9, 2, 65),
(3608, 1, 349, 10, 2, 60),
(3609, 1, 349, 11, 2, 57),
(3610, 1, 349, 12, 2, 62),
(3611, 1, 349, 13, 3, 80),
(3612, 1, 349, 14, 3, 92),
(3613, 1, 362, 1, 0, 0),
(3614, 1, 362, 2, 0, 0),
(3615, 1, 362, 3, 0, 0),
(3616, 1, 362, 4, 1, 25),
(3617, 1, 362, 5, 1, 24),
(3618, 1, 362, 6, 1, 22),
(3619, 1, 362, 7, 1, 25),
(3620, 1, 362, 8, 1, 60),
(3621, 1, 362, 9, 2, 70),
(3622, 1, 362, 10, 2, 62),
(3623, 1, 362, 11, 2, 70),
(3624, 1, 362, 12, 2, 60),
(3625, 1, 362, 13, 2, 60),
(3626, 1, 362, 14, 2, 58),
(3627, 1, 363, 1, 0, 0),
(3628, 1, 363, 2, 0, 0),
(3629, 1, 363, 3, 1, 34),
(3630, 1, 363, 4, 1, 30),
(3631, 1, 363, 5, 1, 25),
(3632, 1, 363, 6, 1, 34),
(3633, 1, 363, 7, 1, 27),
(3634, 1, 363, 8, 1, 28),
(3635, 1, 363, 9, 2, 50),
(3636, 1, 363, 10, 2, 64),
(3637, 1, 363, 11, 2, 50),
(3638, 1, 363, 12, 1, 26),
(3639, 1, 363, 13, 1, 25),
(3640, 1, 363, 14, 1, 20),
(3641, 1, 360, 1, 1, 12),
(3642, 1, 360, 2, 1, 18),
(3643, 1, 360, 3, 1, 22),
(3644, 1, 360, 4, 2, 46),
(3645, 1, 360, 5, 1, 32),
(3646, 1, 360, 6, 1, 38),
(3647, 1, 360, 7, 1, 39),
(3648, 1, 360, 8, 1, 28),
(3649, 1, 360, 9, 0, 0),
(3650, 1, 360, 10, 0, 0),
(3651, 1, 360, 11, 0, 0),
(3652, 1, 360, 12, 0, 0),
(3653, 1, 360, 13, 0, 0),
(3654, 1, 360, 14, 0, 0),
(3655, 1, 365, 1, 0, 0),
(3656, 1, 365, 2, 0, 0),
(3657, 1, 365, 3, 1, 18),
(3658, 1, 365, 4, 1, 23),
(3659, 1, 365, 5, 1, 25),
(3660, 1, 365, 6, 1, 28),
(3661, 1, 365, 7, 1, 29),
(3662, 1, 365, 8, 1, 25),
(3663, 1, 365, 9, 1, 35),
(3664, 1, 365, 10, 2, 57),
(3665, 1, 365, 11, 2, 60),
(3666, 1, 365, 12, 2, 60),
(3667, 1, 365, 13, 2, 55),
(3668, 1, 365, 14, 2, 51),
(3669, 1, 368, 1, 1, 11),
(3670, 1, 368, 2, 2, 44),
(3671, 1, 368, 3, 2, 40),
(3672, 1, 368, 4, 2, 40),
(3673, 1, 368, 5, 2, 42),
(3674, 1, 368, 6, 2, 39),
(3675, 1, 368, 7, 2, 38),
(3676, 1, 368, 8, 2, 40),
(3677, 1, 368, 9, 1, 30),
(3678, 1, 368, 10, 1, 24),
(3679, 1, 368, 11, 1, 27),
(3680, 1, 368, 12, 1, 23),
(3681, 1, 368, 13, 1, 25),
(3682, 1, 368, 14, 11, 18),
(3683, 1, 367, 1, 1, 18),
(3684, 1, 367, 2, 1, 22),
(3685, 1, 367, 3, 1, 25),
(3686, 1, 367, 4, 2, 50),
(3687, 1, 367, 5, 2, 55),
(3688, 1, 367, 6, 2, 53),
(3689, 1, 367, 7, 2, 56),
(3690, 1, 367, 8, 2, 55),
(3691, 1, 367, 9, 2, 58),
(3692, 1, 367, 10, 2, 50),
(3693, 1, 367, 11, 3, 75),
(3694, 1, 367, 12, 3, 78),
(3695, 1, 367, 13, 3, 76),
(3696, 1, 367, 14, 3, 75),
(3697, 1, 373, 1, 0, 0),
(3698, 1, 373, 2, 0, 0),
(3699, 1, 373, 3, 0, 0),
(3700, 1, 373, 4, 1, 33),
(3701, 1, 373, 5, 1, 32),
(3702, 1, 373, 6, 1, 28),
(3703, 1, 373, 7, 1, 30),
(3704, 1, 373, 8, 1, 32),
(3705, 1, 373, 9, 1, 26),
(3706, 1, 373, 10, 1, 30),
(3707, 1, 373, 11, 1, 32),
(3708, 1, 373, 12, 1, 28),
(3709, 1, 373, 13, 1, 25),
(3710, 1, 373, 14, 1, 27),
(3711, 1, 372, 1, 1, 18),
(3712, 1, 372, 2, 1, 22),
(3713, 1, 372, 3, 2, 36),
(3714, 1, 372, 4, 2, 40),
(3715, 1, 372, 5, 2, 40),
(3716, 1, 372, 6, 2, 48),
(3717, 1, 372, 7, 2, 52),
(3718, 1, 372, 8, 2, 55),
(3719, 1, 372, 9, 2, 56),
(3720, 1, 372, 10, 2, 50),
(3721, 1, 372, 11, 2, 60),
(3722, 1, 372, 12, 2, 60),
(3723, 1, 372, 13, 2, 60),
(3724, 1, 372, 14, 2, 54),
(3725, 1, 377, 1, 0, 0),
(3726, 1, 377, 2, 1, 25),
(3727, 1, 377, 3, 1, 30),
(3728, 1, 377, 4, 2, 50),
(3729, 1, 377, 5, 2, 55),
(3730, 1, 377, 6, 2, 54),
(3731, 1, 377, 7, 2, 50),
(3732, 1, 377, 8, 1, 30),
(3733, 1, 377, 9, 0, 0),
(3734, 1, 377, 10, 0, 0),
(3735, 1, 377, 11, 0, 0),
(3736, 1, 377, 12, 0, 0),
(3737, 1, 377, 13, 0, 0),
(3738, 1, 377, 14, 0, 0),
(3739, 1, 375, 1, 1, 20),
(3740, 1, 375, 2, 1, 20),
(3741, 1, 375, 3, 1, 20),
(3742, 1, 375, 4, 1, 28),
(3743, 1, 375, 5, 1, 28),
(3744, 1, 375, 6, 1, 28),
(3745, 1, 375, 7, 1, 28),
(3746, 1, 375, 8, 1, 28),
(3747, 1, 375, 9, 1, 30),
(3748, 1, 375, 10, 1, 32),
(3749, 1, 375, 11, 1, 28),
(3750, 1, 375, 12, 1, 31),
(3751, 1, 375, 13, 1, 30),
(3752, 1, 375, 14, 1, 31),
(3753, 1, 378, 1, 1, 15),
(3754, 1, 378, 2, 1, 17),
(3755, 1, 378, 3, 1, 20),
(3756, 1, 378, 4, 1, 25),
(3757, 1, 378, 5, 1, 22),
(3758, 1, 378, 6, 1, 20),
(3759, 1, 378, 7, 1, 24),
(3760, 1, 378, 8, 1, 20),
(3761, 1, 378, 9, 1, 30),
(3762, 1, 378, 10, 1, 25),
(3763, 1, 378, 11, 1, 23),
(3764, 1, 378, 12, 1, 24),
(3765, 1, 378, 13, 1, 20),
(3766, 1, 378, 14, 1, 19),
(3767, 1, 379, 1, 0, 40),
(3768, 1, 379, 2, 0, 40),
(3769, 1, 379, 3, 0, 40),
(3770, 1, 379, 4, 0, 80),
(3771, 1, 379, 5, 0, 76),
(3772, 1, 379, 6, 0, 82),
(3773, 1, 379, 7, 0, 78),
(3774, 1, 379, 8, 0, 80),
(3775, 1, 379, 9, 0, 0),
(3776, 1, 379, 10, 0, 0),
(3777, 1, 379, 11, 0, 0),
(3778, 1, 379, 12, 0, 0),
(3779, 1, 379, 13, 0, 0),
(3780, 1, 379, 14, 0, 0),
(3781, 1, 380, 1, 1, 15),
(3782, 1, 380, 2, 1, 25),
(3783, 1, 380, 3, 1, 30),
(3784, 1, 380, 4, 1, 32),
(3785, 1, 380, 5, 1, 30),
(3786, 1, 380, 6, 1, 28),
(3787, 1, 380, 7, 1, 30),
(3788, 1, 380, 8, 1, 25),
(3789, 1, 380, 9, 0, 0),
(3790, 1, 380, 10, 0, 0),
(3791, 1, 380, 11, 0, 0),
(3792, 1, 380, 12, 0, 0),
(3793, 1, 380, 13, 0, 0),
(3794, 1, 380, 14, 0, 0),
(3795, 1, 381, 1, 1, 0),
(3796, 1, 381, 2, 1, 0),
(3797, 1, 381, 3, 1, 13),
(3798, 1, 381, 4, 1, 24),
(3799, 1, 381, 5, 1, 35),
(3800, 1, 381, 6, 1, 29),
(3801, 1, 381, 7, 1, 39),
(3802, 1, 381, 8, 1, 37),
(3803, 1, 381, 9, 2, 71),
(3804, 1, 381, 10, 2, 83),
(3805, 1, 381, 11, 2, 87),
(3806, 1, 381, 12, 2, 79),
(3807, 1, 381, 13, 2, 74),
(3808, 1, 381, 14, 2, 69),
(3809, 1, 382, 1, 0, 0),
(3810, 1, 382, 2, 0, 0),
(3811, 1, 382, 3, 1, 20),
(3812, 1, 382, 4, 1, 25),
(3813, 1, 382, 5, 1, 26),
(3814, 1, 382, 6, 1, 34),
(3815, 1, 382, 7, 1, 24),
(3816, 1, 382, 8, 1, 22),
(3817, 1, 382, 9, 0, 0),
(3818, 1, 382, 10, 0, 0),
(3819, 1, 382, 11, 0, 0),
(3820, 1, 382, 12, 0, 0),
(3821, 1, 382, 13, 0, 0),
(3822, 1, 382, 14, 0, 0),
(3823, 1, 383, 1, 1, 25),
(3824, 1, 383, 2, 1, 30),
(3825, 1, 383, 3, 1, 30),
(3826, 1, 383, 4, 1, 30),
(3827, 1, 383, 5, 1, 30),
(3828, 1, 383, 6, 1, 30),
(3829, 1, 383, 7, 1, 30),
(3830, 1, 383, 8, 1, 30),
(3831, 1, 383, 9, 0, 0),
(3832, 1, 383, 10, 0, 0),
(3833, 1, 383, 11, 0, 0),
(3834, 1, 383, 12, 0, 0),
(3835, 1, 383, 13, 0, 0),
(3836, 1, 383, 14, 0, 0),
(3837, 1, 384, 1, 0, 0),
(3838, 1, 384, 2, 2, 52),
(3839, 1, 384, 3, 3, 76),
(3840, 1, 384, 4, 2, 72),
(3841, 1, 384, 5, 2, 75),
(3842, 1, 384, 6, 2, 73),
(3843, 1, 384, 7, 2, 75),
(3844, 1, 384, 8, 2, 77),
(3845, 1, 384, 9, 2, 70),
(3846, 1, 384, 10, 2, 72),
(3847, 1, 384, 11, 2, 66),
(3848, 1, 384, 12, 2, 73),
(3849, 1, 384, 13, 2, 64),
(3850, 1, 384, 14, 2, 56),
(3851, 1, 386, 1, 0, 0),
(3852, 1, 386, 2, 1, 15),
(3853, 1, 386, 3, 1, 20),
(3854, 1, 386, 4, 1, 18),
(3855, 1, 386, 5, 1, 20),
(3856, 1, 386, 6, 1, 23),
(3857, 1, 386, 7, 1, 21),
(3858, 1, 386, 8, 1, 18),
(3859, 1, 386, 9, 2, 40),
(3860, 1, 386, 10, 2, 38),
(3861, 1, 386, 11, 2, 43),
(3862, 1, 386, 12, 2, 38),
(3863, 1, 386, 13, 2, 45),
(3864, 1, 386, 14, 2, 40),
(3865, 1, 387, 1, 0, 0),
(3866, 1, 387, 2, 0, 0),
(3867, 1, 387, 3, 0, 0),
(3868, 1, 387, 4, 2, 50),
(3869, 1, 387, 5, 2, 55),
(3870, 1, 387, 6, 2, 60),
(3871, 1, 387, 7, 2, 58),
(3872, 1, 387, 8, 2, 64),
(3873, 1, 387, 9, 2, 70),
(3874, 1, 387, 10, 2, 65),
(3875, 1, 387, 11, 2, 62),
(3876, 1, 387, 12, 2, 60),
(3877, 1, 387, 13, 2, 64),
(3878, 1, 387, 14, 2, 60),
(3879, 1, 385, 1, 2, 38),
(3880, 1, 385, 2, 2, 36),
(3881, 1, 385, 3, 2, 46),
(3882, 1, 385, 4, 2, 50),
(3883, 1, 385, 5, 2, 48),
(3884, 1, 385, 6, 2, 54),
(3885, 1, 385, 7, 2, 50),
(3886, 1, 385, 8, 2, 50),
(3887, 1, 385, 9, 2, 55),
(3888, 1, 385, 10, 2, 52),
(3889, 1, 385, 11, 2, 56),
(3890, 1, 385, 12, 2, 54),
(3891, 1, 385, 13, 2, 53),
(3892, 1, 385, 14, 2, 46),
(3893, 1, 394, 1, 0, 0),
(3894, 1, 394, 2, 1, 10),
(3895, 1, 394, 3, 1, 14),
(3896, 1, 394, 4, 1, 18),
(3897, 1, 394, 5, 1, 17),
(3898, 1, 394, 6, 1, 15),
(3899, 1, 394, 7, 1, 16),
(3900, 1, 394, 8, 1, 18),
(3901, 1, 394, 9, 1, 19),
(3902, 1, 394, 10, 1, 17),
(3903, 1, 394, 11, 1, 19),
(3904, 1, 394, 12, 1, 20),
(3905, 1, 394, 13, 1, 18),
(3906, 1, 394, 14, 1, 18),
(3907, 1, 396, 1, 0, 0),
(3908, 1, 396, 2, 1, 14),
(3909, 1, 396, 3, 1, 28),
(3910, 1, 396, 4, 1, 35),
(3911, 1, 396, 5, 1, 33),
(3912, 1, 396, 6, 1, 31),
(3913, 1, 396, 7, 1, 29),
(3914, 1, 396, 8, 1, 25),
(3915, 1, 396, 9, 0, 0),
(3916, 1, 396, 10, 0, 0),
(3917, 1, 396, 11, 0, 0),
(3918, 1, 396, 12, 0, 0),
(3919, 1, 396, 13, 0, 0),
(3920, 1, 396, 14, 0, 0),
(3921, 1, 403, 1, 0, 0),
(3922, 1, 403, 2, 0, 0),
(3923, 1, 403, 3, 0, 0),
(3924, 1, 403, 4, 3, 90),
(3925, 1, 403, 5, 3, 92),
(3926, 1, 403, 6, 3, 94),
(3927, 1, 403, 7, 3, 90),
(3928, 1, 403, 8, 3, 85),
(3929, 1, 403, 9, 2, 60),
(3930, 1, 403, 10, 2, 55),
(3931, 1, 403, 11, 2, 64),
(3932, 1, 403, 12, 2, 66),
(3933, 1, 403, 13, 2, 60),
(3934, 1, 403, 14, 2, 60),
(3935, 1, 404, 1, 1, 8),
(3936, 1, 404, 2, 1, 18),
(3937, 1, 404, 3, 3, 54),
(3938, 1, 404, 4, 3, 80),
(3939, 1, 404, 5, 3, 86),
(3940, 1, 404, 6, 3, 85),
(3941, 1, 404, 7, 3, 87),
(3942, 1, 404, 8, 3, 84),
(3943, 1, 404, 9, 3, 80),
(3944, 1, 404, 10, 3, 83),
(3945, 1, 404, 11, 3, 86),
(3946, 1, 404, 12, 3, 82),
(3947, 1, 404, 13, 3, 92),
(3948, 1, 404, 14, 3, 96),
(3949, 1, 409, 1, 0, 0),
(3950, 1, 409, 2, 0, 0),
(3951, 1, 409, 3, 0, 0),
(3952, 1, 409, 4, 1, 35),
(3953, 1, 409, 5, 1, 34),
(3954, 1, 409, 6, 1, 37),
(3955, 1, 409, 7, 1, 33),
(3956, 1, 409, 8, 1, 35),
(3957, 1, 409, 9, 1, 37),
(3958, 1, 409, 10, 2, 72),
(3959, 1, 409, 11, 1, 32),
(3960, 1, 409, 12, 1, 34),
(3961, 1, 409, 13, 1, 32),
(3962, 1, 409, 14, 1, 30),
(3963, 1, 410, 1, 0, 0),
(3964, 1, 410, 2, 1, 9),
(3965, 1, 410, 3, 1, 12),
(3966, 1, 410, 4, 1, 21),
(3967, 1, 410, 5, 1, 34),
(3968, 1, 410, 6, 1, 33),
(3969, 1, 410, 7, 1, 30),
(3970, 1, 410, 8, 1, 30),
(3971, 1, 410, 9, 1, 42),
(3972, 1, 410, 10, 1, 35),
(3973, 1, 410, 11, 1, 38),
(3974, 1, 410, 12, 2, 46),
(3975, 1, 410, 13, 2, 52),
(3976, 1, 410, 14, 2, 50),
(3977, 1, 411, 1, 1, 6),
(3978, 1, 411, 2, 1, 8),
(3979, 1, 411, 3, 1, 12),
(3980, 1, 411, 4, 1, 12),
(3981, 1, 411, 5, 1, 14),
(3982, 1, 411, 6, 1, 13),
(3983, 1, 411, 7, 1, 12),
(3984, 1, 411, 8, 1, 15),
(3985, 1, 411, 9, 1, 12),
(3986, 1, 411, 10, 1, 14),
(3987, 1, 411, 11, 1, 13),
(3988, 1, 411, 12, 1, 15),
(3989, 1, 411, 13, 1, 10),
(3990, 1, 411, 14, 1, 9),
(3991, 1, 412, 1, 0, 0),
(3992, 1, 412, 2, 1, 18),
(3993, 1, 412, 3, 1, 20),
(3994, 1, 412, 4, 1, 20),
(3995, 1, 412, 5, 1, 20),
(3996, 1, 412, 6, 1, 20),
(3997, 1, 412, 7, 1, 20),
(3998, 1, 412, 8, 1, 20),
(3999, 1, 412, 9, 1, 30),
(4000, 1, 412, 10, 1, 30),
(4001, 1, 412, 11, 1, 30),
(4002, 1, 412, 12, 1, 30),
(4003, 1, 412, 13, 1, 30),
(4004, 1, 412, 14, 1, 30),
(4005, 1, 415, 1, 0, 0),
(4006, 1, 415, 2, 0, 0),
(4007, 1, 415, 3, 1, 25),
(4008, 1, 415, 4, 1, 28),
(4009, 1, 415, 5, 1, 25),
(4010, 1, 415, 6, 1, 23),
(4011, 1, 415, 7, 1, 25),
(4012, 1, 415, 8, 1, 25),
(4013, 1, 415, 9, 0, 0),
(4014, 1, 415, 10, 0, 0),
(4015, 1, 415, 11, 0, 0),
(4016, 1, 415, 12, 0, 0),
(4017, 1, 415, 13, 0, 0),
(4018, 1, 415, 14, 0, 0),
(4019, 1, 417, 1, 0, 0),
(4020, 1, 417, 2, 0, 0),
(4021, 1, 417, 3, 2, 47),
(4022, 1, 417, 4, 1, 30),
(4023, 1, 417, 5, 1, 30),
(4024, 1, 417, 6, 1, 30),
(4025, 1, 417, 7, 1, 30),
(4026, 1, 417, 8, 1, 30),
(4027, 1, 417, 9, 2, 60),
(4028, 1, 417, 10, 2, 60),
(4029, 1, 417, 11, 2, 60),
(4030, 1, 417, 12, 2, 60),
(4031, 1, 417, 13, 2, 60),
(4032, 1, 417, 14, 2, 60),
(4033, 1, 418, 1, 0, 0),
(4034, 1, 418, 2, 1, 15),
(4035, 1, 418, 3, 1, 25),
(4036, 1, 418, 4, 1, 25),
(4037, 1, 418, 5, 1, 30),
(4038, 1, 418, 6, 1, 31),
(4039, 1, 418, 7, 1, 28),
(4040, 1, 418, 8, 1, 30),
(4041, 1, 418, 9, 0, 0),
(4042, 1, 418, 10, 0, 0),
(4043, 1, 418, 11, 0, 0),
(4044, 1, 418, 12, 0, 0),
(4045, 1, 418, 13, 0, 0),
(4046, 1, 418, 14, 0, 0),
(4047, 1, 420, 1, 0, 0),
(4048, 1, 420, 2, 1, 15),
(4049, 1, 420, 3, 1, 30),
(4050, 1, 420, 4, 1, 32),
(4051, 1, 420, 5, 1, 33),
(4052, 1, 420, 6, 1, 35),
(4053, 1, 420, 7, 1, 32),
(4054, 1, 420, 8, 1, 33),
(4055, 1, 420, 9, 4, 120),
(4056, 1, 420, 10, 2, 60),
(4057, 1, 420, 11, 2, 60),
(4058, 1, 420, 12, 2, 55),
(4059, 1, 420, 13, 2, 65),
(4060, 1, 420, 14, 2, 58),
(4061, 1, 419, 1, 0, 0),
(4062, 1, 419, 2, 0, 0),
(4063, 1, 419, 3, 1, 28),
(4064, 1, 419, 4, 1, 30),
(4065, 1, 419, 5, 1, 28),
(4066, 1, 419, 6, 1, 26),
(4067, 1, 419, 7, 1, 31),
(4068, 1, 419, 8, 1, 29),
(4069, 1, 419, 9, 2, 70),
(4070, 1, 419, 10, 2, 70),
(4071, 1, 419, 11, 2, 72),
(4072, 1, 419, 12, 2, 69),
(4073, 1, 419, 13, 2, 68),
(4074, 1, 419, 14, 2, 65),
(4075, 1, 421, 1, 0, 0),
(4076, 1, 421, 2, 1, 15),
(4077, 1, 421, 3, 1, 19),
(4078, 1, 421, 4, 1, 21),
(4079, 1, 421, 5, 1, 19),
(4080, 1, 421, 6, 1, 22),
(4081, 1, 421, 7, 1, 20),
(4082, 1, 421, 8, 1, 23),
(4083, 1, 421, 9, 0, 0),
(4084, 1, 421, 10, 0, 0),
(4085, 1, 421, 11, 0, 0),
(4086, 1, 421, 12, 0, 0),
(4087, 1, 421, 13, 0, 0),
(4088, 1, 421, 14, 0, 0),
(4089, 1, 423, 1, 0, 0),
(4090, 1, 423, 2, 1, 20),
(4091, 1, 423, 3, 1, 35),
(4092, 1, 423, 4, 1, 30),
(4093, 1, 423, 5, 1, 28),
(4094, 1, 423, 6, 1, 28),
(4095, 1, 423, 7, 1, 26),
(4096, 1, 423, 8, 1, 23),
(4097, 1, 423, 9, 0, 0),
(4098, 1, 423, 10, 0, 0),
(4099, 1, 423, 11, 0, 0),
(4100, 1, 423, 12, 0, 0),
(4101, 1, 423, 13, 0, 0),
(4102, 1, 423, 14, 0, 0),
(4103, 1, 425, 1, 0, 0),
(4104, 1, 425, 2, 0, 0),
(4105, 1, 425, 3, 1, 16),
(4106, 1, 425, 4, 1, 17),
(4107, 1, 425, 5, 1, 18),
(4108, 1, 425, 6, 1, 17),
(4109, 1, 425, 7, 1, 14),
(4110, 1, 425, 8, 1, 15),
(4111, 1, 425, 9, 1, 18),
(4112, 1, 425, 10, 1, 17),
(4113, 1, 425, 11, 1, 19),
(4114, 1, 425, 12, 1, 17),
(4115, 1, 425, 13, 1, 17),
(4116, 1, 425, 14, 1, 15),
(4117, 1, 426, 1, 0, 0),
(4118, 1, 426, 2, 0, 0),
(4119, 1, 426, 3, 1, 6),
(4120, 1, 426, 4, 1, 9),
(4121, 1, 426, 5, 1, 4),
(4122, 1, 426, 6, 1, 7),
(4123, 1, 426, 7, 1, 18),
(4124, 1, 426, 8, 1, 26),
(4125, 1, 426, 9, 1, 18),
(4126, 1, 426, 10, 1, 14),
(4127, 1, 426, 11, 1, 12),
(4128, 1, 426, 12, 1, 19),
(4129, 1, 426, 13, 1, 22),
(4130, 1, 426, 14, 1, 31),
(4131, 1, 434, 1, 0, 0),
(4132, 1, 434, 2, 0, 0),
(4133, 1, 434, 3, 0, 0),
(4134, 1, 434, 4, 1, 35),
(4135, 1, 434, 5, 1, 35),
(4136, 1, 434, 6, 1, 35),
(4137, 1, 434, 7, 1, 35),
(4138, 1, 434, 8, 2, 70),
(4139, 1, 434, 9, 2, 73),
(4140, 1, 434, 10, 2, 70),
(4141, 1, 434, 11, 2, 68),
(4142, 1, 434, 12, 2, 65),
(4143, 1, 434, 13, 2, 68),
(4144, 1, 434, 14, 2, 60);

-- --------------------------------------------------------

--
-- Estructura de tabla para la tabla `libros`
--

CREATE TABLE `libros` (
  `id` int(11) NOT NULL,
  `id_materia` int(11) NOT NULL,
  `id_grado` int(11) NOT NULL,
  `libro` varchar(200) NOT NULL
) ENGINE=InnoDB DEFAULT CHARSET=utf8;

--
-- Volcado de datos para la tabla `libros`
--

INSERT INTO `libros` (`id`, `id_materia`, `id_grado`, `libro`) VALUES
(3, 3, 4, 'SIGNOS 1'),
(4, 3, 5, 'SIGNOS 2'),
(5, 3, 6, 'SIGNOS 3'),
(6, 3, 7, 'SIGNOS 4'),
(7, 3, 8, 'SIGNOS 5'),
(8, 3, 9, 'SIGNOS 6'),
(9, 3, 10, 'SIGNOS 7'),
(10, 3, 11, 'SIGNOS 8'),
(11, 3, 12, 'SIGNOS 9'),
(12, 3, 13, 'SIGNOS 10'),
(13, 3, 14, 'SIGNOS 11'),
(14, 3, 3, 'AULA MAXIMA INICIAL '),
(15, 3, 4, 'AULA MAXIMA 1'),
(16, 3, 5, 'AULA MAXIMA 2'),
(17, 3, 6, 'AULA MAXIMA 3'),
(18, 3, 7, 'AULA MAXIMA 4'),
(19, 3, 8, 'AULA MAXIMA 5'),
(20, 3, 9, 'AULA MAXIMA 6'),
(21, 3, 10, 'AULA MAXIMA 7'),
(22, 3, 11, 'AULA MAXIMA 8'),
(23, 3, 12, 'AULA MAXIMA 9'),
(24, 3, 13, 'AULA MAXIMA 10'),
(25, 3, 14, 'AULA MAXIMA 11'),
(26, 4, 4, 'LECTURAMA A comprensión y producción textual '),
(27, 4, 5, 'LECTURAMA B comprensión y producción textual '),
(28, 4, 6, 'LECTURAMA C comprensión y producción textual '),
(29, 4, 7, 'LECTURAMA D comprensión y producción textual '),
(30, 4, 8, 'LECTURAMA E comprensión y producción textual '),
(31, 4, 9, 'LECTURAMA F comprensión y producción textual              '),
(32, 4, 10, 'LECTURAMA G comprensión y producción textual '),
(33, 4, 11, 'LECTURAMA H comprensión y producción textual '),
(34, 4, 12, 'LECTURAMA I comprensión y producción textual '),
(35, 4, 13, 'LECTURAMA J comprensión y producción textual '),
(36, 4, 14, 'LECTURAMA K comprensión y producción textual '),
(37, 4, 4, 'MEGALECTORES A comprensión y producción textual '),
(38, 4, 5, 'MEGALECTORES B comprensión y producción textual '),
(39, 4, 6, 'MEGALECTORES C comprensión y producción textual '),
(40, 4, 7, 'MEGALECTORES D comprensión y producción textual '),
(41, 4, 8, 'MEGALECTORES E comprensión y producción textual '),
(42, 2, 4, 'CONTACTO MATEMATICO 1'),
(43, 2, 5, 'CONTACTO MATEMATICO 2'),
(44, 2, 6, 'CONTACTO MATEMATICO 3'),
(45, 2, 7, 'CONTACTO MATEMATICO 4'),
(46, 2, 8, 'CONTACTO MATEMATICO 5'),
(47, 2, 4, 'EUREKA TALLER MATEMATICO 1'),
(48, 2, 5, 'EUREKA TALLER MATEMATICO 2'),
(49, 2, 6, 'EUREKA TALLER MATEMATICO 3'),
(50, 2, 7, 'EUREKA TALLER MATEMATICO 4'),
(51, 2, 8, 'EUREKA TALLER MATEMATICO 5'),
(52, 2, 9, 'EUREKA TALLER MATEMATICO 6'),
(53, 2, 10, 'EUREKA TALLER MATEMATICO 7'),
(54, 2, 11, 'EUREKA TALLER MATEMATICO 8'),
(55, 2, 12, 'EUREKA TALLER MATEMATICO 9'),
(56, 2, 13, 'EUREKA TALLER MATEMATICO 10'),
(57, 2, 14, 'EUREKA TALLER MATEMATICO 11'),
(58, 2, 3, 'ENFOQUE MATEMATICAS INICIAL '),
(59, 2, 4, 'ENFOQUE MATEMATICAS 1'),
(60, 2, 5, 'ENFOQUE MATEMATICAS 2'),
(61, 2, 6, 'ENFOQUE MATEMATICAS 3'),
(62, 2, 7, 'ENFOQUE MATEMATICAS 4'),
(63, 2, 8, 'ENFOQUE MATEMATICAS 5'),
(64, 2, 9, 'ENFOQUE MATEMATICAS 6'),
(65, 2, 10, 'ENFOQUE MATEMATICAS 7'),
(66, 2, 11, 'ENFOQUE MATEMATICAS 8'),
(67, 2, 12, 'ENFOQUE MATEMATICAS 9'),
(68, 2, 13, 'ENFOQUE MATEMATICAS 10'),
(69, 2, 14, 'ENFOQUE MATEMATICAS 11'),
(70, 4, 4, 'CARTILLLA COMPRENDO 1'),
(71, 4, 5, 'CARTILLLA COMPRENDO 2'),
(72, 4, 6, 'CARTILLLA COMPRENDO 3'),
(73, 4, 7, 'CARTILLLA COMPRENDO 4'),
(74, 4, 8, 'CARTILLLA COMPRENDO 5'),
(75, 10, 3, 'TRAVESIAS INFORMATICAS PREESCOLAR'),
(76, 10, 4, 'TRAVESIAS INFORMATICAS 1'),
(77, 10, 5, 'TRAVESIAS INFORMATICAS 2'),
(78, 10, 6, 'TRAVESIAS INFORMATICAS 3'),
(79, 10, 7, 'TRAVESIAS INFORMATICAS 4'),
(80, 10, 8, 'TRAVESIAS INFORMATICAS 5'),
(81, 10, 9, 'TRAVESIAS INFORMATICAS 6'),
(82, 10, 10, 'TRAVESIAS INFORMATICAS 7'),
(83, 10, 11, 'TRAVESIAS INFORMATICAS 8'),
(84, 10, 12, 'TRAVESIAS INFORMATICAS 9'),
(85, 5, 4, 'OBJETIVO E CIENCIAS NATURALES 1'),
(86, 5, 5, 'OBJETIVO E CIENCIAS NATURALES 2'),
(87, 5, 6, 'OBJETIVO E CIENCIAS NATURALES 3'),
(88, 5, 7, 'OBJETIVO E CIENCIAS NATURALES 4'),
(89, 5, 8, 'OBJETIVO E CIENCIAS NATURALES 5'),
(90, 6, 4, 'OBJETIVO E SOCIALES 1'),
(91, 6, 5, 'OBJETIVO E SOCIALES 2'),
(92, 6, 6, 'OBJETIVO E SOCIALES 3'),
(93, 6, 7, 'OBJETIVO E SOCIALES 4'),
(94, 6, 8, 'OBJETIVO E SOCIALES 5'),
(95, 8, 4, 'CREARTE 1 DIVIERTETE  CON CUTIE'),
(96, 8, 5, 'CREARTE 2 DIVIERTETE CON MIBOUS'),
(97, 8, 6, 'CREARTE 3 DIVIERTETE CON PULPS'),
(98, 8, 7, 'CREARTE 4 DIVIERTETE CON QUERNY'),
(99, 8, 8, 'CREARTE 5 DIVIERTETE CON OCTYS'),
(100, 8, 9, 'CREARTE EDUCACION ARTISTICA 6'),
(101, 1, 3, 'OBJETIVO E LIBRO INTEGRADO                                      '),
(102, 1, 3, 'OBJETIVO E CARTILLA LECTURA'),
(103, 1, 3, 'OBJETIVO E CUADERNO LETRAS Y NUMEROS'),
(104, 1, 1, 'PAQUETE OBJETIVO E PREJARDIN (Libro Integrado, Cartilla Lectura, Cuaderno Letras y Numeros)'),
(105, 1, 2, 'PAQUETE OBJETIVO E JARDIN (Libro Integrado, Cartilla Lectura, Cuaderno Letras y Numeros)'),
(106, 1, 3, 'PAQUETE OBJETIVO E TRANSICION (Libro Integrado, Cartilla Lectura, Cuaderno Letras y Numeros)'),
(107, 3, 3, 'OBJETIVO E LENGUAJE INICIAL LIBRO                                       '),
(108, 3, 3, 'OBJETIVO E LENGUAJE INICIAL CARTILLA DE LECTURA'),
(109, 3, 3, 'PAQUETE OBJETIVO E LENGUAJE INICIAL (Libro y Cartilla)'),
(110, 7, 1, 'TIP TOP 1'),
(111, 7, 3, 'TIP TOP 6'),
(112, 7, 4, 'TOP KIDS PACK (SB +WB) 1'),
(113, 7, 5, 'TOP KIDS PACK (SB +WB) 2'),
(114, 7, 6, 'TOP KIDS PACK (SB +WB) 3'),
(115, 7, 7, 'TOP KIDS PACK (SB +WB) 4'),
(116, 7, 8, 'TOP KIDS PACK (SB +WB) 5'),
(117, 7, 4, 'SUPER STAR SB 1'),
(118, 7, 5, 'SUPER STAR SB 2'),
(119, 7, 6, 'SUPER STAR SB 3'),
(120, 7, 7, 'SUPER STAR SB 4'),
(121, 7, 8, 'SUPER STAR SB 5'),
(122, 7, 4, 'SUPER STAR WB 1'),
(123, 7, 5, 'SUPER STAR WB 2'),
(124, 7, 6, 'SUPER STAR WB 3'),
(125, 7, 7, 'SUPER STAR WB 4'),
(126, 7, 8, 'SUPER STAR WB 5'),
(127, 7, 4, 'SMART ENGLISH SB 1'),
(128, 7, 5, 'SMART ENGLISH SB 2'),
(129, 7, 6, 'SMART ENGLISH SB 3'),
(130, 7, 7, 'SMART ENGLISH SB 4'),
(131, 7, 8, 'SMART ENGLISH SB 5'),
(132, 7, 4, 'SMART ENGLISH WB 1'),
(133, 7, 5, 'SMART ENGLISH WB 2'),
(134, 7, 6, 'SMART ENGLISH WB 3'),
(135, 7, 7, 'SMART ENGLISH WB 4'),
(136, 7, 8, 'SMART ENGLISH WB 5'),
(137, 7, 17, 'UPGRADE YOUR ENGLISH SPLIT (SB + WB ) A 1.1'),
(138, 7, 17, 'UPGRADE YOUR ENGLISH SPLIT (SB + WB ) A 1.2'),
(139, 7, 17, 'UPGRADE YOUR ENGLISH SPLIT (SB + WB ) A  2.1'),
(140, 7, 17, 'UPGRADE YOUR ENGLISH SPLIT (SB + WB ) A 2.2'),
(141, 7, 17, 'UPGRADE YOUR ENGLISH SPLIT (SB + WB ) B 1.1'),
(142, 7, 17, 'UPGRADE YOUR ENGLISH SPLIT (SB + WB ) B 1.2'),
(143, 7, 17, 'UPGRADE YOUR ENGLISH FULL VERSION SB A 1'),
(144, 7, 17, 'UPGRADE YOUR ENGLISH FULL VERSION SB A 2'),
(145, 7, 17, 'UPGRADE YOUR ENGLISH FULL VERSION SB B 1'),
(146, 7, 17, 'UPGRADE YOUR ENGLISH FULL VERSION SB B 2'),
(147, 7, 17, 'UPGRADE YOUR ENGLISH FULL VERSION WB A 1'),
(148, 7, 17, 'UPGRADE YOUR ENGLISH FULL VERSION WB A 2'),
(149, 7, 17, 'UPGRADE YOUR ENGLISH FULL VERSION WB B 1'),
(150, 7, 17, 'UPGRADE YOUR ENGLISH FULL VERSION WB B 2'),
(151, 3, 15, 'SIGNOS'),
(152, 3, 16, 'SIGNOS'),
(153, 3, 15, 'AULA MAXIMA'),
(154, 3, 16, 'AULA MAXIMA'),
(155, 4, 15, 'LECTURAMA A'),
(156, 4, 16, 'LECTURAMA A'),
(157, 4, 15, 'MEGALECTORES'),
(158, 2, 15, 'CONTACTO MATEMATICO'),
(159, 2, 15, 'EUREKA TALLER MATEMATICO'),
(160, 2, 16, 'EUREKA TALLER MATEMATICO'),
(161, 2, 15, 'ENFOQUE MATEMATICAS'),
(162, 2, 16, 'ENFOQUE MATEMATICAS'),
(163, 4, 15, 'CARTILLLA COMPRENDO'),
(164, 10, 15, 'TRAVESIAS INFORMATICAS'),
(165, 10, 16, 'TRAVESIAS INFORMATICAS'),
(166, 5, 15, 'OBJETIVO E CIENCIAS NATURALES'),
(167, 6, 15, 'OBJETIVO E SOCIALES'),
(168, 8, 15, 'CREARTE'),
(169, 7, 15, 'SUPER STAR SB'),
(170, 7, 15, 'SUPER STAR WB'),
(171, 7, 15, 'SMART ENGLISH SB'),
(172, 7, 15, 'SMART ENGLISH WB'),
(173, 3, 9, 'ACTITUD COMUNICATIVA 6'),
(174, 3, 10, 'ACTITUD COMUNICATIVA 7'),
(175, 3, 11, 'ACTITUD COMUNICATIVA 8'),
(176, 3, 12, 'ACTITUD COMUNICATIVA 9'),
(177, 3, 13, 'ACTITUD COMUNICATIVA 10'),
(178, 3, 14, 'ACTITUD COMUNICATIVA 11'),
(179, 3, 4, 'MI AVENTURA DEL LENGUAJE 1'),
(180, 3, 5, 'MI AVENTURA DEL LENGUAJE 2'),
(181, 3, 6, 'MI AVENTURA DEL LENGUAJE 3'),
(182, 3, 7, 'MI AVENTURA DEL LENGUAJE 4'),
(183, 3, 8, 'MI AVENTURA DEL LENGUAJE 5'),
(184, 2, 9, 'PROCESOS MATEMATICOS 6'),
(185, 2, 10, 'PROCESOS MATEMATICOS 7'),
(186, 2, 11, 'PROCESOS MATEMATICOS 8'),
(187, 2, 12, 'PROCESOS MATEMATICOS 9'),
(188, 2, 13, 'PROCESOS MATEMATICOS 10'),
(189, 2, 14, 'PROCESOS MATEMATICOS 11'),
(190, 2, 9, 'DESEMPEÑOS MATEMATICOS 6'),
(191, 2, 10, 'DESEMPEÑOS MATEMATICOS 7'),
(192, 2, 11, 'DESEMPEÑOS MATEMATICOS 8'),
(193, 2, 12, 'DESEMPEÑOS MATEMATICOS 9'),
(194, 2, 13, 'DESEMPEÑOS MATEMATICOS 10'),
(195, 2, 14, 'DESEMPEÑOS MATEMATICOS 11'),
(196, 2, 4, 'DESEMPEÑOS MATEMATICOS 12'),
(197, 2, 5, 'DESEMPEÑOS MATEMATICOS 13'),
(198, 2, 6, 'DESEMPEÑOS MATEMATICOS 14'),
(199, 2, 7, 'DESEMPEÑOS MATEMATICOS 15'),
(200, 2, 8, 'DESEMPEÑOS MATEMATICOS 16'),
(201, 2, 9, 'DESEMPEÑOS MATEMATICOS 17'),
(202, 2, 10, 'DESEMPEÑOS MATEMATICOS 18'),
(203, 2, 11, 'DESEMPEÑOS MATEMATICOS 19'),
(204, 2, 12, 'DESEMPEÑOS MATEMATICOS 20'),
(205, 2, 13, 'DESEMPEÑOS MATEMATICOS 21'),
(206, 2, 14, 'DESEMPEÑOS MATEMATICOS 22'),
(207, 2, 4, 'INTEGRADO EDUCATIVA 1. MATEMATICAS/ESPAÑOL'),
(208, 2, 5, 'INTEGRADO EDUCATIVA 2. MATEMATICAS/ESPAÑOL'),
(209, 2, 6, 'INTEGRADO EDUCATIVA 3. MATEMATICAS/ESPAÑOL'),
(210, 2, 7, 'INTEGRADO EDUCATIVA 4. MATEMATICAS/ESPAÑOL'),
(211, 2, 8, 'INTEGRADO EDUCATIVA 5. MATEMATICAS/ESPAÑOL'),
(212, 5, 4, 'CIENCIAVENTURA 1. INCLUYE CD-ROM'),
(213, 5, 5, 'CIENCIAVENTURA 2. INCLUYE CD-ROM'),
(214, 5, 6, 'CIENCIAVENTURA 3. INCLUYE CD-ROM'),
(215, 5, 7, 'CIENCIAVENTURA 4. INCLUYE CD-ROM'),
(216, 5, 8, 'CIENCIAVENTURA 5. INCLUYE CD-ROM'),
(217, 6, 4, 'NUEVOS HORIZONTES SOCIALES 1'),
(218, 6, 5, 'NUEVOS HORIZONTES SOCIALES 2'),
(219, 6, 6, 'NUEVOS HORIZONTES SOCIALES 3'),
(220, 6, 7, 'NUEVOS HORIZONTES SOCIALES 4'),
(221, 6, 8, 'NUEVOS HORIZONTES SOCIALES 5'),
(222, 6, 9, 'NUEVOS HORIZONTES SOCIALES 6'),
(223, 6, 10, 'NUEVOS HORIZONTES SOCIALES 7'),
(224, 6, 11, 'NUEVOS HORIZONTES SOCIALES 8'),
(225, 6, 12, 'NUEVOS HORIZONTES SOCIALES 9'),
(226, 3, 4, 'OBJETIVO E LEGUAJE 1'),
(227, 3, 5, 'OBJETIVO E LEGUAJE 2'),
(228, 3, 6, 'OBJETIVO E LEGUAJE 3'),
(229, 3, 7, 'OBJETIVO E LEGUAJE 4'),
(230, 3, 8, 'OBJETIVO E LEGUAJE 5'),
(231, 2, 4, 'DESEMPEÑOS MATEMATICOS 1'),
(232, 2, 5, 'DESEMPEÑOS MATEMATICOS 2'),
(233, 2, 6, 'DESEMPEÑOS MATEMATICOS 3'),
(234, 2, 7, 'DESEMPEÑOS MATEMATICOS 4'),
(235, 2, 8, 'DESEMPEÑOS MATEMATICOS 5'),
(236, 2, 3, 'OBJETIVO E MATEMATICA INICIAL'),
(237, 2, 4, 'OBJETIVO E MATEMATICA 1'),
(238, 2, 5, 'OBJETIVO E MATEMATICA 2'),
(239, 2, 6, 'OBJETIVO E MATEMATICA 3'),
(240, 2, 7, 'OBJETIVO E MATEMATICA 4'),
(241, 2, 8, 'OBJETIVO E MATEMATICA 5'),
(242, 3, 16, 'ACTITUD COMUNICATIVA'),
(243, 3, 15, 'MI AVENTURA DEL LENGUAJE'),
(244, 2, 16, 'PROCESOS MATEMATICOS'),
(245, 2, 16, 'DESEMPEÑOS MATEMATICOS'),
(246, 2, 15, 'MI AVENTURA MATEMATICA'),
(247, 2, 16, 'MI AVENTURA MATEMATICA'),
(248, 2, 15, 'INTEGRADO EDUCATIVA MATEMATICAS/ESPAÑOL'),
(249, 5, 15, 'CIENCIAVENTURA 1 INCLUYE CD-ROM'),
(250, 6, 15, 'NUEVOS HORIZONTES SOCIALES'),
(251, 3, 15, 'OBJETIVO E LEGUAJE'),
(252, 4, 15, 'DESEMPEÑOS MATEMATICOS'),
(253, 2, 15, 'OBJETIVO E MATEMATICA');

-- --------------------------------------------------------

--
-- Estructura de tabla para la tabla `materias`
--

CREATE TABLE `materias` (
  `id` int(11) NOT NULL,
  `materia` varchar(100) COLLATE utf8_spanish_ci NOT NULL
) ENGINE=InnoDB DEFAULT CHARSET=utf8 COLLATE=utf8_spanish_ci;

--
-- Volcado de datos para la tabla `materias`
--

INSERT INTO `materias` (`id`, `materia`) VALUES
(1, 'Preescolar'),
(2, 'Matemáticas'),
(3, 'Lenguaje'),
(4, 'Comprensión lectora'),
(5, 'Ciencias naturales'),
(6, 'Ciencias sociales'),
(7, 'Ingles'),
(8, 'Artística'),
(9, 'Plan lector'),
(10, 'Informática'),
(11, 'Dibujo');

-- --------------------------------------------------------

--
-- Estructura de tabla para la tabla `mercado_editorial`
--

CREATE TABLE `mercado_editorial` (
  `id` int(11) NOT NULL,
  `id_periodo` int(11) NOT NULL,
  `id_colegio` int(11) NOT NULL,
  `id_materia` int(11) NOT NULL,
  `id_grado` int(11) NOT NULL,
  `id_tipo_libro` int(11) NOT NULL,
  `editorial` varchar(200) COLLATE utf8_spanish_ci NOT NULL,
  `id_libro_eureka` int(11) NOT NULL,
  `libro` varchar(200) COLLATE utf8_spanish_ci NOT NULL,
  `vigencia` varchar(50) COLLATE utf8_spanish_ci NOT NULL
) ENGINE=InnoDB DEFAULT CHARSET=utf8 COLLATE=utf8_spanish_ci;

--
-- Volcado de datos para la tabla `mercado_editorial`
--

INSERT INTO `mercado_editorial` (`id`, `id_periodo`, `id_colegio`, `id_materia`, `id_grado`, `id_tipo_libro`, `editorial`, `id_libro_eureka`, `libro`, `vigencia`) VALUES
(1, 1, 0, 0, 0, 0, 'Santillana', 0, '0', '0'),
(2, 1, 0, 0, 0, 0, 'Norma', 0, '0', '0'),
(3, 1, 0, 0, 0, 0, 'SM', 0, '0', '0'),
(4, 1, 0, 0, 0, 0, 'Libros y Libros', 0, '0', '0'),
(5, 1, 0, 0, 0, 0, 'Educar', 0, '0', '0'),
(6, 1, 0, 0, 0, 0, 'Planeta', 0, '0', '0'),
(7, 1, 0, 0, 0, 0, 'Enlace', 0, '0', '0'),
(8, 1, 0, 0, 0, 0, 'Huella', 0, '0', '0'),
(9, 1, 0, 0, 0, 0, 'Mundo de Niños', 0, '0', '0'),
(10, 1, 0, 0, 0, 0, 'Mc Milan', 0, '0', '0'),
(11, 1, 0, 0, 0, 0, 'Express Publishing', 0, '0', '0'),
(12, 1, 0, 0, 0, 0, 'Cambridge', 0, '0', '0'),
(13, 1, 0, 0, 0, 0, 'Pearson', 0, '0', '0'),
(14, 1, 0, 0, 0, 0, 'Cengage', 0, '0', '0'),
(15, 1, 0, 0, 0, 0, 'Richmond', 0, '0', '0'),
(16, 1, 0, 0, 0, 0, 'Oxford', 0, '0', '0'),
(17, 1, 0, 0, 0, 0, 'Hispanoamerica', 0, '0', '0'),
(18, 1, 0, 0, 0, 0, 'Panamericana', 0, '0', '0'),
(19, 1, 0, 0, 0, 0, 'Solución Digital Santillana', 0, '0', '0'),
(20, 1, 0, 0, 0, 0, 'Solución digital Norma', 0, '0', '0'),
(21, 1, 0, 0, 0, 0, 'Solución digital SM', 0, '0', '0'),
(22, 1, 0, 0, 0, 0, 'Solución digital Libros y Libros', 0, '0', '0'),
(23, 1, 0, 0, 0, 0, 'Solución digital Educar', 0, '0', '0'),
(24, 1, 0, 0, 0, 0, 'Solución digital Planeta', 0, '0', '0'),
(89, 1, 40, 1, 1, 0, 'Eureka', 104, '0', '1 año'),
(90, 1, 40, 1, 2, 0, 'Eureka', 105, '0', ''),
(91, 1, 24, 1, 1, 0, 'Express Publishing', 0, 'Objetivo integrado Jardin', '2 años'),
(92, 1, 28, 2, 15, 0, 'Libros y Libros', 0, 'Zoon a la matematica', 'Posibilidad de cambio'),
(93, 1, 30, 4, 15, 0, 'Hispanoamerica', 0, '', 'Posibilidad de cambio'),
(94, 1, 286, 4, 15, 0, 'Libros y Libros', 0, 'Leo', 'Lleva el primer año es por tres años'),
(95, 1, 66, 3, 15, 0, 'Libros y Libros', 0, 'Secuencias Lenguaje', '3 años'),
(96, 1, 306, 2, 15, 0, 'Santillana', 0, 'Plataforma Santillana', 'Oct. se miran posibilidades'),
(97, 1, 311, 3, 15, 0, 'Planeta', 0, 'Plan Lector', 'Posibilidad de cambio'),
(98, 1, 24, 2, 4, 0, 'Eureka', 42, '', '1 año'),
(99, 1, 39, 4, 15, 0, 'Eureka', 155, '', '2 años'),
(100, 1, 41, 2, 15, 0, 'Eureka', 159, '', '2 años'),
(101, 1, 301, 2, 15, 0, 'Libros y Libros', 0, 'Secuencias matematicas', '1 año'),
(102, 1, 301, 1, 3, 0, 'Eureka', 0, '', '1 año'),
(103, 1, 163, 2, 15, 0, 'Libros y Libros', 0, 'Secuencias matematicas', '2018'),
(104, 1, 322, 2, 15, 0, 'Libros y Libros', 0, 'Plataforma sabios', '2 años'),
(105, 1, 163, 2, 16, 0, 'Libros y Libros', 0, '', '2018'),
(106, 1, 322, 3, 15, 0, 'Libros y Libros', 0, 'pla', '2 años'),
(107, 1, 149, 1, 2, 0, 'Mundo de Niños', 0, '', '1 año'),
(108, 1, 149, 1, 3, 0, 'Mundo de Niños', 0, 'Español y matematicas', '1 año'),
(109, 1, 158, 2, 15, 0, 'Eureka', 0, 'objetivo matematicas', '2019'),
(110, 1, 158, 3, 15, 0, 'Eureka', 151, '', '2019'),
(111, 1, 313, 3, 15, 0, 'Libros y Libros', 0, 'Secuencias Lenguaje', '2 años'),
(112, 1, 313, 7, 15, 0, 'Richmond', 0, '', '2 años'),
(113, 1, 149, 4, 15, 0, 'Santillana', 0, '', '2 años'),
(114, 1, 158, 5, 15, 0, 'Eureka', 166, '', '2019'),
(115, 1, 149, 4, 16, 0, 'Santillana', 0, '', '2 años'),
(116, 1, 329, 4, 15, 0, 'Norma', 0, '', '1 año'),
(117, 1, 149, 7, 15, 0, 'FUTURE', 0, 'HAND AND HAND', '1 año'),
(118, 1, 323, 2, 15, 0, 'Norma', 0, '', '1 año'),
(119, 1, 323, 3, 15, 0, 'Norma', 0, '', '1 año'),
(120, 1, 323, 2, 16, 0, 'Norma', 0, '', '1 año'),
(121, 1, 323, 3, 16, 0, 'Norma', 0, '', '1 año'),
(122, 1, 327, 2, 15, 0, 'Colegio', 0, 'Modulos Institucionales', 'Posibilidad de cambio'),
(123, 1, 239, 2, 0, 0, 'Libros y Libros', 0, 'Secuencias matematicas', ''),
(124, 1, 239, 3, 15, 0, 'Libros y Libros', 0, 'Secuencias Lenguaje', '2019'),
(125, 1, 239, 2, 15, 0, 'Libros y Libros', 0, 'Secuencias matematicas', '2019'),
(126, 1, 42, 3, 4, 0, 'Eureka', 0, '', '2 años'),
(127, 1, 42, 3, 5, 0, 'Eureka', 0, '', '2 años'),
(128, 1, 42, 4, 6, 0, 'Eureka', 28, '', '2 años'),
(129, 1, 42, 4, 7, 0, 'Eureka', 29, '', '2 años'),
(130, 1, 42, 4, 8, 0, 'Eureka', 30, '', '2 años'),
(131, 1, 315, 1, 1, 0, 'Eureka', 104, '', '1 año'),
(132, 1, 315, 1, 2, 0, 'Eureka', 105, '', '1 año'),
(133, 1, 315, 1, 3, 0, 'Eureka', 103, '', '1 año'),
(134, 1, 330, 2, 15, 0, 'Solución Digital Santillana', 0, 'santillana plus', '2 año'),
(135, 1, 330, 3, 15, 0, 'Santillana', 0, 'santillana plus', '2 año'),
(136, 1, 331, 3, 15, 0, 'Bee Boock', 0, 'Modulos', 'No hay cambio'),
(137, 1, 331, 3, 16, 0, 'Bee Boock', 0, 'Modulos', 'No hay cambio'),
(138, 1, 251, 2, 15, 0, 'Libros y Libros', 0, 'Secuencias matematicas', '2018'),
(139, 1, 251, 3, 15, 0, 'Libros y Libros', 0, 'Secuencias Lenguaje', '2018'),
(140, 1, 333, 3, 15, 0, 'Libros y Libros', 0, '', ''),
(141, 1, 333, 2, 15, 0, 'Libros y Libros', 0, '', ''),
(142, 1, 333, 7, 15, 0, 'Norma', 0, '', ''),
(143, 1, 334, 2, 15, 0, 'Educar', 0, 'Español y matematicas', '2 año'),
(144, 1, 314, 1, 2, 0, 'Eureka', 105, '', '1 año'),
(145, 1, 314, 1, 1, 0, 'Eureka', 104, '', '1 año'),
(146, 1, 314, 1, 3, 0, 'Eureka', 106, '', '1 año'),
(147, 1, 251, 7, 15, 0, 'Oxford', 0, 'HAND AND HAND', '2018'),
(148, 1, 333, 8, 15, 0, 'Norma', 0, '', ''),
(149, 1, 43, 1, 2, 0, 'Eureka', 105, '', '1 año'),
(150, 1, 43, 1, 3, 0, 'Eureka', 103, '', '1 año'),
(151, 1, 335, 2, 15, 0, 'SM', 0, 'Español y matematicas', '1 AÑO'),
(152, 1, 128, 3, 15, 0, 'Educar', 0, '', '2 años'),
(153, 1, 128, 3, 16, 0, 'Educar', 0, '', '2 años'),
(154, 1, 128, 2, 15, 0, 'Norma', 0, '', '2 años'),
(155, 1, 128, 2, 16, 0, 'Norma', 0, '', '2 años'),
(156, 1, 128, 7, 16, 0, 'Educar', 0, '', '2 años'),
(157, 1, 337, 2, 15, 0, 'Santillana', 0, 'Español y matematicas', '1 AÑO'),
(158, 1, 234, 4, 15, 0, 'Eureka', 155, '', '2018'),
(159, 1, 321, 2, 15, 0, 'SM', 0, '', '2 años'),
(160, 1, 321, 3, 15, 0, 'otra', 0, '', '2 años'),
(161, 1, 339, 2, 15, 0, 'GUIAS', 0, 'GUIAS', '1 AÑO'),
(162, 1, 234, 7, 16, 0, 'Richmond', 0, 'smart', '2018'),
(163, 1, 84, 1, 1, 0, 'Eureka', 104, '', '1 año'),
(164, 1, 84, 1, 3, 0, 'Eureka', 106, '', '1 año'),
(165, 1, 232, 2, 15, 0, 'Libros y Libros', 0, 'Secuencias matematicas', '2018'),
(166, 1, 232, 3, 15, 0, 'Libros y Libros', 0, 'Secuencias Lenguaje', '2018'),
(167, 1, 232, 4, 15, 0, 'lideres del milenio', 0, 'millas', '2018'),
(168, 1, 340, 4, 15, 0, 'Eco Ediciones', 0, 'Comprension Lectora', 'Posibilidad de cambio'),
(169, 1, 340, 4, 16, 0, 'Eco Ediciones', 0, 'Comprension Lectora', 'Posibilidad de cambio'),
(170, 1, 340, 7, 15, 0, 'Express Publishing', 0, 'Welcome', 'No hay cambio'),
(171, 1, 340, 7, 16, 0, 'Express Publishing', 0, '', 'No hay cambio'),
(172, 1, 342, 2, 15, 0, 'GUIAS', 0, 'Español y matematicas', '2 año'),
(173, 1, 61, 1, 1, 0, 'Eureka', 104, '', ''),
(174, 1, 343, 2, 16, 0, 'Santillana', 0, 'saberes matematicas', '2 año'),
(175, 1, 61, 1, 2, 0, 'Eureka', 105, '', '1 año'),
(176, 1, 343, 3, 15, 0, 'Santillana', 0, 'saberes lenguaje', '2 año'),
(177, 1, 61, 1, 3, 0, 'Eureka', 106, '', '1 año'),
(178, 1, 61, 2, 15, 0, 'Eureka', 158, '', '1 año'),
(179, 1, 61, 3, 15, 0, 'Eureka', 153, '', ''),
(180, 1, 344, 2, 15, 0, 'Santillana', 0, '', 'No hay cambio'),
(181, 1, 344, 5, 15, 0, 'Santillana', 0, '', 'No hay cambio'),
(182, 1, 344, 3, 0, 0, 'Libros y Libros', 0, '', 'No hay cambio'),
(183, 1, 345, 2, 15, 0, 'santilana textos', 0, 'saberes matematicas', '2'),
(184, 1, 344, 6, 15, 0, 'Libros y Libros', 0, '', 'No hay cambio'),
(185, 1, 344, 3, 0, 0, 'Libros y Libros', 0, '', 'No hay cambio'),
(186, 1, 61, 7, 15, 0, 'Express Publishing', 0, 'FUN WITHENGLISH ', '1 año'),
(187, 1, 300, 4, 15, 0, 'Eureka', 155, '', '1 año'),
(188, 1, 345, 3, 15, 0, 'santilana textos', 0, 'Español y matematicas saberes', '3 año'),
(189, 1, 300, 4, 16, 0, 'Eureka', 156, '', '1 año'),
(190, 1, 40, 2, 3, 0, 'Eureka', 58, '', '1 año'),
(191, 1, 40, 3, 3, 0, 'Eureka', 14, '', '1 año'),
(192, 1, 40, 2, 15, 0, 'Eureka', 158, '', '1 año'),
(193, 1, 40, 3, 15, 0, 'Eureka', 153, '', '1 año'),
(194, 1, 346, 2, 15, 0, 'GUIAS', 0, 'Español y matematicas', '1 AÑO'),
(195, 1, 40, 7, 1, 0, 'Express Publishing', 0, 'Happy Hearts', '1 año'),
(196, 1, 40, 7, 2, 0, 'Express Publishing', 0, 'Happy Hearts', '1 año'),
(197, 1, 40, 7, 3, 0, 'Express Publishing', 0, 'welcome 1', '1 año'),
(198, 1, 347, 3, 15, 0, 'Norma', 0, 'Paquete tres textos de Norma', 'Posibilidad de cambio'),
(199, 1, 347, 2, 15, 0, 'Norma', 0, 'Paquete tres textos de Norma', 'Posibilidad de cambio'),
(200, 1, 347, 7, 15, 0, 'Norma', 0, 'Paquete tres textos de Norma', 'Posibilidad de cambio'),
(201, 1, 40, 7, 15, 0, 'Express Publishing', 0, 'WELCOME 2-6', '1 año'),
(202, 1, 40, 7, 16, 0, 'Express Publishing', 0, 'Prime Time US', '1 año'),
(203, 1, 350, 2, 15, 0, 'GUIAS', 0, 'Modulos Institucionales', '3 año'),
(204, 1, 73, 7, 16, 0, 'Express Publishing', 0, 'Prime Time US', '1 año'),
(205, 1, 233, 2, 15, 0, 'Santillana', 0, 'caminos del saber', '2018'),
(206, 1, 36, 1, 1, 0, 'Eureka', 104, '', '1 año'),
(207, 1, 36, 1, 2, 0, 'Eureka', 105, '', '1 año'),
(208, 1, 36, 1, 2, 0, 'Eureka', 105, '', ''),
(209, 1, 351, 3, 15, 0, 'GUIAS', 0, 'GUIAS', '3 año'),
(210, 1, 233, 3, 15, 0, 'Libros y Libros', 0, 'normal', '2018'),
(211, 1, 36, 2, 3, 0, 'Eureka', 58, '', '1 año'),
(212, 1, 36, 3, 3, 0, 'Eureka', 14, '', '1 año'),
(213, 1, 233, 4, 15, 0, 'Eureka', 155, '', '2018'),
(214, 1, 36, 7, 1, 0, 'Express Publishing', 0, 'Happy Hearts', '1 año'),
(215, 1, 349, 3, 15, 0, 'Solución Digital Santillana', 0, 'Paquete Digital', 'No hay cambio'),
(216, 1, 349, 3, 16, 0, 'Solución Digital Santillana', 0, 'Paquete Digital', 'No hay cambio'),
(217, 1, 36, 7, 2, 0, 'Express Publishing', 0, 'Happy Hearts', '1 año'),
(218, 1, 352, 2, 15, 0, 'GUIAS', 0, 'Español y matematicas', '1 AÑO'),
(219, 1, 60, 1, 1, 0, 'Eureka', 104, '', '1 año'),
(220, 1, 60, 1, 2, 0, 'Eureka', 105, '', '1 año'),
(221, 1, 60, 2, 3, 0, 'Eureka', 58, '', '1 año'),
(222, 1, 60, 3, 3, 0, 'Eureka', 14, '', '1 año'),
(223, 1, 159, 2, 15, 0, 'Eureka', 159, '', '2018'),
(224, 1, 60, 2, 4, 0, 'Eureka', 42, '', '1 año'),
(225, 1, 159, 2, 16, 0, 'Eureka', 160, '', '2019'),
(226, 1, 60, 3, 4, 0, 'Eureka', 15, '', '1 año'),
(227, 1, 60, 4, 4, 0, 'Eureka', 26, '', '1 año'),
(228, 1, 159, 7, 15, 0, 'Express Publishing', 0, 'i5 y on scrren', '2018'),
(229, 1, 60, 2, 5, 0, 'Eureka', 43, '', '1 año'),
(230, 1, 353, 2, 15, 0, 'GUIAS', 0, 'GUIAS', 'no pide textos'),
(231, 1, 60, 3, 5, 0, 'Eureka', 16, '', '1 año'),
(232, 1, 60, 4, 5, 0, 'Eureka', 27, '', '1 año'),
(233, 1, 354, 2, 0, 0, 'Textos Internacionales', 0, '', 'No hay posibilidades'),
(234, 1, 354, 2, 16, 0, 'Textos Internacionales', 0, '', 'No hay posibilidades'),
(235, 1, 355, 4, 15, 0, 'Hispanoamerica', 0, 'Comprension Lectora', '2 año'),
(236, 1, 356, 2, 0, 0, 'Norma', 0, 'Saber Matematicas', 'Primer año es por tres'),
(237, 1, 237, 2, 15, 0, 'en linea', 0, 'Español y matematicas', '2018'),
(238, 1, 356, 2, 0, 0, 'Santillana', 0, 'Siglo XXI', 'Primer año es por tres'),
(239, 1, 357, 2, 15, 0, 'Solución digital Planeta', 0, 'Paquete Digital', '2 año'),
(240, 1, 361, 2, 15, 0, 'GUIAS', 0, 'GUIAS', '1 AÑO'),
(241, 1, 362, 3, 15, 0, 'Norma', 0, '', '2 años'),
(242, 1, 362, 2, 15, 0, 'Libros y Libros', 0, '', '2 años'),
(243, 1, 363, 3, 15, 0, 'Santillana', 0, '', '2 años'),
(244, 1, 363, 2, 15, 0, 'Santillana', 0, '', '2 años'),
(245, 1, 237, 4, 15, 0, 'lideres del milenio', 0, 'millas', '2018'),
(246, 1, 363, 7, 15, 0, 'macmillan', 0, '', '2 años'),
(247, 1, 237, 8, 15, 0, 'Eureka', 168, '', '2018'),
(248, 1, 360, 2, 15, 0, 'Norma', 0, '', 'Posibilidad de cambio'),
(249, 1, 360, 3, 15, 0, 'Norma', 0, '', 'Posibilidad de cambio'),
(250, 1, 364, 7, 15, 0, 'Cengage', 0, 'INGLES', '2 año'),
(251, 1, 360, 7, 15, 0, 'Greewich', 0, 'Clap-Clap', ''),
(252, 1, 366, 2, 15, 0, 'lapiz y color', 0, 'Español y matematicas', '1 AÑO'),
(253, 1, 369, 2, 15, 0, 'Solución Digital Santillana', 0, 'santillana plus', '2 año'),
(254, 1, 185, 2, 15, 0, 'Libros y Libros', 0, 'Secuencias matematicas', '2018'),
(255, 1, 185, 3, 15, 0, 'Libros y Libros', 0, 'Secuencias Lenguaje', '2018'),
(256, 1, 370, 2, 15, 0, 'Solución Digital Santillana', 0, 'santillana plus', '3 año'),
(257, 1, 371, 2, 15, 0, 'Solución digital SM', 0, 'solucion digital', '3 año'),
(258, 1, 185, 7, 15, 0, 'Express Publishing', 0, 'esmailes pack', '2018'),
(259, 1, 168, 4, 0, 0, 'Norma', 0, 'grafiti', '2018'),
(260, 1, 168, 2, 15, 0, 'otra', 0, 'Español y matematicas', '2018'),
(261, 1, 374, 2, 15, 0, 'GUIAS', 0, 'GUIAS', '2 año'),
(262, 1, 373, 2, 15, 0, 'Norma', 0, '', '1 año'),
(263, 1, 373, 3, 15, 0, 'Norma', 0, '', '1 año'),
(264, 1, 373, 7, 15, 0, 'Pearson', 0, '', ''),
(265, 1, 166, 9, 15, 0, 'Norma', 0, 'plan lector', '2018'),
(266, 1, 166, 4, 15, 0, 'grow', 0, 'grow', '2018'),
(267, 1, 375, 3, 0, 0, 'Norma', 0, 'Plataforma sabios', 'No hay posibilidades'),
(268, 1, 376, 2, 15, 0, 'GUIAS', 0, 'GUIAS', ''),
(269, 1, 375, 2, 15, 0, 'Norma', 0, 'Plataforma sabios', 'No hay posibilidades'),
(270, 1, 375, 3, 15, 0, 'Norma', 0, 'Plataforma sabios', 'No hay posibilidades'),
(271, 1, 264, 2, 15, 0, 'Libros y Libros', 0, 'Secuencias matematicas', '2018'),
(272, 1, 264, 3, 16, 0, 'Libros y Libros', 0, 'Secuencias Lenguaje', '2018'),
(273, 1, 375, 7, 15, 0, 'Bocks and Bocks', 0, '', 'No hay posibilidades'),
(274, 1, 378, 2, 15, 0, 'santilana textos', 0, '', '1 año'),
(275, 1, 378, 3, 15, 0, 'santilana textos', 0, '', '1 año'),
(276, 1, 378, 7, 15, 0, 'Pearson', 0, '', '2 años'),
(277, 1, 375, 2, 16, 0, 'Norma', 0, 'Contenidos Digitales', 'No hay posibilidades'),
(278, 1, 375, 3, 0, 0, 'Norma', 0, 'Contenidos Digitales', 'No hay posibilidades'),
(279, 1, 290, 3, 15, 0, 'Solución digital Libros y Libros', 0, 'Plataforma sabios', '3 años'),
(280, 1, 375, 7, 16, 0, 'Bocks and Bocks', 0, 'Plataforma Digital', 'No hay posibilidades'),
(281, 1, 290, 2, 15, 0, 'Solución digital Libros y Libros', 0, 'Plataforma sabios', '3 años'),
(282, 1, 375, 3, 0, 0, 'Norma', 0, 'Contenidos Digitales', 'No hay posibilidades'),
(283, 1, 264, 4, 15, 0, 'Eureka', 155, '', '2018'),
(284, 1, 381, 2, 15, 0, 'Norma', 0, 'Paquete de cinco materias', 'Octubre se miran posibilidades'),
(285, 1, 381, 3, 0, 0, 'Norma', 0, 'Paquete de cinco materias', 'Octubre se miran posibilidades'),
(286, 1, 381, 6, 15, 0, 'Norma', 0, 'Paquete de cinco materias', 'Octubre se miran posibilidades'),
(287, 1, 381, 3, 15, 0, 'Norma', 0, 'Paquete de cinco materias', 'Octubre se miran posibilidades'),
(288, 1, 381, 5, 15, 0, 'Norma', 0, 'Paquete de cinco materias', 'Octubre se miran posibilidades'),
(289, 1, 381, 7, 15, 0, 'Norma', 0, 'Paquete de cinco materias', 'Octubre se miran posibilidades'),
(290, 1, 382, 4, 15, 0, 'Encuentro', 0, '', 'Posibilidad de cambio'),
(291, 1, 383, 2, 15, 0, 'Libros y Libros', 0, '', 'Posibilidad de cambio'),
(292, 1, 383, 3, 15, 0, 'Libros y Libros', 0, '', 'Posibilidad de cambio'),
(293, 1, 383, 4, 0, 0, 'Educar', 0, '', 'Posibilidad de cambio'),
(294, 1, 383, 7, 0, 0, 'Educar', 0, '', 'Posibilidad de cambio'),
(295, 1, 191, 2, 15, 0, 'Eureka', 161, '', '2018'),
(296, 1, 191, 2, 16, 0, 'Eureka', 162, '', '2018'),
(297, 1, 191, 3, 16, 0, 'Educar', 0, '', ''),
(298, 1, 191, 3, 15, 0, 'Educar', 0, 'expresate lenguaje', '2018'),
(299, 1, 160, 2, 15, 0, 'arquidioses de fontibon', 0, 'Modulos Institucionales', '2019'),
(300, 1, 386, 7, 16, 0, 'Eureka', 0, '', '1 año'),
(301, 1, 387, 2, 15, 0, 'Norma', 0, '', '2 años'),
(302, 1, 387, 3, 15, 0, 'Norma', 0, '', '2 años'),
(303, 1, 387, 2, 16, 0, 'Norma', 0, '', '3 años'),
(304, 1, 387, 3, 16, 0, 'Norma', 0, '', '3 años'),
(305, 1, 385, 2, 15, 0, 'Educar', 0, '', 'No hay cambio'),
(306, 1, 385, 3, 15, 0, 'Educar', 0, '', 'No hay cambio'),
(307, 1, 385, 7, 15, 0, 'Educar', 0, '', 'No hay cambio'),
(308, 1, 385, 8, 15, 0, 'Libros y Libros', 0, '', 'Posibilidad de cambio'),
(309, 1, 385, 2, 16, 0, 'Educar', 0, '', 'No hay cambio'),
(310, 1, 385, 3, 16, 0, 'Educar', 0, '', 'No hay cambio'),
(311, 1, 385, 7, 16, 0, 'Educar', 0, '', 'No hay cambio'),
(312, 1, 394, 2, 16, 0, 'Norma', 0, '', '3 años'),
(313, 1, 394, 4, 16, 0, 'Norma', 0, 'grafiti', '3 años'),
(314, 1, 396, 2, 15, 0, 'Modulos Pierre Faure', 0, '', 'No hay posibilidades'),
(315, 1, 403, 2, 8, 0, 'Eureka', 46, '', '2 años'),
(316, 1, 403, 2, 4, 0, 'Libros y Libros', 0, '', '2 años'),
(317, 1, 403, 2, 6, 0, 'Libros y Libros', 0, '', '2 años'),
(318, 1, 403, 2, 5, 0, 'Libros y Libros', 0, '', '2 años'),
(319, 1, 403, 2, 7, 0, 'Libros y Libros', 0, '', '2 años'),
(320, 1, 403, 3, 15, 0, 'santilana textos', 0, '', '2 años'),
(321, 1, 404, 2, 15, 0, 'Libros y Libros', 0, 'Plataforma sabios', 'No hay posibilidades'),
(322, 1, 404, 3, 15, 0, 'Libros y Libros', 0, 'Plataforma sabios', 'No hay posibilidades'),
(323, 1, 404, 6, 15, 0, 'Solución Digital Santillana', 0, '', 'No hay posibilidades'),
(324, 1, 413, 2, 15, 0, 'Libros y Libros', 0, 'Plataforma sabios', 'Llevan dos años queda uno por trabajar'),
(325, 1, 413, 3, 15, 0, 'Libros y Libros', 0, 'Plataforma sabios', 'Llevan dos años queda uno por trabajar'),
(326, 1, 413, 7, 15, 0, 'Richmond', 0, '', 'Llevan dos años queda uno por trabajar'),
(327, 1, 413, 9, 15, 0, 'Eureka', 0, '', 'Posibilidad de cambio'),
(328, 1, 248, 2, 15, 0, 'Libros y Libros', 0, 'Secuencias matematicas', '2018'),
(329, 1, 248, 3, 15, 0, 'Libros y Libros', 0, 'Secuencias Lenguaje', '2018'),
(330, 1, 248, 7, 15, 0, 'Norma', 0, 'sonrise', '2018'),
(331, 1, 170, 2, 15, 0, 'Modulos ', 0, 'Español y matematicas', '2018'),
(332, 1, 170, 2, 15, 0, 'Modulos ', 0, 'Español y matematicas', '2018'),
(333, 1, 170, 7, 16, 0, 'Pearson', 0, 'INGLES', '2018'),
(334, 1, 417, 10, 15, 0, 'Empresa Programa de Robotica', 0, '', 'No hay posibilidades'),
(335, 1, 417, 8, 15, 0, 'Ediarte', 0, '', 'No hay cambio'),
(336, 1, 415, 3, 15, 0, 'Eureka', 153, '', '1 año'),
(337, 1, 415, 2, 15, 0, 'santilana textos', 0, '', '2 años'),
(338, 1, 229, 2, 15, 0, 'Eureka', 158, '', '2018'),
(339, 1, 229, 3, 16, 0, 'Eureka', 152, '', '2018'),
(340, 1, 229, 4, 15, 0, 'Eureka', 155, '', '2018'),
(341, 1, 418, 2, 15, 0, 'otra', 0, '', '1 año'),
(342, 1, 418, 3, 15, 0, 'otra', 0, '', '1'),
(343, 1, 231, 2, 15, 0, 'Modulos ', 0, 'Español y matematicas', '2018'),
(344, 1, 420, 2, 15, 0, 'Eureka', 158, '', '1 año'),
(345, 1, 420, 2, 9, 0, 'Eureka', 64, '', '1 año'),
(346, 1, 420, 2, 10, 0, 'Eureka', 65, '', '1 año'),
(347, 1, 419, 2, 15, 0, 'Solución Digital Santillana', 0, 'Todo lo estan trabajando con sistema uno de pre-11°', 'No hay posibilidades'),
(348, 1, 421, 2, 15, 0, 'Eureka', 159, '', '1 año'),
(349, 1, 421, 4, 15, 0, 'otra', 0, '', '1 año'),
(350, 1, 249, 2, 15, 0, 'Modulos ', 0, 'Español y matematicas', '2018'),
(351, 1, 249, 4, 15, 0, 'Educar', 0, 'Comprension Lectora', '2018'),
(352, 1, 245, 2, 0, 0, 'Modulos ', 0, 'Español y matematicas', '2018'),
(353, 1, 58, 2, 4, 0, 'Eureka', 42, '', '1 año'),
(354, 1, 58, 7, 5, 0, 'Express Publishing', 0, 'The Incredible 2', '1 año'),
(355, 1, 58, 7, 6, 0, 'Express Publishing', 0, 'The Incredible 3 SB', '1 año'),
(356, 1, 58, 7, 7, 0, 'Express Publishing', 0, 'The Incredible 4', '1 año'),
(357, 1, 58, 7, 8, 0, 'Express Publishing', 0, 'The Incredible 5 SB', '1 año'),
(358, 1, 58, 7, 13, 0, 'Express Publishing', 0, 'on screen SB B2', '1 año'),
(359, 1, 24, 2, 6, 1, 'Eureka', 209, '', '1 año');

-- --------------------------------------------------------

--
-- Estructura de tabla para la tabla `mu_pre`
--

CREATE TABLE `mu_pre` (
  `id` int(11) NOT NULL,
  `id_plan_trabajo` int(11) NOT NULL,
  `id_libro` int(11) NOT NULL
) ENGINE=InnoDB DEFAULT CHARSET=utf8;

--
-- Volcado de datos para la tabla `mu_pre`
--

INSERT INTO `mu_pre` (`id`, `id_plan_trabajo`, `id_libro`) VALUES
(1, 54, 3),
(2, 54, 82);

-- --------------------------------------------------------

--
-- Estructura de tabla para la tabla `objetivos`
--

CREATE TABLE `objetivos` (
  `id` int(11) NOT NULL,
  `objetivo` varchar(100) COLLATE utf8_spanish_ci NOT NULL
) ENGINE=InnoDB DEFAULT CHARSET=utf8 COLLATE=utf8_spanish_ci;

--
-- Volcado de datos para la tabla `objetivos`
--

INSERT INTO `objetivos` (`id`, `objetivo`) VALUES
(1, 'Contacto'),
(2, 'Muestreo'),
(3, 'Presentación'),
(4, 'Seguimiento'),
(5, 'Definición anticipada'),
(6, 'Definición final'),
(7, 'Otro');

-- --------------------------------------------------------

--
-- Estructura de tabla para la tabla `paises`
--

CREATE TABLE `paises` (
  `id` int(11) NOT NULL,
  `pais` varchar(100) NOT NULL
) ENGINE=InnoDB DEFAULT CHARSET=utf8;

--
-- Volcado de datos para la tabla `paises`
--

INSERT INTO `paises` (`id`, `pais`) VALUES
(1, 'COLOMBIA'),
(2, 'PANAMA');

-- --------------------------------------------------------

--
-- Estructura de tabla para la tabla `paralelos`
--

CREATE TABLE `paralelos` (
  `id` int(11) NOT NULL,
  `paralelos` int(10) NOT NULL
) ENGINE=InnoDB DEFAULT CHARSET=utf8 COLLATE=utf8_spanish_ci;

-- --------------------------------------------------------

--
-- Estructura de tabla para la tabla `periodos`
--

CREATE TABLE `periodos` (
  `id` int(11) NOT NULL,
  `periodo` varchar(6) COLLATE utf8_spanish_ci NOT NULL,
  `f_cierre` date NOT NULL
) ENGINE=InnoDB DEFAULT CHARSET=utf8 COLLATE=utf8_spanish_ci;

--
-- Volcado de datos para la tabla `periodos`
--

INSERT INTO `periodos` (`id`, `periodo`, `f_cierre`) VALUES
(1, '2018', '2018-08-31');

-- --------------------------------------------------------

--
-- Estructura de tabla para la tabla `plan_trabajo`
--

CREATE TABLE `plan_trabajo` (
  `id` int(11) NOT NULL,
  `id_periodo` int(11) NOT NULL,
  `id_promotor` int(11) NOT NULL,
  `id_colegio` int(11) NOT NULL,
  `cod_profesor` varchar(110) COLLATE utf8_spanish_ci NOT NULL,
  `id_objetivo` int(11) NOT NULL,
  `resultado` int(11) NOT NULL,
  `color` varchar(7) COLLATE utf8_spanish_ci NOT NULL,
  `start` datetime NOT NULL,
  `end` datetime NOT NULL
) ENGINE=InnoDB DEFAULT CHARSET=utf8 COLLATE=utf8_spanish_ci;

--
-- Volcado de datos para la tabla `plan_trabajo`
--

INSERT INTO `plan_trabajo` (`id`, `id_periodo`, `id_promotor`, `id_colegio`, `cod_profesor`, `id_objetivo`, `resultado`, `color`, `start`, `end`) VALUES
(1, 1, 1, 1, 'marcos', 1, 0, '#0071c5', '2018-04-17 00:00:00', '2018-04-18 00:00:00'),
(2, 1, 1, 2, 'liliana', 2, 0, '#0071c5', '2018-04-17 07:30:00', '2018-04-17 08:00:00'),
(3, 1, 1, 1, '', 0, 0, '#0071c5', '2018-04-18 08:00:00', '2018-04-18 08:30:00'),
(4, 1, 1, 2, 'tal', 5, 0, '#0071c5', '2018-04-18 06:00:00', '2018-04-18 06:30:00'),
(5, 1, 1, 1, 'alejandro', 6, 0, '#0071c5', '2018-04-20 06:00:00', '2018-04-20 06:30:00'),
(6, 1, 1, 1, 'Guillermo', 2, 0, '#0071c5', '2018-04-15 07:00:00', '2018-04-15 07:30:00'),
(7, 1, 1, 0, '', 0, 0, '#0071c5', '2018-04-15 14:30:00', '2018-04-15 14:30:00'),
(8, 1, 1, 2, 'Guillermo ', 1, 0, '#0071c5', '2018-04-16 09:00:00', '2018-04-16 09:30:00'),
(10, 1, 1, 1, '', 0, 0, '#0071c5', '2018-04-16 01:45:00', '2018-04-16 02:00:00'),
(11, 1, 1, 2, 'liliana', 1, 0, '#0071c5', '2018-04-18 01:30:00', '2018-04-18 02:00:00'),
(12, 1, 1, 2, 'Guillermo amaya ', 4, 0, '#0071c5', '2018-04-26 16:30:00', '2018-04-26 17:00:00'),
(23, 1, 1, 1, '1216313', 1, 0, '#0071c5', '2018-05-02 02:00:00', '2018-05-02 03:00:00'),
(24, 1, 1, 2, '1607414', 1, 1, '#008000', '2018-05-01 03:00:00', '2018-05-01 04:00:00'),
(25, 1, 1, 1, '', 2, 0, '#0071c5', '2018-05-09 05:00:00', '2018-05-09 06:00:00'),
(27, 1, 1, 1, '2674779', 1, 0, '#0071c5', '2018-05-09 04:00:00', '2018-05-09 05:00:00'),
(28, 1, 1, 1, '1607414', 1, 0, '#0071c5', '2018-05-10 02:00:00', '2018-05-10 03:00:00'),
(29, 1, 1, 1, '3106356', 1, 0, '#0071c5', '2018-05-11 00:00:00', '2018-05-11 01:00:00'),
(30, 1, 1, 2, '6326325', 1, 0, '#0071c5', '2018-05-11 04:00:00', '2018-05-11 05:00:00'),
(31, 1, 1, 2, '33113454', 1, 1, '#008000', '2018-05-12 02:00:00', '2018-05-12 03:00:00'),
(32, 1, 1, 2, '6326325', 0, 0, '#0071c5', '2018-05-14 00:00:00', '2018-05-14 01:00:00'),
(33, 1, 1, 24, '', 1, 1, '#008000', '2018-06-13 02:00:00', '2018-06-13 03:00:00'),
(34, 1, 1, 24, '', 2, 1, '#008000', '2018-06-13 04:00:00', '2018-06-13 05:00:00'),
(35, 1, 1, 24, '', 1, 1, '#008000', '2018-06-14 02:00:00', '2018-06-14 03:00:00'),
(36, 1, 3, 35, '', 2, 0, '#0071c5', '2018-06-10 01:00:00', '2018-06-10 02:00:00'),
(37, 1, 3, 35, '', 2, 1, '#008000', '2018-06-15 01:00:00', '2018-06-15 02:00:00'),
(42, 1, 3, 301, '', 1, 1, '#008000', '2018-06-18 08:00:00', '2018-06-18 09:00:00'),
(43, 1, 3, 302, '', 7, 1, '#008000', '2018-06-18 09:00:00', '2018-06-18 10:00:00'),
(44, 1, 3, 300, '', 2, 1, '#008000', '2018-06-18 10:00:00', '2018-06-18 11:00:00'),
(45, 1, 3, 303, '', 2, 1, '#008000', '2018-06-18 11:00:00', '2018-06-18 12:00:00'),
(46, 1, 3, 46, '', 7, 0, '#0071c5', '2018-06-18 12:00:00', '2018-06-18 13:00:00'),
(47, 1, 3, 35, '', 4, 1, '#008000', '2018-06-20 08:00:00', '2018-06-20 09:00:00'),
(48, 1, 3, 128, '', 2, 1, '#008000', '2018-06-20 09:00:00', '2018-06-20 10:00:00'),
(49, 1, 3, 143, '', 7, 0, '#0071c5', '2018-06-20 10:00:00', '2018-06-20 11:00:00'),
(50, 1, 3, 143, '', 7, 1, '#008000', '2018-06-20 10:00:00', '2018-06-20 11:00:00'),
(51, 1, 3, 41, '', 7, 1, '#008000', '2018-06-20 11:00:00', '2018-06-20 12:00:00'),
(52, 1, 3, 140, '', 7, 1, '#008000', '2018-06-20 12:00:00', '2018-06-20 13:00:00'),
(53, 1, 3, 43, '', 7, 1, '#008000', '2018-06-21 08:00:00', '2018-06-21 09:00:00'),
(54, 1, 1, 24, '272282', 2, 1, '#008000', '2018-06-23 04:00:00', '2018-06-23 05:00:00');

-- --------------------------------------------------------

--
-- Estructura de tabla para la tabla `tipos_libro`
--

CREATE TABLE `tipos_libro` (
  `id` int(11) NOT NULL,
  `tipo` varchar(100) NOT NULL
) ENGINE=InnoDB DEFAULT CHARSET=utf8;

--
-- Volcado de datos para la tabla `tipos_libro`
--

INSERT INTO `tipos_libro` (`id`, `tipo`) VALUES
(1, 'Libro'),
(2, 'Modulo'),
(3, 'Guías'),
(4, 'Bibliobanco');

-- --------------------------------------------------------

--
-- Estructura de tabla para la tabla `trabajadores_colegios`
--

CREATE TABLE `trabajadores_colegios` (
  `id` int(11) NOT NULL,
  `codigo` int(10) NOT NULL,
  `id_colegio` int(11) NOT NULL,
  `cargo` varchar(100) COLLATE utf8_spanish_ci NOT NULL,
  `nombre` varchar(100) COLLATE utf8_spanish_ci NOT NULL,
  `area` varchar(50) COLLATE utf8_spanish_ci NOT NULL,
  `telefono` varchar(20) COLLATE utf8_spanish_ci NOT NULL,
  `email` varchar(100) COLLATE utf8_spanish_ci NOT NULL,
  `cumpleaños` date NOT NULL
) ENGINE=InnoDB DEFAULT CHARSET=utf8 COLLATE=utf8_spanish_ci;

--
-- Volcado de datos para la tabla `trabajadores_colegios`
--

INSERT INTO `trabajadores_colegios` (`id`, `codigo`, `id_colegio`, `cargo`, `nombre`, `area`, `telefono`, `email`, `cumpleaños`) VALUES
(1, 1, 32, '1', '', '', '', '', '0000-00-00'),
(2, 2, 32, '2', 'Darby Almanza', '', '', '', '0000-00-00'),
(3, 3, 32, '3', 'Virginia Daza', '', '', '', '0000-00-00'),
(4, 4, 32, '5', '', '3', '', '', '0000-00-00'),
(5, 5, 32, '5', '', '2', '', '', '0000-00-00'),
(6, 6, 32, '5', '', '6', '', '', '0000-00-00'),
(7, 7, 32, '5', '', '7', '', '', '0000-00-00'),
(8, 8, 29, '1', '', '', '', '', '0000-00-00'),
(9, 9, 29, '2', 'Hermano Francisco Javier Ibañez', '', '', '', '0000-00-00'),
(10, 10, 29, '3', 'Rosa Martín', '', 'Extensión 119', 'romartin285@gmail.com', '0000-00-00'),
(11, 11, 29, '5', '', '3', '', '', '0000-00-00'),
(12, 12, 29, '5', '', '2', '', '', '0000-00-00'),
(13, 13, 29, '5', '', '6', '', '', '0000-00-00'),
(14, 14, 29, '5', '', '7', '', '', '0000-00-00'),
(15, 15, 28, '1', '', '', '', '', '0000-00-00'),
(16, 16, 28, '2', '', '', '', '', '0000-00-00'),
(17, 17, 28, '3', '', '', '', '', '0000-00-00'),
(18, 18, 28, '5', 'Silvana Blanco', '3', '3006604826', '', '0000-00-00'),
(19, 19, 28, '5', 'Monica Ramirez', '2', '3125027268', '', '0000-00-00'),
(20, 20, 28, '5', 'Monica Sabogal', '6', '', '', '0000-00-00'),
(21, 21, 28, '5', 'Nidia Angarita', '7', '', '', '0000-00-00'),
(22, 22, 31, '1', '', '', '', '', '0000-00-00'),
(23, 23, 31, '2', 'Adela Cruz', '', '', '', '0000-00-00'),
(24, 24, 31, '3', 'Liliana Perez', '', '', '', '0000-00-00'),
(25, 25, 31, '5', 'Andres León', '3', '', '', '0000-00-00'),
(26, 26, 31, '5', 'Andres León', '2', '', '', '0000-00-00'),
(27, 27, 31, '5', '', '6', '', '', '0000-00-00'),
(28, 28, 31, '5', '', '7', '', '', '0000-00-00'),
(29, 29, 284, '1', '', '', '', '', '0000-00-00'),
(30, 30, 284, '2', 'Padre Fraile Willian Carreño', '', '', 'espanol@liceocervantes.edu.co', '0000-00-00'),
(31, 31, 284, '3', '', '', '', '', '0000-00-00'),
(32, 32, 284, '5', 'Diana Mejia', '3', '', '', '0000-00-00'),
(33, 33, 284, '5', 'Diana Mejia', '2', '', '', '0000-00-00'),
(34, 34, 284, '5', 'Edison Argoti', '6', '', '', '0000-00-00'),
(35, 35, 284, '5', 'Carlos Pinzon', '7', '', '', '0000-00-00'),
(36, 36, 285, '1', '', '', '', '', '0000-00-00'),
(37, 37, 285, '2', 'Hermana Martha Ramirez', '', '', '', '0000-00-00'),
(38, 38, 285, '3', 'Claudia Randon', '', 'Extensión 1013', 'cordinacionacademica@teresianobogota.edu.co', '0000-00-00'),
(39, 39, 285, '5', 'Willian Cardenas', '3', '', '', '0000-00-00'),
(40, 40, 285, '5', 'Willian Cardenas', '2', '', '', '0000-00-00'),
(41, 41, 285, '5', 'Jeidy Otalora', '6', '', '', '0000-00-00'),
(42, 42, 285, '5', 'erika Lopez', '7', '', '', '0000-00-00'),
(43, 43, 286, '1', '', '', '', '', '0000-00-00'),
(44, 44, 286, '2', 'Sor Gladys Bastos', '', '', '', '0000-00-00'),
(45, 45, 286, '3', '', '', '', '', '0000-00-00'),
(46, 46, 286, '5', '', '3', '', '', '0000-00-00'),
(47, 47, 286, '5', '', '2', '', '', '0000-00-00'),
(48, 48, 286, '5', '', '6', '', '', '0000-00-00'),
(49, 49, 286, '5', '', '7', '', '', '0000-00-00'),
(50, 50, 287, '1', '', '', '', '', '0000-00-00'),
(51, 51, 287, '2', 'Fray Wilson Mendoza', '', '', 'colegio@santotomas.edu.co', '0000-00-00'),
(52, 52, 287, '3', '', '', '', '', '0000-00-00'),
(53, 53, 287, '5', 'Carlos Rios', '3', '', '', '0000-00-00'),
(54, 54, 287, '5', 'Carlos Rios', '2', '', '', '0000-00-00'),
(55, 55, 287, '5', '', '6', '', '', '0000-00-00'),
(56, 56, 287, '5', '', '7', '', '', '0000-00-00'),
(57, 57, 288, '1', '', '', '', '', '0000-00-00'),
(58, 58, 288, '2', 'Hermana Maria Cristina Trillos', '', '', '', '0000-00-00'),
(59, 59, 288, '3', '', '', '', '', '0000-00-00'),
(60, 60, 288, '5', 'Claudia Lopez', '3', '', '', '0000-00-00'),
(61, 61, 288, '5', 'Claudia Lopez', '2', '', '', '0000-00-00'),
(62, 62, 288, '5', '', '6', '', '', '0000-00-00'),
(63, 63, 288, '5', '', '7', '', '', '0000-00-00'),
(64, 64, 289, '1', '', '', '', '', '0000-00-00'),
(65, 65, 289, '2', 'Madre Beatriz Jauregui', '', '', 'bjauregui@ccsj.edu.co', '0000-00-00'),
(66, 66, 289, '3', 'Sandra Naranjo', '', '', 'coordinacionacademica@ccsj.edu.co', '0000-00-00'),
(67, 67, 289, '5', 'Carlos Daza', '3', '3105637906', 'cbeltran@ccsj.edu.co', '0000-00-00'),
(68, 68, 289, '5', 'Carlos Daza', '2', '3002166107', '', '0000-00-00'),
(69, 69, 289, '5', '', '6', '', '', '0000-00-00'),
(70, 70, 289, '5', '', '7', '', '', '0000-00-00'),
(71, 71, 290, '1', 'Enrique Florez', '', '', '', '0000-00-00'),
(72, 72, 290, '2', 'Enrique Florez', '', '', '', '0000-00-00'),
(73, 73, 290, '3', 'Adriana Rojas', '', '3173565157', '', '0000-00-00'),
(74, 74, 290, '5', '', '3', '', '', '0000-00-00'),
(75, 75, 290, '5', '', '2', '', '', '0000-00-00'),
(76, 76, 290, '5', 'Jorge Jimenez Fuentes', '6', '', '', '0000-00-00'),
(77, 77, 290, '5', '', '7', '', '', '0000-00-00'),
(78, 78, 291, '1', '', '', '', '', '0000-00-00'),
(79, 79, 291, '2', 'Laura Corredor Beltran', '', '', '', '0000-00-00'),
(80, 80, 291, '3', 'Gloria Prieto', '', '', '', '0000-00-00'),
(81, 81, 291, '5', '', '3', '', '', '0000-00-00'),
(82, 82, 291, '5', '', '2', '', '', '0000-00-00'),
(83, 83, 291, '5', '', '6', '', '', '0000-00-00'),
(84, 84, 291, '5', '', '7', '', '', '0000-00-00'),
(85, 85, 292, '1', '', '', '', '', '0000-00-00'),
(86, 86, 292, '2', 'Juan Camilo Moncada', '', '', 'ninosmagicos@gmail.com', '0000-00-00'),
(87, 87, 292, '3', '', '', '', '', '0000-00-00'),
(88, 88, 292, '5', '', '3', '', '', '0000-00-00'),
(89, 89, 292, '5', '', '2', '', '', '0000-00-00'),
(90, 90, 292, '5', '', '6', '', '', '0000-00-00'),
(91, 91, 292, '5', '', '7', '', '', '0000-00-00'),
(92, 92, 293, '1', '', '', '', '', '0000-00-00'),
(93, 93, 293, '2', 'William Josue CarreñoMora', '', '', '', '0000-00-00'),
(94, 94, 293, '3', 'Gustavo Ortiz Wilches', '', '', '', '0000-00-00'),
(95, 95, 293, '5', '', '3', '', '', '0000-00-00'),
(96, 96, 293, '5', '', '2', '', '', '0000-00-00'),
(97, 97, 293, '5', '', '6', '', '', '0000-00-00'),
(98, 98, 293, '5', '', '7', '', '', '0000-00-00'),
(99, 99, 294, '1', '', '', '', '', '0000-00-00'),
(100, 100, 294, '2', 'Luis Fernando Tarquino', '', '', '', '0000-00-00'),
(101, 101, 294, '3', 'Gilma Amparo', '', '', '', '0000-00-00'),
(102, 102, 294, '5', '', '3', '', '', '0000-00-00'),
(103, 103, 294, '5', '', '2', '', '', '0000-00-00'),
(104, 104, 294, '5', '', '6', '', '', '0000-00-00'),
(105, 105, 294, '5', '', '7', '', '', '0000-00-00'),
(106, 106, 295, '1', '', '', '', '', '0000-00-00'),
(107, 107, 295, '2', '', '', '', '', '0000-00-00'),
(108, 108, 295, '3', 'Nidia Rojas', '', '', '', '0000-00-00'),
(109, 109, 295, '5', '', '3', '', '', '0000-00-00'),
(110, 110, 295, '5', '', '2', '', '', '0000-00-00'),
(111, 111, 295, '5', '', '6', '', '', '0000-00-00'),
(112, 112, 295, '5', '', '7', '', '', '0000-00-00'),
(113, 113, 296, '1', '', '', '', '', '0000-00-00'),
(114, 114, 296, '2', 'Amanda Lopez', '', '', '', '0000-00-00'),
(115, 115, 296, '3', 'Fernando Arevalo', '', '3103211979', '', '0000-00-00'),
(116, 116, 296, '5', '', '3', '', '', '0000-00-00'),
(117, 117, 296, '5', '', '2', '', '', '0000-00-00'),
(118, 118, 296, '5', '', '6', '', '', '0000-00-00'),
(119, 119, 296, '5', '', '7', '', '', '0000-00-00'),
(120, 120, 297, '1', 'Victor Medrano', '', '', '', '0000-00-00'),
(121, 121, 297, '2', 'Victor Medrano', '', '', 'vimeronsc@hotmail.com', '0000-00-00'),
(122, 122, 297, '3', '', '', '', '', '0000-00-00'),
(123, 123, 297, '5', '', '3', '', '', '0000-00-00'),
(124, 124, 297, '5', '', '2', '', '', '0000-00-00'),
(125, 125, 297, '5', '', '6', '', '', '0000-00-00'),
(126, 126, 297, '5', '', '7', '', '', '0000-00-00'),
(127, 127, 298, '1', 'Hermanas Misioneras de Santa Teresa del Niño Jesus', '', '', '', '0000-00-00'),
(128, 128, 298, '2', 'Hermana Higdali Mazo Guzman', '', '', '', '0000-00-00'),
(129, 129, 298, '3', '', '', '', '', '0000-00-00'),
(130, 130, 298, '5', '', '3', '', '', '0000-00-00'),
(131, 131, 298, '5', '', '2', '', '', '0000-00-00'),
(132, 132, 298, '5', '', '6', '', '', '0000-00-00'),
(133, 133, 298, '5', '', '7', '', '', '0000-00-00'),
(134, 134, 299, '1', 'Maria Isabel Lizarraga', '', '', '', '0000-00-00'),
(135, 135, 299, '2', '', '', '', '', '0000-00-00'),
(136, 136, 299, '3', 'Miriam Gomez', '', '', '', '0000-00-00'),
(137, 137, 299, '5', 'Aquiles Mejia', '3', '', '', '0000-00-00'),
(138, 138, 299, '5', 'Aquiles Mejia', '2', '', '', '0000-00-00'),
(139, 139, 299, '5', 'Omar Gomez', '6', '', '', '0000-00-00'),
(140, 140, 299, '5', '', '7', '', '', '0000-00-00'),
(141, 141, 300, '1', '', '', '', '', '0000-00-00'),
(142, 142, 300, '2', '', '', '', '', '0000-00-00'),
(143, 143, 300, '3', 'Fernanda Ruiz', '', '3175339305', '', '0000-00-00'),
(144, 144, 300, '5', '', '3', '', '', '0000-00-00'),
(145, 145, 300, '5', '', '2', '', '', '0000-00-00'),
(146, 146, 300, '5', '', '6', '', '', '0000-00-00'),
(147, 147, 300, '5', '', '7', '', '', '0000-00-00'),
(148, 69347138, 304, '1', 'Diana Mosquera', '', '3105614918', 'tallerinfantilmimundo@hotmail.com', '0000-00-00'),
(149, 78304038, 304, '2', 'Diana Mosquera', '', '3102318828', '', '0000-00-00'),
(150, 37287253, 304, '3', 'Alexandra Cancelado', '', '', '', '0000-00-00'),
(151, 75997376, 304, '5', '', '3', '', '', '0000-00-00'),
(152, 50262239, 304, '5', '', '2', '', '', '0000-00-00'),
(153, 95823096, 304, '5', '', '6', '', '', '0000-00-00'),
(154, 5312749, 304, '5', '', '7', '', '', '0000-00-00'),
(155, 557795987, 279, '1', '', '', '', '', '0000-00-00'),
(156, 1189, 279, '2', 'Lic. Jack Toloza', '', '', 'colmercedariospn@hotmail.es', '0000-00-00'),
(157, 17883, 279, '3', 'Lic. Ana Maria Torrez', '', '', '', '0000-00-00'),
(158, 3753940, 279, '5', '', '3', '', '', '0000-00-00'),
(159, 9838507, 279, '5', '', '2', '', '', '0000-00-00'),
(160, 40739310, 279, '5', '', '6', '', '', '0000-00-00'),
(161, 971870, 279, '5', '', '7', '', '', '0000-00-00'),
(162, 631942926, 71, '1', 'Jose Vicente Bello', '', '', '', '0000-00-00'),
(163, 5632008, 71, '2', 'Marlene Beltran Prieto', '', '', '', '0000-00-00'),
(164, 68064379, 71, '3', '', '', '', '', '0000-00-00'),
(165, 189600, 71, '5', '', '3', '', '', '0000-00-00'),
(166, 68275429, 71, '5', '', '2', '', '', '0000-00-00'),
(167, 9483689, 71, '5', '', '6', '', '', '0000-00-00'),
(168, 36469047, 71, '5', 'Amanda Mancipe', '7', '', '', '0000-00-00'),
(169, 6632931, 305, '1', '', '', '', '', '0000-00-00'),
(170, 91839569, 305, '2', 'Hermana Higdali Mazo Guzman', '', '', '', '0000-00-00'),
(171, 883071, 305, '3', '', '', '', '', '0000-00-00'),
(172, 95358207, 305, '5', '', '3', '', '', '0000-00-00'),
(173, 89996194, 305, '5', '', '2', '', '', '0000-00-00'),
(174, 16790176, 305, '5', '', '6', '', '', '0000-00-00'),
(175, 90575573, 305, '5', '', '7', '', '', '0000-00-00'),
(176, 506069323, 306, '1', '', '', '', '', '0000-00-00'),
(177, 29160866, 306, '2', 'Gerson Jaramillo', '', '', '', '0000-00-00'),
(178, 34489724, 306, '3', '', '', '', '', '0000-00-00'),
(179, 4130679, 306, '5', '', '3', '', '', '0000-00-00'),
(180, 6398587, 306, '5', '', '2', '', '', '0000-00-00'),
(181, 88275728, 306, '5', '', '6', '', '', '0000-00-00'),
(182, 558164, 306, '5', '', '7', '', '', '0000-00-00'),
(183, 2147483647, 307, '1', '', '', '', '', '0000-00-00'),
(184, 776294, 307, '2', 'Omar Caseres', '', '', '', '0000-00-00'),
(185, 28681, 307, '3', '', '', '', '', '0000-00-00'),
(186, 2813902, 307, '5', 'Sergio Sierra', '3', '', '', '0000-00-00'),
(187, 1383451, 307, '5', '', '2', '', '', '0000-00-00'),
(188, 701433, 307, '5', '', '6', '', '', '0000-00-00'),
(189, 12893884, 307, '5', '', '7', '', '', '0000-00-00'),
(190, 2147483647, 308, '1', '', '', '', '', '0000-00-00'),
(191, 1373065, 308, '2', 'Walter Abondano', '', '3125063270', '', '0000-00-00'),
(192, 15471584, 308, '3', '', '', '', '', '0000-00-00'),
(193, 61372769, 308, '5', '', '3', 'Ext.114', '', '0000-00-00'),
(194, 2776596, 308, '5', '', '2', '', '', '0000-00-00'),
(195, 51270810, 308, '5', '', '6', '', '', '0000-00-00'),
(196, 15629254, 308, '5', '', '7', '', '', '0000-00-00'),
(197, 1329098, 310, '1', '', '', '', '', '0000-00-00'),
(198, 393480, 310, '2', 'Juan Carlos Restrepo', '', '', '', '0000-00-00'),
(199, 65531325, 310, '3', 'Juan Felipe Restrepo', '', '', '', '0000-00-00'),
(200, 569463, 310, '5', '', '3', '', '', '0000-00-00'),
(201, 89368137, 310, '5', '', '2', '', '', '0000-00-00'),
(202, 3968862, 310, '5', '', '6', '', '', '0000-00-00'),
(203, 20422571, 310, '5', '', '7', '', '', '0000-00-00'),
(204, 2147483647, 24, '1', '', '', '', '', '0000-00-00'),
(205, 23654010, 24, '2', '', '', '', '', '0000-00-00'),
(206, 935657, 24, '3', '', '', '', '', '0000-00-00'),
(207, 4260910, 24, '5', 'eeeeee', '3', '312321', '', '0000-00-00'),
(208, 272282, 24, '5', 'aaaaaaaaa', '2', '', '', '0000-00-00'),
(209, 2375284, 24, '5', '', '6', '', '', '0000-00-00'),
(210, 71216780, 24, '5', '', '7', '', '', '0000-00-00'),
(211, 2147483647, 39, '1', 'Janeth Univio', '', '3103367348', 'Liceoparaisoinfantil@yahoo.es', '1901-05-01'),
(212, 97733173, 39, '2', 'Jhanet Univio', '', '3103367348', 'liceoparaisoinfantil@yahoo.es', '0000-00-00'),
(213, 50151033, 39, '3', '', '', '', '', '0000-00-00'),
(214, 33234695, 39, '5', '', '3', '', '', '0000-00-00'),
(215, 5996053, 39, '5', '', '2', '', '', '0000-00-00'),
(216, 568104, 39, '5', '', '6', '', '', '0000-00-00'),
(217, 893, 39, '5', '', '7', '', '', '0000-00-00'),
(218, 2147483647, 41, '1', 'Maria Angelica Buitrago', '', '', '', '0000-00-00'),
(219, 3662580, 41, '2', 'Sandra Patricia Quintero', '', '8044373', '', '0000-00-00'),
(220, 259513, 41, '3', '', '', '', '', '0000-00-00'),
(221, 4265395, 41, '5', '', '3', '', '', '0000-00-00'),
(222, 9751780, 41, '5', '', '2', '', '', '0000-00-00'),
(223, 92507195, 41, '5', '', '6', '', '', '0000-00-00'),
(224, 22372206, 41, '5', '', '7', '', '', '0000-00-00'),
(225, 2147483647, 301, '1', '', '', '', '', '0000-00-00'),
(226, 475559, 301, '2', 'Rocio Cañon', '', '302179320', '', '2018-09-03'),
(227, 1248727, 301, '3', '', '', '', '', '0000-00-00'),
(228, 6548767, 301, '5', 'Adriana Pinilla', '3', '', '', '0000-00-00'),
(229, 6402002, 301, '5', 'Adriana Pinilla', '2', '3203969312', '', '0000-00-00'),
(230, 647161, 301, '5', '', '6', '', '', '0000-00-00'),
(231, 83834430, 301, '5', '', '7', '', '', '0000-00-00'),
(232, 2147483647, 312, '1', '', '', '', '', '0000-00-00'),
(233, 387550, 312, '2', 'Marisol', '', '', '', '0000-00-00'),
(234, 49182354, 312, '3', 'Jarol Manrrique', '', '', '', '0000-00-00'),
(235, 31108, 312, '5', '', '3', '', '', '0000-00-00'),
(236, 947433, 312, '5', '', '2', '', '', '0000-00-00'),
(237, 904388, 312, '5', '', '6', '', '', '0000-00-00'),
(238, 942850, 312, '5', '', '7', '', '', '0000-00-00'),
(239, 313857172, 163, '1', '', '', '', '', '0000-00-00'),
(240, 934749, 163, '2', 'gloria pelaez', '', '', '', '0000-00-00'),
(241, 488912, 163, '3', 'Carlos Rodriguez', '', '', '', '0000-00-00'),
(242, 64184385, 163, '5', '', '3', '', '', '0000-00-00'),
(243, 55915434, 163, '5', '', '2', '', '', '0000-00-00'),
(244, 2679578, 163, '5', '', '6', '', '', '0000-00-00'),
(245, 3473669, 163, '5', '', '7', '', '', '0000-00-00'),
(246, 993274105, 322, '1', 'Martha Penagos', '', '', '', '0000-00-00'),
(247, 816113, 322, '2', 'Martha Penagos', '', '', '', '0000-00-00'),
(248, 38773823, 322, '3', 'Lucia Barrera', '', '2474793', '', '2018-05-13'),
(249, 6556233, 322, '5', '', '3', '', '', '0000-00-00'),
(250, 15956794, 322, '5', '', '2', '', '', '0000-00-00'),
(251, 4004061, 322, '5', '', '6', '', '', '0000-00-00'),
(252, 82700824, 322, '5', '', '7', '', '', '0000-00-00'),
(253, 424530045, 158, '1', 'Patricia Peña', '', '2901653', '', '0000-00-00'),
(254, 5794128, 158, '2', 'Martha Peña', '', '', '', '0000-00-00'),
(255, 7446867, 158, '3', '', '', '', '', '0000-00-00'),
(256, 61511825, 158, '5', '', '3', '', '', '0000-00-00'),
(257, 877665, 158, '5', '', '2', '', '', '0000-00-00'),
(258, 46386542, 158, '5', '', '6', '', '', '0000-00-00'),
(259, 8875722, 158, '5', '', '7', '', '', '0000-00-00'),
(260, 271640744, 143, '1', '', '', '', '', '0000-00-00'),
(261, 90733712, 143, '2', '', '', '', '', '0000-00-00'),
(262, 15095523, 143, '3', 'Marisol Roa', '', '3183910422', '', '2018-04-29'),
(263, 9048064, 143, '5', '', '3', '', '', '0000-00-00'),
(264, 60346673, 143, '5', '', '2', '', '', '0000-00-00'),
(265, 52588699, 143, '5', '', '6', '', '', '0000-00-00'),
(266, 763769, 143, '5', '', '7', '', '', '0000-00-00'),
(267, 8795719, 149, '1', '', '', '', '', '0000-00-00'),
(268, 3360490, 149, '2', 'RAFAEL ANTONIO PEREZ LEAL', '', '', '', '0000-00-00'),
(269, 9151763, 149, '3', '', '', '', '', '0000-00-00'),
(270, 337272, 149, '5', '', '3', '', '', '0000-00-00'),
(271, 77677649, 149, '5', '', '2', '', '', '0000-00-00'),
(272, 5743120, 149, '5', '', '6', '', '', '0000-00-00'),
(273, 9230891, 149, '5', '', '7', '', '', '0000-00-00'),
(274, 2147483647, 313, '1', 'Amparo Chavez', '', '3112345678', '', '2018-03-20'),
(275, 8276, 313, '2', 'Amparo Chavez', '', '3112345678', '', '0000-00-00'),
(276, 6825483, 313, '3', '', '', '', '', '0000-00-00'),
(277, 42397, 313, '5', '', '3', '', '', '0000-00-00'),
(278, 25366975, 313, '5', '', '2', '', '', '0000-00-00'),
(279, 83649534, 313, '5', '', '6', '', '', '0000-00-00'),
(280, 14368091, 313, '5', '', '7', '', '', '0000-00-00'),
(281, 2147483647, 328, '1', 'Gloria Barrantes', '', '', '', '0000-00-00'),
(282, 97583598, 328, '2', '', '', '', '', '0000-00-00'),
(283, 56113641, 328, '3', '', '', '', '', '0000-00-00'),
(284, 47620, 328, '5', '', '3', '', '', '0000-00-00'),
(285, 594031, 328, '5', '', '2', '', '', '0000-00-00'),
(286, 66880544, 328, '5', '', '6', '', '', '0000-00-00'),
(287, 5530839, 328, '5', '', '7', '', '', '0000-00-00'),
(288, 96155989, 329, '1', '', '', '', '', '0000-00-00'),
(289, 8278918, 329, '2', 'Ariel Romero', '', '', '', '0000-00-00'),
(290, 662525, 329, '3', '', '', '', '', '0000-00-00'),
(291, 674625, 329, '5', '', '3', '', '', '0000-00-00'),
(292, 8919608, 329, '5', '', '2', '', '', '0000-00-00'),
(293, 21499464, 329, '5', '', '6', '', '', '0000-00-00'),
(294, 8800734, 329, '5', '', '7', '', '', '0000-00-00'),
(295, 2147483647, 323, '1', 'Comunidad Hijas De Maria', '', '', '', '0000-00-00'),
(296, 8474875, 323, '2', 'Sor Veronica Ospitia', '', '3332243', 'colegiosanjuanbosco2011@gmail.com', '0000-00-00'),
(297, 76409814, 323, '3', 'Olga Bustos', '', '3300584', 'colegiosanjuanbosco@gmail.com', '0000-00-00'),
(298, 250604, 323, '5', '', '3', '', '', '0000-00-00'),
(299, 19886135, 323, '5', '', '2', '', '', '0000-00-00'),
(300, 87113769, 323, '5', '', '6', '', '', '0000-00-00'),
(301, 19806835, 323, '5', '', '7', '', '', '0000-00-00'),
(302, 981051, 239, '1', 'Oscar Martinez', '', '3158402658', '', '0000-00-00'),
(303, 92363253, 239, '2', '', '', '', '', '0000-00-00'),
(304, 1712989, 239, '3', '', '', '', '', '0000-00-00'),
(305, 6764484, 239, '5', '', '3', '', '', '0000-00-00'),
(306, 3742339, 239, '5', '', '2', '', '', '0000-00-00'),
(307, 55377707, 239, '5', '', '6', '', '', '0000-00-00'),
(308, 393853, 239, '5', '', '7', '', '', '0000-00-00'),
(309, 94474978, 327, '1', '', '', '', '', '0000-00-00'),
(310, 48429569, 327, '2', 'Claudia Bocachica', '', '', '', '0000-00-00'),
(311, 21182729, 327, '3', 'Piedad Bocachica', '', '', '', '0000-00-00'),
(312, 1651535, 327, '5', '', '3', '', '', '0000-00-00'),
(313, 89964938, 327, '5', '', '2', '', '', '0000-00-00'),
(314, 6693411, 327, '5', '', '6', '', '', '0000-00-00'),
(315, 4195838, 327, '5', '', '7', '', '', '0000-00-00'),
(316, 6201955, 330, '1', 'Edgar Motta', '', '', '', '0000-00-00'),
(317, 33544901, 330, '2', 'Liliana de Mendez/Edgar Motta', '', '', '', '0000-00-00'),
(318, 92478987, 330, '3', '', '', '', '', '0000-00-00'),
(319, 9614965, 330, '5', '', '3', '', '', '0000-00-00'),
(320, 7755943, 330, '5', '', '2', '', '', '0000-00-00'),
(321, 19657554, 330, '5', '', '6', '', '', '0000-00-00'),
(322, 78036794, 330, '5', '', '7', '', '', '0000-00-00'),
(323, 971081697, 44, '1', 'Rosa Ines Ortiz ', '', '', '', '0000-00-00'),
(324, 6858597, 44, '2', 'Rosa Ines Ortiz', '', '', '', '0000-00-00'),
(325, 9516759, 44, '3', '', '', '', '', '0000-00-00'),
(326, 16153139, 44, '5', '', '3', '', '', '0000-00-00'),
(327, 22627381, 44, '5', '', '2', '', '', '0000-00-00'),
(328, 1939538, 44, '5', '', '6', '', '', '0000-00-00'),
(329, 27972353, 44, '5', '', '7', '', '', '0000-00-00'),
(330, 2147483647, 315, '1', 'Beatriz Correa', '', '3103367348', '', '0000-00-00'),
(331, 2342541, 315, '2', '', '', '', '', '0000-00-00'),
(332, 13276828, 315, '3', '', '', '', '', '0000-00-00'),
(333, 35478902, 315, '5', '', '3', '', '', '0000-00-00'),
(334, 732323, 315, '5', '', '2', '', '', '0000-00-00'),
(335, 6556097, 315, '5', '', '6', '', '', '0000-00-00'),
(336, 18765837, 315, '5', '', '7', '', '', '0000-00-00'),
(337, 2147483647, 331, '1', '', '', '', '', '0000-00-00'),
(338, 69505532, 331, '2', 'John Fredy Huertas', '', '', '', '0000-00-00'),
(339, 9767236, 331, '3', 'Lorena Estupiñan', '', '', '', '0000-00-00'),
(340, 32583948, 331, '5', '', '3', '', '', '0000-00-00'),
(341, 95070205, 331, '5', '', '2', '', '', '0000-00-00'),
(342, 4438656, 331, '5', '', '6', '', '', '0000-00-00'),
(343, 10130482, 331, '5', '', '7', '', '', '0000-00-00'),
(344, 669829484, 332, '1', 'Luz Stella Perdomo', '', '', '', '0000-00-00'),
(345, 54116082, 332, '2', '', '', '', '', '0000-00-00'),
(346, 37870209, 332, '3', '', '', '', '', '0000-00-00'),
(347, 68982838, 332, '5', '', '3', '', '', '0000-00-00'),
(348, 50932566, 332, '5', '', '2', '', '', '0000-00-00'),
(349, 87635348, 332, '5', '', '6', '', '', '0000-00-00'),
(350, 9381257, 332, '5', '', '7', '', '', '0000-00-00'),
(351, 834128333, 57, '1', 'Javier Santiesteban', '', '', '', '0000-00-00'),
(352, 60581122, 57, '2', 'CLAUDIA LOPEZ', '', '', '', '2018-02-28'),
(353, 18388100, 57, '3', 'Elizabeth Cangrejo', '', '', '', '0000-00-00'),
(354, 99154887, 57, '5', 'Nubia Barragan', '3', '', '', '0000-00-00'),
(355, 9031237, 57, '5', '', '2', '', '', '0000-00-00'),
(356, 17318528, 57, '5', '', '6', '', '', '0000-00-00'),
(357, 15586363, 57, '5', '', '7', '', '', '0000-00-00'),
(358, 482484910, 334, '1', '', '', '', '', '0000-00-00'),
(359, 40508028, 334, '2', 'Hermano. Giovanny Ramirez', '', '', '', '0000-00-00'),
(360, 278815, 334, '3', '', '', '', '', '0000-00-00'),
(361, 2126575, 334, '5', '', '3', '', '', '0000-00-00'),
(362, 7108191, 334, '5', '', '2', '', '', '0000-00-00'),
(363, 2071142, 334, '5', '', '6', '', '', '0000-00-00'),
(364, 8981812, 334, '5', '', '7', '', '', '0000-00-00'),
(365, 2147483647, 333, '1', '', '', '', '', '0000-00-00'),
(366, 509594, 333, '2', 'Alba Milena Polania', '', '3217042650', '', '0000-00-00'),
(367, 548180, 333, '3', 'Marcela Polania', '', '', '', '0000-00-00'),
(368, 7878040, 333, '5', '', '3', '', '', '0000-00-00'),
(369, 7593757, 333, '5', '', '2', '', '', '0000-00-00'),
(370, 943636, 333, '5', '', '6', '', '', '0000-00-00'),
(371, 30739425, 333, '5', '', '7', '', '', '0000-00-00'),
(372, 2147483647, 314, '1', 'Patricia rios', '', '3209087655', '', '2018-12-22'),
(373, 41018277, 314, '2', 'Patricia Rios', '', '3209087655', '', '0000-00-00'),
(374, 3209749, 314, '3', '', '', '', '', '0000-00-00'),
(375, 235402, 314, '5', '', '3', '', '', '0000-00-00'),
(376, 7716419, 314, '5', '', '2', '', '', '0000-00-00'),
(377, 5011583, 314, '5', '', '6', '', '', '0000-00-00'),
(378, 67120919, 314, '5', '', '7', '', '', '0000-00-00'),
(379, 2147483647, 335, '1', '', '', '', '', '0000-00-00'),
(380, 9842808, 335, '2', 'Jesus Moreno', '', '', '', '0000-00-00'),
(381, 46609731, 335, '3', '', '', '', '', '0000-00-00'),
(382, 7169743, 335, '5', '', '3', '', '', '0000-00-00'),
(383, 4640177, 335, '5', '', '2', '', '', '0000-00-00'),
(384, 97003967, 335, '5', '', '6', '', '', '0000-00-00'),
(385, 3157816, 335, '5', '', '7', '', '', '0000-00-00'),
(386, 20371682, 43, '1', 'Fundacion Agustiniana', '', '', '', '0000-00-00'),
(387, 643171, 43, '2', '', '', '', '', '0000-00-00'),
(388, 97115257, 43, '3', '', '', '', '', '0000-00-00'),
(389, 99836755, 43, '5', '', '3', '', '', '0000-00-00'),
(390, 959610, 43, '5', '', '2', '', '', '0000-00-00'),
(391, 50256263, 43, '5', '', '6', '', '', '0000-00-00'),
(392, 96427885, 43, '5', '', '7', '', '', '0000-00-00'),
(393, 658116910, 251, '1', 'Concepción Garay', '', '', '', '0000-00-00'),
(394, 6656447, 251, '2', '', '', '', '', '0000-00-00'),
(395, 80922685, 251, '3', '', '', '', '', '0000-00-00'),
(396, 84258895, 251, '5', '', '3', '', '', '0000-00-00'),
(397, 89636611, 251, '5', '', '2', '', '', '0000-00-00'),
(398, 65391, 251, '5', '', '6', '', '', '0000-00-00'),
(399, 80195931, 251, '5', '', '7', '', '', '0000-00-00'),
(400, 2147483647, 317, '1', '', '', '', '', '0000-00-00'),
(401, 13824693, 317, '2', 'Padre carlos velez', '', '2397516', '', '0000-00-00'),
(402, 30786422, 317, '3', '', '', '', '', '0000-00-00'),
(403, 8703834, 317, '5', '', '3', '', '', '0000-00-00'),
(404, 50408529, 317, '5', '', '2', '', '', '0000-00-00'),
(405, 7904827, 317, '5', '', '6', '', '', '0000-00-00'),
(406, 69411528, 317, '5', '', '7', '', '', '0000-00-00'),
(407, 321004293, 336, '1', 'Sonia Arevalo', '', '7232860', '', '0000-00-00'),
(408, 5247072, 336, '2', '', '', '', '', '0000-00-00'),
(409, 58081374, 336, '3', '', '', '', '', '0000-00-00'),
(410, 36046257, 336, '5', '', '3', '', '', '0000-00-00'),
(411, 4021116, 336, '5', '', '2', '', '', '0000-00-00'),
(412, 13971495, 336, '5', '', '6', '', '', '0000-00-00'),
(413, 719841, 336, '5', '', '7', '', '', '0000-00-00'),
(414, 2147483647, 128, '1', 'William paez', '', '3167449290', '', '2018-02-27'),
(415, 42358475, 128, '2', '', '', '', '', '0000-00-00'),
(416, 788831, 128, '3', '', '', '', '', '0000-00-00'),
(417, 7182025, 128, '5', '', '3', '', '', '0000-00-00'),
(418, 7630841, 128, '5', '', '2', '', '', '0000-00-00'),
(419, 6352675, 128, '5', '', '6', '', '', '0000-00-00'),
(420, 73170476, 128, '5', '', '7', '', '', '0000-00-00'),
(421, 993963162, 337, '1', '', '', '', '', '0000-00-00'),
(422, 9201500, 337, '2', 'Luz Marina Camelo', '', '', '', '0000-00-00'),
(423, 9065409, 337, '3', '', '', '', '', '0000-00-00'),
(424, 6132011, 337, '5', '', '3', '', '', '0000-00-00'),
(425, 95485003, 337, '5', '', '2', '', '', '0000-00-00'),
(426, 93229, 337, '5', '', '6', '', '', '0000-00-00'),
(427, 2856446, 337, '5', '', '7', '', '', '0000-00-00'),
(428, 2147483647, 321, '1', '', '', '', '', '0000-00-00'),
(429, 470708, 321, '2', 'Ines Marquez', '', '3206077325', '', '2018-12-12'),
(430, 5284082, 321, '3', 'Carlos Cortes', '', '', '', '0000-00-00'),
(431, 57142483, 321, '5', '', '3', '', '', '0000-00-00'),
(432, 25737590, 321, '5', '', '2', '', '', '0000-00-00'),
(433, 58633403, 321, '5', '', '6', '', '', '0000-00-00'),
(434, 9010723, 321, '5', '', '7', '', '', '0000-00-00'),
(435, 2147483647, 338, '1', '', '', '', '', '0000-00-00'),
(436, 7659733, 338, '2', 'Ruth Genes', '', '', '', '0000-00-00'),
(437, 4820028, 338, '3', '', '', '', '', '0000-00-00'),
(438, 7242802, 338, '5', '', '3', '', '', '0000-00-00'),
(439, 25396151, 338, '5', '', '2', '', '', '0000-00-00'),
(440, 60029142, 338, '5', '', '6', '', '', '0000-00-00'),
(441, 96284343, 338, '5', '', '7', '', '', '0000-00-00'),
(442, 66251404, 108, '1', '', '', '', '', '0000-00-00'),
(443, 14465043, 108, '2', 'Gilma Vargas Ibañez', '', '', '', '0000-00-00'),
(444, 2443194, 108, '3', 'Adriana Diaz', '', '3106074551', '', '0000-00-00'),
(445, 82714670, 108, '5', '', '3', '3106074551', '', '0000-00-00'),
(446, 59451292, 108, '5', '', '2', '', '', '0000-00-00'),
(447, 517010, 108, '5', '', '6', '', '', '0000-00-00'),
(448, 14345182, 108, '5', '', '7', '', '', '0000-00-00'),
(449, 373940578, 339, '1', 'Alexander Caceres', '', '', '', '0000-00-00'),
(450, 8279129, 339, '2', '', '', '', '', '0000-00-00'),
(451, 80807828, 339, '3', '', '', '', '', '0000-00-00'),
(452, 756019, 339, '5', '', '3', '', '', '0000-00-00'),
(453, 75860336, 339, '5', '', '2', '', '', '0000-00-00'),
(454, 5945338, 339, '5', '', '6', '', '', '0000-00-00'),
(455, 2688857, 339, '5', '', '7', '', '', '0000-00-00'),
(456, 2147483647, 140, '1', '', '', '', '', '0000-00-00'),
(457, 889079, 140, '2', 'Nelson Cardenas', '', '', 'clara.contreras@etb.com.co', '0000-00-00'),
(458, 27167871, 140, '3', '', '', '', '', '0000-00-00'),
(459, 66209, 140, '5', '', '3', '3209489124', '', '0000-00-00'),
(460, 6504212, 140, '5', '', '2', '', '', '0000-00-00'),
(461, 9187859, 140, '5', '', '6', '', '', '0000-00-00'),
(462, 4630297, 140, '5', '', '7', '', '', '0000-00-00'),
(463, 14740528, 340, '1', 'Albenio Bolivar', '', '', '', '0000-00-00'),
(464, 45715444, 340, '2', 'Fernando Villamil', '', '', '', '0000-00-00'),
(465, 578073, 340, '3', 'Martha Urquina', '', '', '', '0000-00-00'),
(466, 7245554, 340, '5', '', '3', '', '', '0000-00-00'),
(467, 483598, 340, '5', '', '2', '', '', '0000-00-00'),
(468, 26879102, 340, '5', '', '6', '', '', '0000-00-00'),
(469, 7906416, 340, '5', '', '7', '', '', '0000-00-00'),
(470, 2147483647, 341, '1', '', '', '', '', '0000-00-00'),
(471, 64492750, 341, '2', 'Holman Castro', '', '', '', '0000-00-00'),
(472, 8932590, 341, '3', '', '', '', '', '0000-00-00'),
(473, 3534318, 341, '5', '', '3', '', '', '0000-00-00'),
(474, 2348742, 341, '5', '', '2', '', '', '0000-00-00'),
(475, 8135, 341, '5', '', '6', '', '', '0000-00-00'),
(476, 2033326, 341, '5', '', '7', '', '', '0000-00-00'),
(477, 132558812, 342, '1', '', '', '', '', '0000-00-00'),
(478, 6880501, 342, '2', 'Ruth Poveda ', '', '', '', '0000-00-00'),
(479, 67564907, 342, '3', '', '', '', '', '0000-00-00'),
(480, 81676779, 342, '5', '', '3', '', '', '0000-00-00'),
(481, 81259264, 342, '5', '', '2', '', '', '0000-00-00'),
(482, 3231246, 342, '5', '', '6', '', '', '0000-00-00'),
(483, 8811672, 342, '5', '', '7', '', '', '0000-00-00'),
(484, 2147483647, 84, '1', '', '', '', '', '0000-00-00'),
(485, 49625275, 84, '2', '', '', '', '', '0000-00-00'),
(486, 8312630, 84, '3', '', '', '', '', '0000-00-00'),
(487, 93698982, 84, '5', '', '3', '', '', '0000-00-00'),
(488, 60819951, 84, '5', '', '2', '', '', '0000-00-00'),
(489, 603948, 84, '5', '', '6', '', '', '0000-00-00'),
(490, 1583019, 84, '5', '', '7', '', '', '0000-00-00'),
(491, 217115604, 343, '1', 'Gilma Herrera', '', '', '', '0000-00-00'),
(492, 1424605, 343, '2', '', '', '', '', '0000-00-00'),
(493, 98691813, 343, '3', '', '', '', '', '0000-00-00'),
(494, 9120235, 343, '5', '', '3', '', '', '0000-00-00'),
(495, 33092012, 343, '5', '', '2', '', '', '0000-00-00'),
(496, 22528465, 343, '5', '', '6', '', '', '0000-00-00'),
(497, 1228347, 343, '5', '', '7', '', '', '0000-00-00'),
(498, 2147483647, 344, '1', '', '', '', '', '0000-00-00'),
(499, 613836, 344, '2', 'Hermana Ana Teresa Quintero', '', '', '', '0000-00-00'),
(500, 79212807, 344, '3', 'Flor alba Beltran', '', '', '', '0000-00-00'),
(501, 5016475, 344, '5', '', '3', '', '', '0000-00-00'),
(502, 69259, 344, '5', '', '2', '', '', '0000-00-00'),
(503, 1083920, 344, '5', '', '6', '', '', '0000-00-00'),
(504, 748944, 344, '5', '', '7', '', '', '0000-00-00'),
(505, 2147483647, 345, '1', '', '', '', '', '0000-00-00'),
(506, 6807708, 345, '2', 'Beatriz Arango', '', '', '', '0000-00-00'),
(507, 6912765, 345, '3', '', '', '', '', '0000-00-00'),
(508, 50849417, 345, '5', '', '3', '', '', '0000-00-00'),
(509, 97113578, 345, '5', '', '2', '', '', '0000-00-00'),
(510, 15374240, 345, '5', '', '6', '', '', '0000-00-00'),
(511, 591465, 345, '5', '', '7', '', '', '0000-00-00'),
(512, 2737287, 139, '1', 'Ifalia Varela De Lara', '', '', '', '0000-00-00'),
(513, 3240351, 139, '2', '', '', '', '', '0000-00-00'),
(514, 9597015, 139, '3', 'Cecilia Castro Gaona', '', '3154567809', '', '0000-00-00'),
(515, 16915816, 139, '5', '', '3', '', '', '0000-00-00'),
(516, 88830591, 139, '5', '', '2', '', '', '0000-00-00'),
(517, 6208673, 139, '5', '', '6', '', '', '0000-00-00'),
(518, 55034085, 139, '5', '', '7', '', '', '0000-00-00'),
(519, 584374897, 346, '1', 'Maria Hilda Pineda', '', '', '', '0000-00-00'),
(520, 227660, 346, '2', '', '', '', '', '0000-00-00'),
(521, 95242599, 346, '3', '', '', '', '', '0000-00-00'),
(522, 3860422, 346, '5', '', '3', '', '', '0000-00-00'),
(523, 78675336, 346, '5', '', '2', '', '', '0000-00-00'),
(524, 49599086, 346, '5', '', '6', '', '', '0000-00-00'),
(525, 40053736, 346, '5', '', '7', '', '', '0000-00-00'),
(526, 828397753, 319, '1', '', '', '', '', '0000-00-00'),
(527, 15293980, 319, '2', 'Nestor Salcedo', '', '7606267', 'vicerector/cpsc45@hotmail.com', '2018-09-12'),
(528, 64029277, 319, '3', '', '', '', '', '0000-00-00'),
(529, 6619188, 319, '5', '', '3', '', '', '0000-00-00'),
(530, 9368898, 319, '5', '', '2', '', '', '0000-00-00'),
(531, 10647332, 319, '5', '', '6', '', '', '0000-00-00'),
(532, 6134208, 319, '5', '', '7', '', '', '0000-00-00'),
(533, 2033341108, 347, '1', '', '', '', '', '0000-00-00'),
(534, 4875489, 347, '2', 'Lorena Suarez', '', '', '', '0000-00-00'),
(535, 6477872, 347, '3', 'Katerine Suarez', '', '3162712161', '', '0000-00-00'),
(536, 528916, 347, '5', '', '3', '', '', '0000-00-00'),
(537, 49450312, 347, '5', '', '2', '', '', '0000-00-00'),
(538, 8634420, 347, '5', '', '6', '', '', '0000-00-00'),
(539, 3660318, 347, '5', '', '7', '', '', '0000-00-00'),
(540, 2147483647, 302, '1', '', '', '', '', '0000-00-00'),
(541, 21684929, 302, '2', 'Hermana rosalba', '', '3166233163', '', '0000-00-00'),
(542, 8214798, 302, '3', 'Fabio  parra', '', '3107978376', '', '0000-00-00'),
(543, 8099445, 302, '5', '', '3', '', '', '0000-00-00'),
(544, 16979910, 302, '5', '', '2', '', '', '0000-00-00'),
(545, 662480, 302, '5', '', '6', '', '', '0000-00-00'),
(546, 935946, 302, '5', '', '7', '', '', '0000-00-00'),
(547, 2147483647, 348, '1', 'Nidia Vargas', '', '', '', '0000-00-00'),
(548, 9635689, 348, '2', '', '', '', '', '0000-00-00'),
(549, 6464089, 348, '3', '', '', '', '', '0000-00-00'),
(550, 59854, 348, '5', '', '3', '', '', '0000-00-00'),
(551, 255297, 348, '5', '', '2', '', '', '0000-00-00'),
(552, 39083759, 348, '5', '', '6', '', '', '0000-00-00'),
(553, 93957, 348, '5', '', '7', '', '', '0000-00-00'),
(554, 3029852, 320, '1', '', '', '', '', '0000-00-00'),
(555, 9384801, 320, '2', 'Pablo Angelino Florez', '', '2797365', '', '0000-00-00'),
(556, 38544776, 320, '3', '', '', '', '', '0000-00-00'),
(557, 10557485, 320, '5', '', '3', '', '', '0000-00-00'),
(558, 58322410, 320, '5', '', '2', '', '', '0000-00-00'),
(559, 69237320, 320, '5', '', '6', '', '', '0000-00-00'),
(560, 7223983, 320, '5', '', '7', '', '', '0000-00-00'),
(561, 75994251, 350, '1', 'Wilson Manuel Contreras', '', '', '', '0000-00-00'),
(562, 8146951, 350, '2', '', '', '', '', '0000-00-00'),
(563, 7331459, 350, '3', '', '', '', '', '0000-00-00'),
(564, 73962817, 350, '5', '', '3', '', '', '0000-00-00'),
(565, 61492909, 350, '5', '', '2', '', '', '0000-00-00'),
(566, 2390806, 350, '5', '', '6', '', '', '0000-00-00'),
(567, 15509, 350, '5', '', '7', '', '', '0000-00-00'),
(568, 1663379872, 349, '1', '', '', '', '', '0000-00-00'),
(569, 68046858, 349, '2', 'Madre Maria Elena Peña', '', '', '', '0000-00-00'),
(570, 63558462, 349, '3', 'Jimena Bulla', '', '', '', '0000-00-00'),
(571, 402983, 349, '5', 'Rocio Alarcon', '3', '', '', '0000-00-00'),
(572, 3091642, 349, '5', 'Olga Garzon', '2', '', '', '0000-00-00'),
(573, 11368833, 349, '5', 'Nubia Hurtado', '6', '', '', '0000-00-00'),
(574, 777194, 349, '5', '', '7', '', '', '0000-00-00'),
(575, 461078390, 316, '1', 'Hermanas Carmelitas', '', '3004493405', '', '0000-00-00'),
(576, 85439, 316, '2', 'Hermana Purificación Perez ', '', '', '', '0000-00-00'),
(577, 1525481, 316, '3', 'Luz Angela Abella', '', '3152203815', '', '0000-00-00'),
(578, 3959930, 316, '5', '', '3', '3133882904', '', '0000-00-00'),
(579, 2664353, 316, '5', '', '2', '', '', '0000-00-00'),
(580, 924121, 316, '5', '', '6', '', '', '0000-00-00'),
(581, 3527997, 316, '5', '', '7', '', '', '0000-00-00'),
(582, 507797267, 351, '1', 'Marcela Bautista', '', '', '', '0000-00-00'),
(583, 5573291, 351, '2', '', '', '', '', '0000-00-00'),
(584, 6622231, 351, '3', '', '', '', '', '0000-00-00'),
(585, 80210606, 351, '5', '', '3', '', '', '0000-00-00'),
(586, 66327996, 351, '5', '', '2', '', '', '0000-00-00'),
(587, 3225460, 351, '5', '', '6', '', '', '0000-00-00'),
(588, 68079176, 351, '5', '', '7', '', '', '0000-00-00'),
(589, 2147483647, 352, '1', '', '', '', '', '0000-00-00'),
(590, 3552718, 352, '2', 'Martha Patricia Urzula', '', '', '', '0000-00-00'),
(591, 346491, 352, '3', '', '', '', '', '0000-00-00'),
(592, 16633299, 352, '5', '', '3', '', '', '0000-00-00'),
(593, 5124517, 352, '5', '', '2', '', '', '0000-00-00'),
(594, 96846819, 352, '5', '', '6', '', '', '0000-00-00'),
(595, 17196197, 352, '5', '', '7', '', '', '0000-00-00'),
(596, 749236284, 159, '1', 'Hermana Maria Montaña', '', '', '', '0000-00-00'),
(597, 96795225, 159, '2', 'sonia', '', '', '', '0000-00-00'),
(598, 10611, 159, '3', 'Abel Alfonso ', '', '3118535932', '', '0000-00-00'),
(599, 4711259, 159, '5', '', '3', '', '', '0000-00-00'),
(600, 2618784, 159, '5', '', '2', '', '', '0000-00-00'),
(601, 36278417, 159, '5', '', '6', '', '', '0000-00-00'),
(602, 2268169, 159, '5', '', '7', '', '', '0000-00-00'),
(603, 529614323, 353, '1', 'Flor Alba Ramirez', '', '', '', '0000-00-00'),
(604, 2329074, 353, '2', '', '', '', '', '0000-00-00'),
(605, 2650185, 353, '3', '', '', '', '', '0000-00-00'),
(606, 72918850, 353, '5', '', '3', '', '', '0000-00-00'),
(607, 50921, 353, '5', '', '2', '', '', '0000-00-00'),
(608, 322194, 353, '5', '', '6', '', '', '0000-00-00'),
(609, 9490125, 353, '5', '', '7', '', '', '0000-00-00'),
(610, 205060807, 354, '1', '', '', '', '', '0000-00-00'),
(611, 81781092, 354, '2', 'Hermana Martha Cecilia Pontes Restrepo', '', '', '', '0000-00-00'),
(612, 9010902, 354, '3', 'Jose Manuel Torres', '', '', '', '0000-00-00'),
(613, 68272467, 354, '5', 'Olga Mendivel', '3', '', '', '0000-00-00'),
(614, 2150468, 354, '5', 'Jarol Usgame', '2', '', '', '0000-00-00'),
(615, 4244168, 354, '5', '', '6', '', '', '0000-00-00'),
(616, 599388, 354, '5', '', '7', '', '', '0000-00-00'),
(617, 2147483647, 355, '1', 'Amparo Benavides ', '', '', '', '0000-00-00'),
(618, 7368241, 355, '2', '', '', '', '', '0000-00-00'),
(619, 15687747, 355, '3', '', '', '', '', '0000-00-00'),
(620, 30006673, 355, '5', '', '3', '', '', '0000-00-00'),
(621, 7466602, 355, '5', '', '2', '', '', '0000-00-00'),
(622, 85098908, 355, '5', '', '6', '', '', '0000-00-00'),
(623, 34400862, 355, '5', '', '7', '', '', '0000-00-00'),
(624, 42770461, 356, '1', '', '', '', '', '0000-00-00'),
(625, 22245013, 356, '2', '', '', '', '', '0000-00-00'),
(626, 83597887, 356, '3', '', '', '', '', '0000-00-00'),
(627, 6939725, 356, '5', 'Dannia Milena Amador Acosta', '3', '', '', '0000-00-00'),
(628, 31425026, 356, '5', 'Liliana Conrrado', '2', '', '', '0000-00-00'),
(629, 1405370, 356, '5', 'Liseth Flores', '6', '', '', '0000-00-00'),
(630, 21889434, 356, '5', '', '7', '', '', '0000-00-00'),
(631, 499611012, 358, '1', '', '', '', '', '0000-00-00'),
(632, 587223, 358, '2', '', '', '', '', '0000-00-00'),
(633, 83803832, 358, '3', '', '', '', '', '0000-00-00'),
(634, 17511800, 358, '5', '', '3', '', '', '0000-00-00'),
(635, 758393, 358, '5', '', '2', '', '', '0000-00-00'),
(636, 45964091, 358, '5', '', '6', '', '', '0000-00-00'),
(637, 2542262, 358, '5', '', '7', '', '', '0000-00-00'),
(638, 18484341, 359, '1', '', '', '', '', '0000-00-00'),
(639, 71566313, 359, '2', 'Apolinar Mendoza', '', '', '', '0000-00-00'),
(640, 2089, 359, '3', 'Amanda Medina', '', '', '', '0000-00-00'),
(641, 18472536, 359, '5', 'Jorge Luis Rodriguez', '3', '', '', '0000-00-00'),
(642, 2654595, 359, '5', 'Giovanny Gonzalez', '2', '', '', '0000-00-00'),
(643, 9064177, 359, '5', '', '6', '', '', '0000-00-00'),
(644, 68958628, 359, '5', '', '7', '', '', '0000-00-00'),
(645, 70070342, 357, '1', 'JORGE MEDINA', '', '', '', '0000-00-00'),
(646, 94292948, 357, '2', '', '', '', '', '0000-00-00'),
(647, 6958550, 357, '3', '', '', '', '', '0000-00-00'),
(648, 52636215, 357, '5', '', '3', '', '', '0000-00-00'),
(649, 17330528, 357, '5', '', '2', '', '', '0000-00-00'),
(650, 93501870, 357, '5', '', '6', '', '', '0000-00-00'),
(651, 3439792, 357, '5', '', '7', '', '', '0000-00-00'),
(652, 934355850, 357, '1', 'JORGE MEDINA', '', '', '', '0000-00-00'),
(653, 70496110, 357, '2', '', '', '', '', '0000-00-00'),
(654, 1760002, 357, '3', '', '', '', '', '0000-00-00'),
(655, 97979602, 357, '5', '', '3', '', '', '0000-00-00'),
(656, 93658643, 357, '5', '', '2', '', '', '0000-00-00'),
(657, 58108197, 357, '5', '', '6', '', '', '0000-00-00'),
(658, 152421, 357, '5', '', '7', '', '', '0000-00-00'),
(659, 59549713, 361, '1', 'Adriana Puentes', '', '', '', '0000-00-00'),
(660, 24191254, 361, '2', '', '', '', '', '0000-00-00'),
(661, 6115879, 361, '3', '', '', '', '', '0000-00-00'),
(662, 8532269, 361, '5', '', '3', '', '', '0000-00-00'),
(663, 1206218, 361, '5', '', '2', '', '', '0000-00-00'),
(664, 52554093, 361, '5', '', '6', '', '', '0000-00-00'),
(665, 40496073, 361, '5', '', '7', '', '', '0000-00-00'),
(666, 2147483647, 360, '1', '', '', '', '', '0000-00-00'),
(667, 812210, 360, '2', 'Sonia Camacho', '', '', '', '0000-00-00'),
(668, 15444001, 360, '3', 'Gustavo Camacho', '', '', '', '0000-00-00'),
(669, 7338462, 360, '5', '', '3', '', '', '0000-00-00'),
(670, 30471948, 360, '5', '', '2', '', '', '0000-00-00'),
(671, 96994895, 360, '5', '', '6', '', '', '0000-00-00'),
(672, 1195756, 360, '5', '', '7', '', '', '0000-00-00'),
(673, 584719069, 362, '1', '', '', '', '', '0000-00-00'),
(674, 7552853, 362, '2', 'Julio Quintero', '', '', '', '0000-00-00'),
(675, 1163582, 362, '3', 'Alex Ardila', '', '3117452785', '', '0000-00-00'),
(676, 54493, 362, '5', 'Viviana Moreno', '3', '3143440782', '', '0000-00-00'),
(677, 4319999, 362, '5', 'Viviana Moreno', '2', '3212858491', '', '0000-00-00'),
(678, 433689, 362, '5', '', '6', '', '', '0000-00-00'),
(679, 837716, 362, '5', '', '7', '', '', '0000-00-00'),
(680, 91434172, 363, '1', '', '', '', '', '0000-00-00'),
(681, 591755, 363, '2', 'Ruth Genes', '', '', '', '0000-00-00'),
(682, 2063899, 363, '3', 'Daniel Arenas', '', '3112345678', '', '0000-00-00'),
(683, 560081, 363, '5', '', '3', '3115013665', '', '0000-00-00'),
(684, 28468081, 363, '5', '', '2', '', '', '0000-00-00'),
(685, 77237689, 363, '5', '', '6', '', '', '0000-00-00'),
(686, 5387545, 363, '5', '', '7', '', '', '0000-00-00'),
(687, 338669244, 364, '1', '', '', '', '', '0000-00-00'),
(688, 866067, 364, '2', 'Hna. Maria Del Carmen', '', '', '', '0000-00-00'),
(689, 45296014, 364, '3', '', '', '', '', '0000-00-00'),
(690, 470362, 364, '5', '', '3', '', '', '0000-00-00'),
(691, 17822, 364, '5', '', '2', '', '', '0000-00-00'),
(692, 876722, 364, '5', '', '6', '', '', '0000-00-00'),
(693, 638183, 364, '5', '', '7', '', '', '0000-00-00'),
(694, 805033697, 67, '1', '', '', '', '', '0000-00-00'),
(695, 63493404, 67, '2', 'directora@ositodemiel.edu.co', '', '', '', '0000-00-00'),
(696, 3056014, 67, '3', '', '', '', '', '0000-00-00'),
(697, 81587176, 67, '5', '', '3', '', '', '0000-00-00'),
(698, 5687526, 67, '5', '', '2', '', '', '0000-00-00'),
(699, 86309131, 67, '5', '', '6', '', '', '0000-00-00'),
(700, 7698094, 67, '5', '', '7', '', '', '0000-00-00'),
(701, 594057996, 366, '1', 'Jacqueline Gonzalez', '', '', '', '0000-00-00'),
(702, 488509, 366, '2', '', '', '', '', '0000-00-00'),
(703, 27793565, 366, '3', '', '', '', '', '0000-00-00'),
(704, 11308881, 366, '5', '', '3', '', '', '0000-00-00'),
(705, 6175052, 366, '5', '', '2', '', '', '0000-00-00'),
(706, 10193065, 366, '5', '', '6', '', '', '0000-00-00'),
(707, 61396836, 366, '5', '', '7', '', '', '0000-00-00'),
(708, 2147483647, 365, '1', '', '', '', '', '0000-00-00'),
(709, 3873906, 365, '2', 'Sor Bertha Vivas Mejia', '', '', '', '0000-00-00'),
(710, 9307887, 365, '3', 'Aneie Mallerly Manrique', '', '3630315', '', '0000-00-00'),
(711, 82452015, 365, '5', '', '3', '', '', '0000-00-00'),
(712, 72297720, 365, '5', '', '2', '', '', '0000-00-00'),
(713, 4821876, 365, '5', '', '6', '', '', '0000-00-00'),
(714, 89545202, 365, '5', '', '7', '', '', '0000-00-00'),
(715, 21760161, 369, '1', 'Erika Castañeda', '', '', '', '0000-00-00'),
(716, 15922617, 369, '2', 'Erika Castañeda', '', '', '', '0000-00-00'),
(717, 54979428, 369, '3', '', '', '', '', '0000-00-00'),
(718, 47884074, 369, '5', '', '3', '', '', '0000-00-00'),
(719, 52242843, 369, '5', '', '2', '', '', '0000-00-00'),
(720, 22437491, 369, '5', '', '6', '', '', '0000-00-00'),
(721, 86860933, 369, '5', '', '7', '', '', '0000-00-00'),
(722, 50895271, 368, '1', 'Hugo Arturo Beltran', '', '2692710', 'colegiohb@hotmail.com', '0000-00-00'),
(723, 5899003, 368, '2', 'Hugo Arturo Beltran', '', '', '', '0000-00-00'),
(724, 16707353, 368, '3', 'Nelly Beltran', '', '', '', '0000-00-00'),
(725, 93644, 368, '5', '', '3', '', '', '0000-00-00'),
(726, 1890413, 368, '5', '', '2', '', '', '0000-00-00'),
(727, 191728, 368, '5', '', '6', '', '', '0000-00-00'),
(728, 58739, 368, '5', '', '7', '', '', '0000-00-00'),
(729, 2147483647, 367, '1', '', '', '', '', '0000-00-00'),
(730, 62165235, 367, '2', 'Padre Guillermo', '', '', '', '0000-00-00'),
(731, 1053702, 367, '3', 'Jhuliana Canal', '', '3102366887', 'jhulianacanal@virreysolis.edu.co', '0000-00-00'),
(732, 9028425, 367, '5', '', '3', '', '', '0000-00-00'),
(733, 18113598, 367, '5', '', '2', '', '', '0000-00-00'),
(734, 7021561, 367, '5', '', '6', '', '', '0000-00-00'),
(735, 40408316, 367, '5', '', '7', '', '', '0000-00-00'),
(736, 549791418, 370, '1', 'Stella Buitrago', '', '', '', '0000-00-00'),
(737, 48642506, 370, '2', '', '', '', '', '0000-00-00'),
(738, 700308, 370, '3', '', '', '', '', '0000-00-00'),
(739, 673775, 370, '5', '', '3', '', '', '0000-00-00'),
(740, 236389, 370, '5', '', '2', '', '', '0000-00-00'),
(741, 311772, 370, '5', '', '6', '', '', '0000-00-00'),
(742, 9521492, 370, '5', '', '7', '', '', '0000-00-00'),
(743, 824006406, 371, '1', 'Magdalena Garzon', '', '', '', '0000-00-00'),
(744, 2627130, 371, '2', '', '', '', '', '0000-00-00'),
(745, 543925, 371, '3', '', '', '', '', '0000-00-00'),
(746, 77324034, 371, '5', '', '3', '', '', '0000-00-00'),
(747, 32286137, 371, '5', '', '2', '', '', '0000-00-00'),
(748, 64264458, 371, '5', '', '6', '', '', '0000-00-00'),
(749, 87691597, 371, '5', '', '7', '', '', '0000-00-00'),
(750, 2147483647, 372, '1', '', '', '', '', '0000-00-00'),
(751, 475279, 372, '2', 'Maria Helena Martamayo', '', '', '', '0000-00-00'),
(752, 9132373, 372, '3', 'Natalia Brand', '', '', '', '0000-00-00'),
(753, 81127044, 372, '5', 'Claudia Guerrero', '3', '', '', '0000-00-00'),
(754, 5972281, 372, '5', 'Gustavo Albarracin', '2', '', '', '0000-00-00'),
(755, 1667285, 372, '5', 'Luis Parrado', '6', '3004838388', '', '0000-00-00'),
(756, 8810437, 372, '5', '', '7', '', '', '0000-00-00'),
(757, 888102451, 374, '1', 'Carlos Saldarriaga', '', '', '', '0000-00-00'),
(758, 7451941, 374, '2', 'Carlos Saldarriaga', '', '', '', '0000-00-00'),
(759, 3744719, 374, '3', '', '', '', '', '0000-00-00'),
(760, 59462129, 374, '5', '', '3', '', '', '0000-00-00'),
(761, 25460, 374, '5', '', '2', '', '', '0000-00-00'),
(762, 33833, 374, '5', '', '6', '', '', '0000-00-00'),
(763, 636634, 374, '5', '', '7', '', '', '0000-00-00'),
(764, 388800930, 375, '1', '', '', '', '', '0000-00-00'),
(765, 112490, 375, '2', 'Camilo Andres Bohorquez', '', '', '', '0000-00-00'),
(766, 56852, 375, '3', '', '', '', '', '0000-00-00'),
(767, 48759026, 375, '5', '', '3', '', '', '0000-00-00'),
(768, 61443323, 375, '5', '', '2', '', '', '0000-00-00'),
(769, 42546336, 375, '5', '', '6', '', '', '0000-00-00'),
(770, 1178491, 375, '5', '', '7', '', '', '0000-00-00'),
(771, 92950414, 377, '1', '', '', '', '', '0000-00-00'),
(772, 77987352, 377, '2', 'Eulalia Corredor Ayala', '', '5608157', '', '0000-00-00'),
(773, 9092529, 377, '3', 'Fanny Campos', '', '', '', '0000-00-00'),
(774, 9606789, 377, '5', '', '3', '', '', '0000-00-00'),
(775, 6847882, 377, '5', '', '2', '', '', '0000-00-00'),
(776, 3509837, 377, '5', '', '6', '', '', '0000-00-00'),
(777, 524702, 377, '5', '', '7', '', '', '0000-00-00'),
(778, 23749979, 376, '1', '', '', '', '', '0000-00-00'),
(779, 4727010, 376, '2', 'Hector Suarez', '', '', '', '0000-00-00'),
(780, 9282471, 376, '3', '', '', '', '', '0000-00-00'),
(781, 12198314, 376, '5', '', '3', '', '', '0000-00-00'),
(782, 614711, 376, '5', '', '2', '', '', '0000-00-00'),
(783, 7113118, 376, '5', '', '6', '', '', '0000-00-00'),
(784, 38078588, 376, '5', '', '7', '', '', '0000-00-00'),
(785, 197840179, 378, '1', 'Virginia Acosta', '', '', '', '0000-00-00'),
(786, 51769, 378, '2', 'Virginia Acosta ', '', '', '', '0000-00-00'),
(787, 3578377, 378, '3', 'Diana Ortiz', '', '3103489066', 'diana.ortiz@colegiolasalette.edu.co', '0000-00-00'),
(788, 1622206, 378, '5', '', '3', '', '', '0000-00-00'),
(789, 92509203, 378, '5', '', '2', '', '', '0000-00-00'),
(790, 39086989, 378, '5', '', '6', '', '', '0000-00-00'),
(791, 335505, 378, '5', '', '7', '', '', '0000-00-00'),
(792, 4055065, 379, '1', 'Gustavo Aldana', '', '', '', '0000-00-00'),
(793, 23944061, 379, '2', 'Lorena Aldana', '', '', '', '0000-00-00'),
(794, 1151914, 379, '3', 'Ruth Vilma Rodriguez', '', '', '', '0000-00-00'),
(795, 3085784, 379, '5', '', '3', '', '', '0000-00-00'),
(796, 69453405, 379, '5', '', '2', '', '', '0000-00-00'),
(797, 7780637, 379, '5', '', '6', '', '', '0000-00-00'),
(798, 35716648, 379, '5', '', '7', '', '', '0000-00-00'),
(799, 513682739, 380, '1', '', '', '', '', '0000-00-00'),
(800, 91308155, 380, '2', 'Elvia Piracon', '', '2062102', '', '0000-00-00'),
(801, 1337513, 380, '3', 'Ana Elvira Piracon', '', '', '', '0000-00-00'),
(802, 2265063, 380, '5', '', '3', '', '', '0000-00-00'),
(803, 5245392, 380, '5', '', '2', '', '', '0000-00-00'),
(804, 31542, 380, '5', '', '6', '', '', '0000-00-00'),
(805, 77817018, 380, '5', '', '7', '', '', '0000-00-00'),
(806, 9424197, 381, '1', '', '', '', '', '0000-00-00'),
(807, 3461933, 381, '2', 'Carlos Julio Ruiz', '', '', '', '0000-00-00'),
(808, 7914664, 381, '3', 'Xiomara Ruiz', '', '', '', '0000-00-00'),
(809, 64445429, 381, '5', '', '3', '', '', '0000-00-00'),
(810, 6126010, 381, '5', '', '2', '', '', '0000-00-00'),
(811, 15512841, 381, '5', '', '6', '', '', '0000-00-00'),
(812, 31167791, 381, '5', '', '7', '', '', '0000-00-00'),
(813, 228735297, 382, '1', '', '', '', '', '0000-00-00'),
(814, 2675976, 382, '2', 'Luz Marina Cruz Moreno', '', '', '', '0000-00-00'),
(815, 9191124, 382, '3', 'William Fernando Herrera', '', '', '', '0000-00-00'),
(816, 90722939, 382, '5', '', '3', '', '', '0000-00-00'),
(817, 43184946, 382, '5', '', '2', '', '', '0000-00-00'),
(818, 90237884, 382, '5', '', '6', '', '', '0000-00-00'),
(819, 86396414, 382, '5', '', '7', '', '', '0000-00-00'),
(820, 397087942, 383, '1', '', '', '', '', '0000-00-00'),
(821, 472664, 383, '2', 'Monica Agudelo', '', '', '', '0000-00-00'),
(822, 565745, 383, '3', 'John Jairo Suarez', '', '', '', '0000-00-00'),
(823, 387252, 383, '5', '', '3', '', '', '0000-00-00'),
(824, 2895808, 383, '5', '', '2', '', '', '0000-00-00'),
(825, 39854293, 383, '5', '', '6', '', '', '0000-00-00'),
(826, 73836129, 383, '5', '', '7', '', '', '0000-00-00'),
(827, 514215434, 384, '1', '', '', '', '', '0000-00-00'),
(828, 64257141, 384, '2', 'Jose Vicente Munevar', '', '', '', '0000-00-00'),
(829, 40829882, 384, '3', 'Salvador Cardenas', '', '', '', '0000-00-00'),
(830, 4119334, 384, '5', 'Nydia Arled Garzon', '3', '', 'tatianaceballos@funcol.edu.co', '0000-00-00'),
(831, 35588712, 384, '5', 'Nydia Arled Garzon', '2', '', 'nydiagarzon@funcol.edu.co', '0000-00-00'),
(832, 3763067, 384, '5', '', '6', '', '', '0000-00-00'),
(833, 9387583, 384, '5', '', '7', '', '', '0000-00-00');
INSERT INTO `trabajadores_colegios` (`id`, `codigo`, `id_colegio`, `cargo`, `nombre`, `area`, `telefono`, `email`, `cumpleaños`) VALUES
(834, 676521389, 386, '1', 'Martha Consuelo Gonzalez', '', '3016243025', '', '2018-09-06'),
(835, 7048700, 386, '2', 'Martha Consuelo Gonzalez', '', '', '', '0000-00-00'),
(836, 7620827, 386, '3', '', '', '', '', '0000-00-00'),
(837, 64437032, 386, '5', '', '3', '', '', '0000-00-00'),
(838, 5745036, 386, '5', '', '2', '', '', '0000-00-00'),
(839, 97663449, 386, '5', '', '6', '', '', '0000-00-00'),
(840, 6982037, 386, '5', 'Alejandra Campos', '7', '3156841156', '', '0000-00-00'),
(841, 41658401, 387, '1', '', '', '', '', '0000-00-00'),
(842, 1255568, 387, '2', 'Padre Uriel Silva', '', '', '', '0000-00-00'),
(843, 26843096, 387, '3', 'Nancy  Contreras', '', '3118106843', '', '0000-00-00'),
(844, 5070009, 387, '5', '', '3', '', '', '0000-00-00'),
(845, 527989, 387, '5', '', '2', '', '', '0000-00-00'),
(846, 253825, 387, '5', '', '6', '', '', '0000-00-00'),
(847, 20958707, 387, '5', '', '7', '', '', '0000-00-00'),
(848, 2147483647, 388, '1', '', '', '', '', '0000-00-00'),
(849, 64868422, 388, '2', '', '', '', '', '0000-00-00'),
(850, 52927465, 388, '3', '', '', '', '', '0000-00-00'),
(851, 58554101, 388, '5', '', '3', '', '', '0000-00-00'),
(852, 97811536, 388, '5', '', '2', '', '', '0000-00-00'),
(853, 853278, 388, '5', '', '6', '', '', '0000-00-00'),
(854, 3400753, 388, '5', '', '7', '', '', '0000-00-00'),
(855, 30809453, 385, '1', '', '', '', '', '0000-00-00'),
(856, 28487, 385, '2', 'Clara Ines Sanchez', '', '', '', '0000-00-00'),
(857, 6677617, 385, '3', '', '', '', '', '0000-00-00'),
(858, 69047224, 385, '5', '', '3', '', '', '0000-00-00'),
(859, 2147165, 385, '5', '', '2', '', '', '0000-00-00'),
(860, 2382416, 385, '5', '', '6', '', '', '0000-00-00'),
(861, 91551, 385, '5', '', '7', '', '', '0000-00-00'),
(862, 34734261, 389, '1', '', '', '', '', '0000-00-00'),
(863, 3625424, 389, '2', '', '', '', '', '0000-00-00'),
(864, 62166355, 389, '3', '', '', '', '', '0000-00-00'),
(865, 25228, 389, '5', '', '3', '', '', '0000-00-00'),
(866, 85100191, 389, '5', '', '2', '', '', '0000-00-00'),
(867, 7601536, 389, '5', '', '6', '', '', '0000-00-00'),
(868, 63116655, 389, '5', '', '7', '', '', '0000-00-00'),
(869, 2147483647, 394, '1', '', '', '', '', '0000-00-00'),
(870, 21763864, 394, '2', 'padre Pablo Beltran', '', '8423025', '', '0000-00-00'),
(871, 23448502, 394, '3', '', '', '', '', '0000-00-00'),
(872, 5428602, 394, '5', 'Angelica Gomez', '3', '', '', '0000-00-00'),
(873, 6362314, 394, '5', 'Angelica Gomez', '2', '3192641762', '', '0000-00-00'),
(874, 48074406, 394, '5', '', '6', '', '', '0000-00-00'),
(875, 73947861, 394, '5', '', '7', '', '', '0000-00-00'),
(876, 2147483647, 396, '1', 'Janeth Rodriguez', '', '', '', '0000-00-00'),
(877, 1398738, 396, '2', 'Janeth Rodriguez', '', '', '', '0000-00-00'),
(878, 10648839, 396, '3', 'Aide Fresnoa', '', '', '', '0000-00-00'),
(879, 5120774, 396, '5', '', '3', '', '', '0000-00-00'),
(880, 50467097, 396, '5', '', '2', '', '', '0000-00-00'),
(881, 1748970, 396, '5', '', '6', '', '', '0000-00-00'),
(882, 92269442, 396, '5', '', '7', '', '', '0000-00-00'),
(883, 2147483647, 403, '1', 'Martha Ruiz', '', '3204628147', '', '2018-10-10'),
(884, 8767860, 403, '2', 'Martha Ruiz', '', '', '', '0000-00-00'),
(885, 58142020, 403, '3', '', '', '', '', '0000-00-00'),
(886, 30674008, 403, '5', 'Angelica Ramirez', '3', '', '', '0000-00-00'),
(887, 16441, 403, '5', 'Angelica Ramirez', '2', '3007814171', '', '0000-00-00'),
(888, 676654, 403, '5', '', '6', '', '', '0000-00-00'),
(889, 25844926, 403, '5', '', '7', '', '', '0000-00-00'),
(890, 18087763, 404, '1', '', '', '', '', '0000-00-00'),
(891, 8413263, 404, '2', 'Alexis Valencia Muñoz', '', '', '', '0000-00-00'),
(892, 94195754, 404, '3', 'Martha Niño', '', 'Ext. 133', '', '0000-00-00'),
(893, 86437343, 404, '5', 'Johanna Cuellar', '3', '', 'johanna.cuellar@dalzon.edu.co', '0000-00-00'),
(894, 2299616, 404, '5', 'John Fredy Agnear', '2', '', '', '0000-00-00'),
(895, 9152030, 404, '5', 'Soraida Santillana', '6', '', '', '0000-00-00'),
(896, 34770107, 404, '5', 'Lilibeth Alvarado', '7', '', '', '0000-00-00'),
(897, 18673599, 406, '1', '', '', '', '', '0000-00-00'),
(898, 9406170, 406, '2', '', '', '', '', '0000-00-00'),
(899, 134819, 406, '3', '', '', '', '', '0000-00-00'),
(900, 9091157, 406, '5', '', '3', '', '', '0000-00-00'),
(901, 7767934, 406, '5', '', '2', '', '', '0000-00-00'),
(902, 12263942, 406, '5', '', '6', '', '', '0000-00-00'),
(903, 9442150, 406, '5', '', '7', '', '', '0000-00-00'),
(904, 2147483647, 409, '1', '', '', '', '', '0000-00-00'),
(905, 287391, 409, '2', 'Gloria Nieto', '', '', 'colegioipag@gmail.com', '0000-00-00'),
(906, 642723, 409, '3', 'Adriana Cerrano', '', '', '', '0000-00-00'),
(907, 47869592, 409, '5', '', '3', '', '', '0000-00-00'),
(908, 3152622, 409, '5', '', '2', '', '', '0000-00-00'),
(909, 5491672, 409, '5', '', '6', '', '', '0000-00-00'),
(910, 126394, 409, '5', '', '7', '', '', '0000-00-00'),
(911, 41630810, 410, '1', '', '', '', '', '0000-00-00'),
(912, 13491474, 410, '2', 'Gregorio Suarez', '', '', '', '0000-00-00'),
(913, 82461478, 410, '3', 'Maria Eliza Perez', '', '', 'colreinacoordinacion@yahoo.es', '0000-00-00'),
(914, 108117, 410, '5', 'Magnolia Incapie', '3', '', '', '0000-00-00'),
(915, 3440230, 410, '5', 'Omar Rodriguez', '2', '', '', '0000-00-00'),
(916, 46840387, 410, '5', '', '6', '', '', '0000-00-00'),
(917, 41254814, 410, '5', '', '7', '', '', '0000-00-00'),
(918, 2147483647, 411, '1', '', '', '', '', '0000-00-00'),
(919, 2566689, 411, '2', 'Pilar Mendez', '', '', 'colinglarealcampestre@hotmail.com', '0000-00-00'),
(920, 14817830, 411, '3', '', '', '', '', '0000-00-00'),
(921, 19620229, 411, '5', '', '3', '', '', '0000-00-00'),
(922, 48716348, 411, '5', '', '2', '', '', '0000-00-00'),
(923, 38293064, 411, '5', '', '6', '', '', '0000-00-00'),
(924, 2348077, 411, '5', '', '7', '', '', '0000-00-00'),
(925, 39705018, 412, '1', '', '', '', '', '0000-00-00'),
(926, 82393136, 412, '2', 'Constanza Rueda', '', '', '', '0000-00-00'),
(927, 31601182, 412, '3', '', '', '', '', '0000-00-00'),
(928, 6481000, 412, '5', '', '3', '', '', '0000-00-00'),
(929, 5944936, 412, '5', '', '2', '', '', '0000-00-00'),
(930, 53373626, 412, '5', '', '6', '', '', '0000-00-00'),
(931, 68568183, 412, '5', '', '7', '', '', '0000-00-00'),
(932, 13624491, 413, '1', '', '', '', '', '0000-00-00'),
(933, 67803787, 413, '2', 'Sor Olga Lucia Castro', '', '', '', '0000-00-00'),
(934, 2379407, 413, '3', 'Martha Yoleiva Munar', '', 'Ext. 108', '', '0000-00-00'),
(935, 76179261, 413, '5', 'Alix Cokee', '3', '', '', '0000-00-00'),
(936, 77195, 413, '5', 'Maria Nicol Romero', '2', '', '', '0000-00-00'),
(937, 5738344, 413, '5', '', '6', '', '', '0000-00-00'),
(938, 24007963, 413, '5', 'Jimmy Buitrago', '7', '', '', '0000-00-00'),
(939, 589084991, 415, '1', 'Adriana gomez', '', '3212984249', 'gomez34@yahoo.es', '2018-07-18'),
(940, 85520011, 415, '2', '', '', '', '', '0000-00-00'),
(941, 55222027, 415, '3', '', '', '', '', '0000-00-00'),
(942, 98417994, 415, '5', '', '3', '', '', '0000-00-00'),
(943, 86873580, 415, '5', '', '2', '', '', '0000-00-00'),
(944, 1190293, 415, '5', '', '6', '', '', '0000-00-00'),
(945, 60579637, 415, '5', '', '7', '', '', '0000-00-00'),
(946, 77219031, 417, '1', '', '', '', 'infi@colbuenco.edu.co', '0000-00-00'),
(947, 2657354, 417, '2', '', '', '', '', '0000-00-00'),
(948, 88104805, 417, '3', '', '', '', '', '0000-00-00'),
(949, 405665, 417, '5', '', '3', '', '', '0000-00-00'),
(950, 7586895, 417, '5', '', '2', '', '', '0000-00-00'),
(951, 93046382, 417, '5', '', '6', '', '', '0000-00-00'),
(952, 8135088, 417, '5', '', '7', '', '', '0000-00-00'),
(953, 7369072, 418, '1', 'Yadira bermudez', '', '3003384804', '', '2018-09-20'),
(954, 39648628, 418, '2', '', '', '', '', '0000-00-00'),
(955, 99572095, 418, '3', '', '', '', '', '0000-00-00'),
(956, 81346961, 418, '5', '', '3', '', '', '0000-00-00'),
(957, 76061154, 418, '5', '', '2', '', '', '0000-00-00'),
(958, 90765923, 418, '5', '', '6', '', '', '0000-00-00'),
(959, 67985721, 418, '5', '', '7', '', '', '0000-00-00'),
(960, 762482938, 420, '1', '', '', '', '', '0000-00-00'),
(961, 44493035, 420, '2', 'Padre Omar Sanchez', '', '3118533185', '', '2018-11-07'),
(962, 143406, 420, '3', '', '', '', '', '0000-00-00'),
(963, 74718573, 420, '5', 'Lucia Perez', '3', '', '', '0000-00-00'),
(964, 6089241, 420, '5', 'Lucia Perez', '2', '3132723720', '', '0000-00-00'),
(965, 58086114, 420, '5', '', '6', '', '', '0000-00-00'),
(966, 15753249, 420, '5', '', '7', '', '', '0000-00-00'),
(967, 2147483647, 419, '1', 'Hulda Marina Becerra', '', '', '', '0000-00-00'),
(968, 58993802, 419, '2', 'Hulda Marina Becerra', '', '', '', '0000-00-00'),
(969, 75471187, 419, '3', 'Ciro Alberto Sierra', '', '', '', '0000-00-00'),
(970, 7790931, 419, '5', '', '3', '', '', '0000-00-00'),
(971, 304619, 419, '5', '', '2', '', '', '0000-00-00'),
(972, 8783610, 419, '5', '', '6', '', '', '0000-00-00'),
(973, 555161, 419, '5', '', '7', '', '', '0000-00-00'),
(974, 417901444, 421, '1', '', '', '', '', '0000-00-00'),
(975, 86221024, 421, '2', 'Maritza Pulido', '', '3103299182', 'pulido68@hotmail.com', '2018-02-14'),
(976, 33927760, 421, '3', '', '', '', '', '0000-00-00'),
(977, 8897718, 421, '5', '', '3', '', '', '0000-00-00'),
(978, 3064307, 421, '5', '', '2', '', '', '0000-00-00'),
(979, 49157380, 421, '5', '', '6', '', '', '0000-00-00'),
(980, 551160, 421, '5', '', '7', '', '', '0000-00-00'),
(981, 848944581, 422, '1', '', '', '', '', '0000-00-00'),
(982, 2668794, 422, '2', 'Juan Jairo Laverde', '', '', '', '0000-00-00'),
(983, 30537418, 422, '3', 'Julio Pachon', '', '', '', '0000-00-00'),
(984, 8697261, 422, '5', '', '3', '', '', '0000-00-00'),
(985, 28562263, 422, '5', '', '2', '', '', '0000-00-00'),
(986, 76931674, 422, '5', '', '6', '', '', '0000-00-00'),
(987, 5165781, 422, '5', '', '7', '', '', '0000-00-00'),
(988, 566339183, 423, '1', '', '', '', '', '0000-00-00'),
(989, 56515142, 423, '2', 'Julia Elvira Torrez', '', '', '', '0000-00-00'),
(990, 50341058, 423, '3', 'Diana Vega', '', '3124447116', 'diamervega@hotmail.com', '0000-00-00'),
(991, 604549, 423, '5', '', '3', '', '', '0000-00-00'),
(992, 6870594, 423, '5', '', '2', '', '', '0000-00-00'),
(993, 3443867, 423, '5', '', '6', '', '', '0000-00-00'),
(994, 7877532, 423, '5', '', '7', '', '', '0000-00-00'),
(995, 166403487, 424, '1', '', '', '', '', '0000-00-00'),
(996, 8440490, 424, '2', '', '', '', '', '0000-00-00'),
(997, 2729750, 424, '3', 'Eduardo Perea', '', '', 'red.academica@colegiomariainmaculada.edu.co', '0000-00-00'),
(998, 6727881, 424, '5', '', '3', '', '', '0000-00-00'),
(999, 794753, 424, '5', '', '2', '', '', '0000-00-00'),
(1000, 3872151, 424, '5', '', '6', '', '', '0000-00-00'),
(1001, 67243728, 424, '5', '', '7', '', '', '0000-00-00'),
(1002, 868199308, 425, '1', '', '', '', '', '0000-00-00'),
(1003, 6705906, 425, '2', 'Maria Cristina Montoya de Robledo', '', '', 'rectoria@colegioclaracasas.edu.co', '0000-00-00'),
(1004, 40287498, 425, '3', 'Maria Isabel Montoya', '', '', 'secad@colegioclaracasas.edu.co', '0000-00-00'),
(1005, 209648, 425, '5', 'Maria Elvira Montoya', '3', '', '', '0000-00-00'),
(1006, 6269285, 425, '5', 'Monica Mariño', '2', '', '', '0000-00-00'),
(1007, 97065458, 425, '5', 'Maria Angelica Samper', '6', '', '', '0000-00-00'),
(1008, 3750026, 425, '5', '', '7', '', '', '0000-00-00'),
(1009, 2147483647, 426, '1', '', '', '', '', '0000-00-00'),
(1010, 582126, 426, '2', 'Sor Miriam Rubio', '', '', '', '0000-00-00'),
(1011, 57788993, 426, '3', 'Pilar Pachon', '', '', 'info@stellamatutina.edu.co', '0000-00-00'),
(1012, 44443858, 426, '5', 'Alba Lozano', '3', '', '', '0000-00-00'),
(1013, 3118305, 426, '5', 'Doris Ortiz', '2', '', '', '0000-00-00'),
(1014, 20140394, 426, '5', '', '6', '', '', '0000-00-00'),
(1015, 563997, 426, '5', 'Ingrid Fortacha', '7', '', '', '0000-00-00'),
(1016, 626935245, 427, '1', '', '', '', '', '0000-00-00'),
(1017, 43991985, 427, '2', 'Manuel Samper', '', '', '', '0000-00-00'),
(1018, 692898, 427, '3', 'Angela Jaramillo', '', '', 'contactenos@emiliovalenzuela.edu.co', '0000-00-00'),
(1019, 86748252, 427, '5', 'Libardo Chavarro', '3', '', '', '0000-00-00'),
(1020, 5547890, 427, '5', 'Libardo Chavarro', '2', '', '', '0000-00-00'),
(1021, 784443, 427, '5', 'Eduardo Rodriguez', '6', '', '', '0000-00-00'),
(1022, 2599266, 427, '5', '', '7', '', '', '0000-00-00'),
(1023, 2147483647, 430, '1', '', '', '', '', '0000-00-00'),
(1024, 64247528, 430, '2', 'Jaime Leal Gonzalez', '', '', '', '0000-00-00'),
(1025, 5049430, 430, '3', 'Poliana Otalora', '', 'Ext. 110', '', '0000-00-00'),
(1026, 3560084, 430, '5', 'Clara Orjuela', '3', '', '', '0000-00-00'),
(1027, 56444880, 430, '5', 'Sonia Sarmiento', '2', '', '', '0000-00-00'),
(1028, 19373433, 430, '5', '', '6', '', '', '0000-00-00'),
(1029, 81764057, 430, '5', 'Andrea Romero', '7', '', '', '0000-00-00'),
(1030, 973364070, 433, '1', '', '', '', '', '0000-00-00'),
(1031, 4827994, 433, '2', 'Hermana Claudia Escobar', '', '', '', '0000-00-00'),
(1032, 63532469, 433, '3', 'Francy Perdomo', '', '', '', '0000-00-00'),
(1033, 66070955, 433, '5', 'Maria Isabel Guarnizo', '3', '', '', '0000-00-00'),
(1034, 1746620, 433, '5', 'Gloria Rios', '2', '', '', '0000-00-00'),
(1035, 34613449, 433, '5', '', '6', '', '', '0000-00-00'),
(1036, 69172658, 433, '5', 'Olga Lucia Sanchez', '7', '', '', '0000-00-00'),
(1037, 2147483647, 434, '1', '', '', '', '', '0000-00-00'),
(1038, 8459057, 434, '2', 'Luz Marina Rincon', '', '', '', '0000-00-00'),
(1039, 38657, 434, '3', 'Ligia Rincon', '', '', '', '0000-00-00'),
(1040, 3695581, 434, '5', '', '3', '', '', '0000-00-00'),
(1041, 72291858, 434, '5', '', '2', '', '', '0000-00-00'),
(1042, 9897149, 434, '5', '', '6', '', '', '0000-00-00'),
(1043, 83488340, 434, '5', '', '7', '', '', '0000-00-00'),
(1044, 2147483647, 435, '1', '', '', '', '', '0000-00-00'),
(1045, 31235531, 435, '2', 'Manuel  J. Bernal Sanchez', '', '', '', '0000-00-00'),
(1046, 4673828, 435, '3', '', '', '', '', '0000-00-00'),
(1047, 530485, 435, '5', '', '3', '', '', '0000-00-00'),
(1048, 1693808, 435, '5', '', '2', '', '', '0000-00-00'),
(1049, 9342646, 435, '5', '', '6', '', '', '0000-00-00'),
(1050, 882756, 435, '5', '', '7', '', '', '0000-00-00');

-- --------------------------------------------------------

--
-- Estructura de tabla para la tabla `usuarios`
--

CREATE TABLE `usuarios` (
  `id` int(11) NOT NULL,
  `tipo` int(11) NOT NULL,
  `id_pais` int(11) NOT NULL,
  `cedula` varchar(12) COLLATE utf8_spanish_ci NOT NULL,
  `nombres` varchar(100) COLLATE utf8_spanish_ci NOT NULL,
  `apellidos` varchar(100) COLLATE utf8_spanish_ci NOT NULL,
  `telefono` varchar(12) COLLATE utf8_spanish_ci NOT NULL,
  `direccion` varchar(100) COLLATE utf8_spanish_ci NOT NULL,
  `correo` varchar(100) COLLATE utf8_spanish_ci NOT NULL,
  `clave` varchar(100) COLLATE utf8_spanish_ci NOT NULL,
  `cod_zona` varchar(10) COLLATE utf8_spanish_ci NOT NULL
) ENGINE=InnoDB DEFAULT CHARSET=utf8 COLLATE=utf8_spanish_ci;

--
-- Volcado de datos para la tabla `usuarios`
--

INSERT INTO `usuarios` (`id`, `tipo`, `id_pais`, `cedula`, `nombres`, `apellidos`, `telefono`, `direccion`, `correo`, `clave`, `cod_zona`) VALUES
(1, 1, 1, '12345678', 'pruebas', 'pruebas', '3115274827', '', 'oltoledo@hotmail.com', 'b7c65a9e08ddd8c4aa65a40c248fbd65', '12345678'),
(2, 3, 1, '', 'Ruben Dario\r\n', 'Cruz Perez', '', '', 'rcruz@eurekalibros.com.co', '000a769aa0d6c93ce5945066c1f7bef9', '12345678'),
(3, 3, 1, '', 'Andres Mauricio', 'Serna Moreno', '', '', 'aserna@eurekalibros.com.co', '629c348fbe0e98b143bb66c0656cee10', '87654321'),
(4, 3, 1, '', 'Gloria Patricia', 'Camacho Garzon', '', '', 'pcamacho@eurekalibros.com.co', 'd8353f308b2b1efd856e28e33018dd3a', '3463252'),
(5, 3, 1, '', 'Cecilia', 'Velazco Perez', '', '', 'cvelazco@eurekalibros.com.co', '1afe15ff5a2d126388ca47b36265f3f5', '83028202'),
(6, 3, 1, '', 'Wilson Eduardo', 'Peñaloza', '', '', 'wpenaloza@eurekalibros.com.co', 'bf5605a8ec2a9eeb24f7560abb6e56be', '02038200'),
(7, 3, 1, '', 'Julio Hernando', 'Benavides Cabrera', '', '', 'jbenavides@eurekalibros.com.co', '8c71478dbe0803e8c0e0847a63de8529', '03736282'),
(8, 3, 1, '', 'Yeimy Katherine', 'Montenegro Hernandez', '', '', 'ymontenegro@eurekalibros.com.co', '0419ee1c69e56a69fe7babd98d19155d', '4589030'),
(9, 3, 1, '', 'Alexander', 'Neira Conde', '', '', 'gerenciapyv@eurekalibros.com.co', '211da92144e736d24b8d87f6f1d49f8a', '72636282'),
(10, 3, 2, '12345678', 'panama', 'panama', '3115274827', '', 'panama@panama.com', 'a0420c052acb3a75b05456fabf9093dc', '12345678');

-- --------------------------------------------------------

--
-- Estructura de tabla para la tabla `visitas`
--

CREATE TABLE `visitas` (
  `id` int(11) NOT NULL,
  `id_periodo` int(11) NOT NULL,
  `id_plan_trabajo` int(11) NOT NULL,
  `observaciones` varchar(100) COLLATE utf8_spanish_ci NOT NULL,
  `cod_libro` varchar(10) COLLATE utf8_spanish_ci NOT NULL,
  `fecha` timestamp NOT NULL DEFAULT CURRENT_TIMESTAMP ON UPDATE CURRENT_TIMESTAMP,
  `latitud` varchar(100) COLLATE utf8_spanish_ci NOT NULL,
  `longitud` varchar(100) COLLATE utf8_spanish_ci NOT NULL
) ENGINE=InnoDB DEFAULT CHARSET=utf8 COLLATE=utf8_spanish_ci;

--
-- Volcado de datos para la tabla `visitas`
--

INSERT INTO `visitas` (`id`, `id_periodo`, `id_plan_trabajo`, `observaciones`, `cod_libro`, `fecha`, `latitud`, `longitud`) VALUES
(6, 1, 33, '', '', '2018-06-13 05:49:45', '4.7211435', '-74.1180558'),
(7, 1, 34, '', '3537131', '2018-06-13 05:52:31', '4.7211435', '-74.1180558'),
(8, 1, 35, 'Prueba datos geoloc', '', '2018-06-13 18:23:52', '4.7211181', '-74.1180505'),
(9, 1, 37, '', '81979960', '2018-06-13 22:27:32', '4.6267558', '-74.0743904'),
(10, 1, 42, 'Se habla con la coordinadora para el sostenimiento de la matemáticas inicial no han evaluado el text', '', '2018-06-18 14:51:20', '4.7294623', '-74.2646556'),
(11, 1, 43, 'No se encontraba el coordinador para dejarle el catalogo', '', '2018-06-18 15:12:13', '4.7294306', '-74.2589333'),
(12, 1, 44, 'Se hace el muestreo se queda en pasar después del receso para ver evaluación de los textos', '20066444', '2018-06-18 17:15:30', '4.7599863', '-74.1556347'),
(13, 1, 45, 'No se puede hacer muestreo el coordinador se le presenta un problema familiar ', '24580143', '2018-06-18 17:20:04', '4.7365588', '-74.1426693'),
(14, 1, 47, 'Se queda en llevar taller matemático para grados 8 9 10 y 11 para completar la serie en bto ', '', '2018-06-20 14:05:07', '4.5551035', '-74.1133893'),
(15, 1, 48, 'El rector no se encontraba en el colegio no cumplió la cita ya toca en tragar los textos después de ', '24380796', '2018-06-20 14:14:27', '4.5571747', '-74.1108281'),
(16, 1, 50, 'No me atendió la coordinadora manda a decir que la llame por la tarde para agendar la capacitación d', '', '2018-06-20 14:40:06', '4.58168', '-74.0856784'),
(17, 1, 51, 'La rectora comenta que va a evaluar el texto de taller matemático ya que por los problemas que prese', '', '2018-06-20 15:54:45', '4.622709', '-74.0695811'),
(18, 1, 52, 'Se les deja el catálogo de plan lector pasar después de las semana de receso ', '', '2018-06-20 21:02:20', '4.6117754', '-74.1630987'),
(19, 1, 53, 'se habla con la bibliotecaria para sacar cita con la jefe de área de español ella comenta que se har', '', '2018-06-21 16:00:37', '4.6267486', '-74.07439769999999'),
(20, 1, 54, 'bien', '', '2018-06-23 03:51:26', '4.7211604', '-74.1183443');

-- --------------------------------------------------------

--
-- Estructura de tabla para la tabla `zonas`
--

CREATE TABLE `zonas` (
  `id` int(11) NOT NULL,
  `codigo` varchar(8) COLLATE utf8_spanish_ci NOT NULL,
  `zona` varchar(100) COLLATE utf8_spanish_ci NOT NULL
) ENGINE=InnoDB DEFAULT CHARSET=utf8 COLLATE=utf8_spanish_ci;

--
-- Volcado de datos para la tabla `zonas`
--

INSERT INTO `zonas` (`id`, `codigo`, `zona`) VALUES
(1, '12345678', 'Oriente'),
(2, '87654321', 'Suroriente'),
(3, '3463252', 'Nororiente'),
(4, '03736282', 'Occidente'),
(5, '83028202', 'Noroccidente'),
(6, '02038200', 'Suroccidente'),
(7, '4589030', 'Pueblos'),
(8, '72636282', 'Gerencia');

--
-- Índices para tablas volcadas
--

--
-- Indices de la tabla `areas_objetivas`
--
ALTER TABLE `areas_objetivas`
  ADD PRIMARY KEY (`id`);

--
-- Indices de la tabla `cargos`
--
ALTER TABLE `cargos`
  ADD PRIMARY KEY (`id`);

--
-- Indices de la tabla `colegios`
--
ALTER TABLE `colegios`
  ADD PRIMARY KEY (`id`),
  ADD UNIQUE KEY `codigo` (`codigo`);

--
-- Indices de la tabla `events`
--
ALTER TABLE `events`
  ADD PRIMARY KEY (`id`);

--
-- Indices de la tabla `grados`
--
ALTER TABLE `grados`
  ADD PRIMARY KEY (`id`);

--
-- Indices de la tabla `grados_materias`
--
ALTER TABLE `grados_materias`
  ADD PRIMARY KEY (`id`);

--
-- Indices de la tabla `grados_paralelos`
--
ALTER TABLE `grados_paralelos`
  ADD PRIMARY KEY (`id`);

--
-- Indices de la tabla `libros`
--
ALTER TABLE `libros`
  ADD PRIMARY KEY (`id`);

--
-- Indices de la tabla `materias`
--
ALTER TABLE `materias`
  ADD PRIMARY KEY (`id`);

--
-- Indices de la tabla `mercado_editorial`
--
ALTER TABLE `mercado_editorial`
  ADD PRIMARY KEY (`id`);

--
-- Indices de la tabla `mu_pre`
--
ALTER TABLE `mu_pre`
  ADD PRIMARY KEY (`id`);

--
-- Indices de la tabla `objetivos`
--
ALTER TABLE `objetivos`
  ADD PRIMARY KEY (`id`);

--
-- Indices de la tabla `paises`
--
ALTER TABLE `paises`
  ADD PRIMARY KEY (`id`);

--
-- Indices de la tabla `paralelos`
--
ALTER TABLE `paralelos`
  ADD PRIMARY KEY (`id`);

--
-- Indices de la tabla `periodos`
--
ALTER TABLE `periodos`
  ADD PRIMARY KEY (`id`);

--
-- Indices de la tabla `plan_trabajo`
--
ALTER TABLE `plan_trabajo`
  ADD PRIMARY KEY (`id`);

--
-- Indices de la tabla `tipos_libro`
--
ALTER TABLE `tipos_libro`
  ADD PRIMARY KEY (`id`);

--
-- Indices de la tabla `trabajadores_colegios`
--
ALTER TABLE `trabajadores_colegios`
  ADD PRIMARY KEY (`id`);

--
-- Indices de la tabla `usuarios`
--
ALTER TABLE `usuarios`
  ADD PRIMARY KEY (`id`);

--
-- Indices de la tabla `visitas`
--
ALTER TABLE `visitas`
  ADD PRIMARY KEY (`id`);

--
-- Indices de la tabla `zonas`
--
ALTER TABLE `zonas`
  ADD PRIMARY KEY (`id`);

--
-- AUTO_INCREMENT de las tablas volcadas
--

--
-- AUTO_INCREMENT de la tabla `areas_objetivas`
--
ALTER TABLE `areas_objetivas`
  MODIFY `id` int(11) NOT NULL AUTO_INCREMENT, AUTO_INCREMENT=40;
--
-- AUTO_INCREMENT de la tabla `cargos`
--
ALTER TABLE `cargos`
  MODIFY `id` int(11) NOT NULL AUTO_INCREMENT, AUTO_INCREMENT=7;
--
-- AUTO_INCREMENT de la tabla `colegios`
--
ALTER TABLE `colegios`
  MODIFY `id` int(11) NOT NULL AUTO_INCREMENT, AUTO_INCREMENT=438;
--
-- AUTO_INCREMENT de la tabla `events`
--
ALTER TABLE `events`
  MODIFY `id` int(11) NOT NULL AUTO_INCREMENT, AUTO_INCREMENT=14;
--
-- AUTO_INCREMENT de la tabla `grados`
--
ALTER TABLE `grados`
  MODIFY `id` int(11) NOT NULL AUTO_INCREMENT, AUTO_INCREMENT=17;
--
-- AUTO_INCREMENT de la tabla `grados_materias`
--
ALTER TABLE `grados_materias`
  MODIFY `id` int(11) NOT NULL AUTO_INCREMENT;
--
-- AUTO_INCREMENT de la tabla `grados_paralelos`
--
ALTER TABLE `grados_paralelos`
  MODIFY `id` int(11) NOT NULL AUTO_INCREMENT, AUTO_INCREMENT=4145;
--
-- AUTO_INCREMENT de la tabla `libros`
--
ALTER TABLE `libros`
  MODIFY `id` int(11) NOT NULL AUTO_INCREMENT, AUTO_INCREMENT=254;
--
-- AUTO_INCREMENT de la tabla `materias`
--
ALTER TABLE `materias`
  MODIFY `id` int(11) NOT NULL AUTO_INCREMENT, AUTO_INCREMENT=12;
--
-- AUTO_INCREMENT de la tabla `mercado_editorial`
--
ALTER TABLE `mercado_editorial`
  MODIFY `id` int(11) NOT NULL AUTO_INCREMENT, AUTO_INCREMENT=360;
--
-- AUTO_INCREMENT de la tabla `mu_pre`
--
ALTER TABLE `mu_pre`
  MODIFY `id` int(11) NOT NULL AUTO_INCREMENT, AUTO_INCREMENT=3;
--
-- AUTO_INCREMENT de la tabla `objetivos`
--
ALTER TABLE `objetivos`
  MODIFY `id` int(11) NOT NULL AUTO_INCREMENT, AUTO_INCREMENT=8;
--
-- AUTO_INCREMENT de la tabla `paises`
--
ALTER TABLE `paises`
  MODIFY `id` int(11) NOT NULL AUTO_INCREMENT, AUTO_INCREMENT=3;
--
-- AUTO_INCREMENT de la tabla `paralelos`
--
ALTER TABLE `paralelos`
  MODIFY `id` int(11) NOT NULL AUTO_INCREMENT;
--
-- AUTO_INCREMENT de la tabla `periodos`
--
ALTER TABLE `periodos`
  MODIFY `id` int(11) NOT NULL AUTO_INCREMENT, AUTO_INCREMENT=2;
--
-- AUTO_INCREMENT de la tabla `plan_trabajo`
--
ALTER TABLE `plan_trabajo`
  MODIFY `id` int(11) NOT NULL AUTO_INCREMENT, AUTO_INCREMENT=55;
--
-- AUTO_INCREMENT de la tabla `tipos_libro`
--
ALTER TABLE `tipos_libro`
  MODIFY `id` int(11) NOT NULL AUTO_INCREMENT, AUTO_INCREMENT=5;
--
-- AUTO_INCREMENT de la tabla `trabajadores_colegios`
--
ALTER TABLE `trabajadores_colegios`
  MODIFY `id` int(11) NOT NULL AUTO_INCREMENT, AUTO_INCREMENT=1051;
--
-- AUTO_INCREMENT de la tabla `usuarios`
--
ALTER TABLE `usuarios`
  MODIFY `id` int(11) NOT NULL AUTO_INCREMENT, AUTO_INCREMENT=11;
--
-- AUTO_INCREMENT de la tabla `visitas`
--
ALTER TABLE `visitas`
  MODIFY `id` int(11) NOT NULL AUTO_INCREMENT, AUTO_INCREMENT=21;
--
-- AUTO_INCREMENT de la tabla `zonas`
--
ALTER TABLE `zonas`
  MODIFY `id` int(11) NOT NULL AUTO_INCREMENT, AUTO_INCREMENT=9;
/*!40101 SET CHARACTER_SET_CLIENT=@OLD_CHARACTER_SET_CLIENT */;
/*!40101 SET CHARACTER_SET_RESULTS=@OLD_CHARACTER_SET_RESULTS */;
/*!40101 SET COLLATION_CONNECTION=@OLD_COLLATION_CONNECTION */;
